[28-Mar-2026 14:08:33 UTC] Automatic updates starting...
[28-Mar-2026 14:08:37 UTC] Automatic updates complete.
[28-Mar-2026 14:10:22 UTC] PHP Warning:  Undefined array key "docs_integration_test" in /var/www/html/wp-content/plugins/woocommerce-epayco-api/templates/admin/settings/settings.php on line 296
[28-Mar-2026 14:10:22 UTC] PHP Deprecated:  preg_replace(): Passing null to parameter #3 ($subject) of type array|string is deprecated in /var/www/html/wp-includes/kses.php on line 2018
[28-Mar-2026 14:11:22 UTC] PHP Warning:  Undefined array key "token" in /var/www/html/wp-content/plugins/woocommerce-epayco-api/src/Configs/Seller.php on line 303
[28-Mar-2026 14:11:51 UTC] PHP Warning:  Undefined array key "docs_integration_test" in /var/www/html/wp-content/plugins/woocommerce-epayco-api/templates/admin/settings/settings.php on line 296
[28-Mar-2026 14:11:51 UTC] PHP Deprecated:  preg_replace(): Passing null to parameter #3 ($subject) of type array|string is deprecated in /var/www/html/wp-includes/kses.php on line 2018
[28-Mar-2026 14:12:32 UTC] Respuesta inválida al obtener métodos de pago
[28-Mar-2026 14:12:32 UTC] Respuesta inválida al obtener métodos de pago
[28-Mar-2026 14:12:32 UTC] Respuesta inválida al obtener métodos de pago
[28-Mar-2026 14:12:32 UTC] Respuesta inválida al obtener métodos de pago
[28-Mar-2026 14:12:32 UTC] Respuesta inválida al obtener métodos de pago
[28-Mar-2026 14:12:33 UTC] Respuesta inválida al obtener métodos de pago
[28-Mar-2026 14:12:33 UTC] Error en la respuesta de la API de ePayco, código de estado: 503
[28-Mar-2026 14:12:33 UTC] Respuesta inválida al obtener métodos de pago
[28-Mar-2026 14:12:33 UTC] Respuesta inválida al obtener métodos de pago
[28-Mar-2026 14:12:41 UTC] Respuesta inválida al obtener métodos de pago
[28-Mar-2026 14:12:41 UTC] Respuesta inválida al obtener métodos de pago
[28-Mar-2026 14:12:42 UTC] Respuesta inválida al obtener métodos de pago
[28-Mar-2026 14:12:42 UTC] Respuesta inválida al obtener métodos de pago
[28-Mar-2026 14:12:42 UTC] Respuesta inválida al obtener métodos de pago
[28-Mar-2026 14:12:42 UTC] Respuesta inválida al obtener métodos de pago
[28-Mar-2026 14:12:43 UTC] Respuesta inválida al obtener métodos de pago
[28-Mar-2026 14:12:46 UTC] Respuesta inválida al obtener métodos de pago
[28-Mar-2026 14:12:47 UTC] Respuesta inválida al obtener métodos de pago
[28-Mar-2026 14:12:57 UTC] Respuesta inválida al obtener métodos de pago
[28-Mar-2026 14:12:58 UTC] Respuesta inválida al obtener métodos de pago
[28-Mar-2026 14:14:02 UTC] Respuesta inválida al obtener métodos de pago
[28-Mar-2026 14:14:03 UTC] Respuesta inválida al obtener métodos de pago
[28-Mar-2026 14:14:57 UTC] Respuesta inválida al obtener métodos de pago
[28-Mar-2026 14:14:58 UTC] Respuesta inválida al obtener métodos de pago
[28-Mar-2026 14:15:22 UTC] Respuesta inválida al obtener métodos de pago
[28-Mar-2026 14:15:22 UTC] Respuesta inválida al obtener métodos de pago
[28-Mar-2026 14:15:23 UTC] Respuesta inválida al obtener métodos de pago
[28-Mar-2026 14:15:23 UTC] Respuesta inválida al obtener métodos de pago
[28-Mar-2026 14:15:23 UTC] Respuesta inválida al obtener métodos de pago
[28-Mar-2026 14:15:24 UTC] Respuesta inválida al obtener métodos de pago
[28-Mar-2026 14:15:24 UTC] Respuesta inválida al obtener métodos de pago
[28-Mar-2026 14:15:24 UTC] Respuesta inválida al obtener métodos de pago
[28-Mar-2026 14:15:25 UTC] Respuesta inválida al obtener métodos de pago
[28-Mar-2026 14:15:25 UTC] Respuesta inválida al obtener métodos de pago
[28-Mar-2026 14:15:26 UTC] Respuesta inválida al obtener métodos de pago
[28-Mar-2026 14:15:26 UTC] Respuesta inválida al obtener métodos de pago
[28-Mar-2026 14:15:26 UTC] Respuesta inválida al obtener métodos de pago
[28-Mar-2026 14:15:27 UTC] Respuesta inválida al obtener métodos de pago
[28-Mar-2026 14:15:27 UTC] Respuesta inválida al obtener métodos de pago
[28-Mar-2026 14:15:27 UTC] Respuesta inválida al obtener métodos de pago
[28-Mar-2026 14:15:28 UTC] Respuesta inválida al obtener métodos de pago
[28-Mar-2026 14:15:29 UTC] Respuesta inválida al obtener métodos de pago
[28-Mar-2026 14:15:30 UTC] Respuesta inválida al obtener métodos de pago
[28-Mar-2026 14:15:31 UTC] Respuesta inválida al obtener métodos de pago
[28-Mar-2026 14:15:31 UTC] Respuesta inválida al obtener métodos de pago
[28-Mar-2026 14:15:40 UTC] Respuesta inválida al obtener métodos de pago
[28-Mar-2026 14:15:40 UTC] Respuesta inválida al obtener métodos de pago
[28-Mar-2026 14:15:57 UTC] Respuesta inválida al obtener métodos de pago
[28-Mar-2026 14:15:58 UTC] Respuesta inválida al obtener métodos de pago
[28-Mar-2026 14:16:01 UTC] Respuesta inválida al obtener métodos de pago
[28-Mar-2026 14:16:02 UTC] Respuesta inválida al obtener métodos de pago
[28-Mar-2026 14:16:02 UTC] Respuesta inválida al obtener métodos de pago
[28-Mar-2026 14:16:03 UTC] Respuesta inválida al obtener métodos de pago
[28-Mar-2026 14:16:03 UTC] Respuesta inválida al obtener métodos de pago
[28-Mar-2026 14:16:03 UTC] Respuesta inválida al obtener métodos de pago
[28-Mar-2026 14:16:04 UTC] Respuesta inválida al obtener métodos de pago
[28-Mar-2026 14:16:08 UTC] Respuesta inválida al obtener métodos de pago
[28-Mar-2026 14:16:08 UTC] Respuesta inválida al obtener métodos de pago
[28-Mar-2026 14:16:09 UTC] Respuesta inválida al obtener métodos de pago
[28-Mar-2026 14:16:09 UTC] Respuesta inválida al obtener métodos de pago
[28-Mar-2026 14:16:09 UTC] Respuesta inválida al obtener métodos de pago
[28-Mar-2026 14:16:09 UTC] Respuesta inválida al obtener métodos de pago
[28-Mar-2026 14:16:09 UTC] Respuesta inválida al obtener métodos de pago
[28-Mar-2026 14:16:09 UTC] Respuesta inválida al obtener métodos de pago
[28-Mar-2026 14:16:09 UTC] Respuesta inválida al obtener métodos de pago
[28-Mar-2026 14:16:09 UTC] Respuesta inválida al obtener métodos de pago
[28-Mar-2026 14:16:09 UTC] Respuesta inválida al obtener métodos de pago
[28-Mar-2026 14:16:09 UTC] Respuesta inválida al obtener métodos de pago
[28-Mar-2026 14:16:09 UTC] Respuesta inválida al obtener métodos de pago
[28-Mar-2026 14:16:09 UTC] Respuesta inválida al obtener métodos de pago
[28-Mar-2026 14:16:09 UTC] Respuesta inválida al obtener métodos de pago
[28-Mar-2026 14:16:09 UTC] Respuesta inválida al obtener métodos de pago
[28-Mar-2026 14:16:15 UTC] Respuesta inválida al obtener métodos de pago
[28-Mar-2026 14:16:15 UTC] Respuesta inválida al obtener métodos de pago
[28-Mar-2026 14:16:16 UTC] Respuesta inválida al obtener métodos de pago
[28-Mar-2026 14:16:16 UTC] Respuesta inválida al obtener métodos de pago
[28-Mar-2026 14:16:16 UTC] Respuesta inválida al obtener métodos de pago
[28-Mar-2026 14:16:17 UTC] Respuesta inválida al obtener métodos de pago
[28-Mar-2026 14:16:17 UTC] Respuesta inválida al obtener métodos de pago
[28-Mar-2026 14:16:19 UTC] Respuesta inválida al obtener métodos de pago
[28-Mar-2026 14:16:19 UTC] Respuesta inválida al obtener métodos de pago
[28-Mar-2026 14:16:19 UTC] Respuesta inválida al obtener métodos de pago
[28-Mar-2026 14:16:20 UTC] Respuesta inválida al obtener métodos de pago
[28-Mar-2026 14:16:20 UTC] Respuesta inválida al obtener métodos de pago
[28-Mar-2026 14:16:20 UTC] Respuesta inválida al obtener métodos de pago
[28-Mar-2026 14:16:20 UTC] Respuesta inválida al obtener métodos de pago
[28-Mar-2026 14:16:20 UTC] Respuesta inválida al obtener métodos de pago
[28-Mar-2026 14:16:20 UTC] Respuesta inválida al obtener métodos de pago
[28-Mar-2026 14:16:20 UTC] Respuesta inválida al obtener métodos de pago
[28-Mar-2026 14:16:20 UTC] Respuesta inválida al obtener métodos de pago
[28-Mar-2026 14:16:20 UTC] Respuesta inválida al obtener métodos de pago
[28-Mar-2026 14:16:20 UTC] Respuesta inválida al obtener métodos de pago
[28-Mar-2026 14:16:20 UTC] Respuesta inválida al obtener métodos de pago
[28-Mar-2026 14:16:20 UTC] Respuesta inválida al obtener métodos de pago
[28-Mar-2026 14:16:20 UTC] Respuesta inválida al obtener métodos de pago
[28-Mar-2026 14:16:20 UTC] Respuesta inválida al obtener métodos de pago
[28-Mar-2026 14:16:20 UTC] Error en la respuesta de la API de ePayco, código de estado: 503
[28-Mar-2026 14:16:20 UTC] Respuesta inválida al obtener métodos de pago
[28-Mar-2026 14:16:21 UTC] Respuesta inválida al obtener métodos de pago
[28-Mar-2026 14:16:22 UTC] Respuesta inválida al obtener métodos de pago
[28-Mar-2026 14:16:22 UTC] Respuesta inválida al obtener métodos de pago
[28-Mar-2026 14:16:22 UTC] Respuesta inválida al obtener métodos de pago
[28-Mar-2026 14:16:23 UTC] Respuesta inválida al obtener métodos de pago
[28-Mar-2026 14:16:23 UTC] Respuesta inválida al obtener métodos de pago
[28-Mar-2026 14:16:23 UTC] Respuesta inválida al obtener métodos de pago
[28-Mar-2026 14:16:25 UTC] Respuesta inválida al obtener métodos de pago
[28-Mar-2026 14:16:25 UTC] Respuesta inválida al obtener métodos de pago
[28-Mar-2026 14:16:25 UTC] Respuesta inválida al obtener métodos de pago
[28-Mar-2026 14:16:25 UTC] Respuesta inválida al obtener métodos de pago
[28-Mar-2026 14:16:25 UTC] Respuesta inválida al obtener métodos de pago
[28-Mar-2026 14:16:25 UTC] Respuesta inválida al obtener métodos de pago
[28-Mar-2026 14:16:25 UTC] Respuesta inválida al obtener métodos de pago
[28-Mar-2026 14:16:25 UTC] Respuesta inválida al obtener métodos de pago
[28-Mar-2026 14:16:26 UTC] Respuesta inválida al obtener métodos de pago
[28-Mar-2026 14:16:26 UTC] Respuesta inválida al obtener métodos de pago
[28-Mar-2026 14:16:26 UTC] Respuesta inválida al obtener métodos de pago
[28-Mar-2026 14:16:26 UTC] Respuesta inválida al obtener métodos de pago
[28-Mar-2026 14:16:26 UTC] Respuesta inválida al obtener métodos de pago
[28-Mar-2026 14:16:26 UTC] Respuesta inválida al obtener métodos de pago
[28-Mar-2026 14:16:26 UTC] Respuesta inválida al obtener métodos de pago
[28-Mar-2026 14:16:26 UTC] Respuesta inválida al obtener métodos de pago
[28-Mar-2026 14:16:40 UTC] Respuesta inválida al obtener métodos de pago
[28-Mar-2026 14:16:40 UTC] Respuesta inválida al obtener métodos de pago
[28-Mar-2026 14:16:41 UTC] Respuesta inválida al obtener métodos de pago
[28-Mar-2026 14:16:42 UTC] Respuesta inválida al obtener métodos de pago
[28-Mar-2026 14:16:42 UTC] Respuesta inválida al obtener métodos de pago
[28-Mar-2026 14:16:42 UTC] Respuesta inválida al obtener métodos de pago
[28-Mar-2026 14:16:43 UTC] Respuesta inválida al obtener métodos de pago
[28-Mar-2026 14:16:43 UTC] Respuesta inválida al obtener métodos de pago
[28-Mar-2026 14:16:43 UTC] Respuesta inválida al obtener métodos de pago
[28-Mar-2026 14:16:45 UTC] Respuesta inválida al obtener métodos de pago
[28-Mar-2026 14:16:45 UTC] Respuesta inválida al obtener métodos de pago
[28-Mar-2026 14:16:45 UTC] Respuesta inválida al obtener métodos de pago
[28-Mar-2026 14:16:45 UTC] Respuesta inválida al obtener métodos de pago
[28-Mar-2026 14:16:45 UTC] Respuesta inválida al obtener métodos de pago
[28-Mar-2026 14:16:45 UTC] Respuesta inválida al obtener métodos de pago
[28-Mar-2026 14:16:45 UTC] Respuesta inválida al obtener métodos de pago
[28-Mar-2026 14:16:45 UTC] Respuesta inválida al obtener métodos de pago
[28-Mar-2026 14:16:45 UTC] Respuesta inválida al obtener métodos de pago
[28-Mar-2026 14:16:45 UTC] Respuesta inválida al obtener métodos de pago
[28-Mar-2026 14:16:45 UTC] Respuesta inválida al obtener métodos de pago
[28-Mar-2026 14:16:45 UTC] Respuesta inválida al obtener métodos de pago
[28-Mar-2026 14:16:45 UTC] Respuesta inválida al obtener métodos de pago
[28-Mar-2026 14:16:45 UTC] Respuesta inválida al obtener métodos de pago
[28-Mar-2026 14:16:45 UTC] Respuesta inválida al obtener métodos de pago
[28-Mar-2026 14:16:45 UTC] Respuesta inválida al obtener métodos de pago
[28-Mar-2026 14:16:59 UTC] Respuesta inválida al obtener métodos de pago
[28-Mar-2026 14:16:59 UTC] Respuesta inválida al obtener métodos de pago
[28-Mar-2026 14:17:00 UTC] Respuesta inválida al obtener métodos de pago
[28-Mar-2026 14:17:01 UTC] Respuesta inválida al obtener métodos de pago
[28-Mar-2026 14:17:22 UTC] Respuesta inválida al obtener métodos de pago
[28-Mar-2026 14:17:23 UTC] Respuesta inválida al obtener métodos de pago
[28-Mar-2026 14:17:24 UTC] Respuesta inválida al obtener métodos de pago
[28-Mar-2026 14:17:24 UTC] Respuesta inválida al obtener métodos de pago
[28-Mar-2026 14:17:25 UTC] Respuesta inválida al obtener métodos de pago
[28-Mar-2026 14:17:25 UTC] Respuesta inválida al obtener métodos de pago
[28-Mar-2026 14:17:25 UTC] Respuesta inválida al obtener métodos de pago
[28-Mar-2026 14:17:26 UTC] Respuesta inválida al obtener métodos de pago
[28-Mar-2026 14:17:26 UTC] Respuesta inválida al obtener métodos de pago
[28-Mar-2026 14:17:30 UTC] Respuesta inválida al obtener métodos de pago
[28-Mar-2026 14:17:30 UTC] Respuesta inválida al obtener métodos de pago
[28-Mar-2026 14:17:30 UTC] Respuesta inválida al obtener métodos de pago
[28-Mar-2026 14:17:30 UTC] Respuesta inválida al obtener métodos de pago
[28-Mar-2026 14:17:30 UTC] Respuesta inválida al obtener métodos de pago
[28-Mar-2026 14:17:30 UTC] Respuesta inválida al obtener métodos de pago
[28-Mar-2026 14:17:30 UTC] Respuesta inválida al obtener métodos de pago
[28-Mar-2026 14:17:30 UTC] Respuesta inválida al obtener métodos de pago
[28-Mar-2026 14:17:30 UTC] Respuesta inválida al obtener métodos de pago
[28-Mar-2026 14:17:30 UTC] Respuesta inválida al obtener métodos de pago
[28-Mar-2026 14:17:30 UTC] Respuesta inválida al obtener métodos de pago
[28-Mar-2026 14:17:30 UTC] Respuesta inválida al obtener métodos de pago
[28-Mar-2026 14:17:30 UTC] Respuesta inválida al obtener métodos de pago
[28-Mar-2026 14:17:30 UTC] Respuesta inválida al obtener métodos de pago
[28-Mar-2026 14:17:30 UTC] Respuesta inválida al obtener métodos de pago
[28-Mar-2026 14:17:30 UTC] Respuesta inválida al obtener métodos de pago
[28-Mar-2026 14:17:43 UTC] Respuesta inválida al obtener métodos de pago
[28-Mar-2026 14:17:43 UTC] Respuesta inválida al obtener métodos de pago
[28-Mar-2026 14:17:45 UTC] Respuesta inválida al obtener métodos de pago
[28-Mar-2026 14:17:45 UTC] Respuesta inválida al obtener métodos de pago
[28-Mar-2026 14:17:45 UTC] Respuesta inválida al obtener métodos de pago
[28-Mar-2026 14:17:46 UTC] Respuesta inválida al obtener métodos de pago
[28-Mar-2026 14:17:46 UTC] Respuesta inválida al obtener métodos de pago
[28-Mar-2026 14:17:47 UTC] Respuesta inválida al obtener métodos de pago
[28-Mar-2026 14:17:47 UTC] Respuesta inválida al obtener métodos de pago
[28-Mar-2026 14:17:48 UTC] Respuesta inválida al obtener métodos de pago
[28-Mar-2026 14:17:49 UTC] Respuesta inválida al obtener métodos de pago
[28-Mar-2026 14:17:49 UTC] Respuesta inválida al obtener métodos de pago
[28-Mar-2026 14:17:49 UTC] Respuesta inválida al obtener métodos de pago
[28-Mar-2026 14:17:49 UTC] Respuesta inválida al obtener métodos de pago
[28-Mar-2026 14:17:49 UTC] Respuesta inválida al obtener métodos de pago
[28-Mar-2026 14:17:49 UTC] Respuesta inválida al obtener métodos de pago
[28-Mar-2026 14:17:49 UTC] Respuesta inválida al obtener métodos de pago
[28-Mar-2026 14:17:49 UTC] Respuesta inválida al obtener métodos de pago
[28-Mar-2026 14:17:49 UTC] Respuesta inválida al obtener métodos de pago
[28-Mar-2026 14:17:49 UTC] Respuesta inválida al obtener métodos de pago
[28-Mar-2026 14:17:49 UTC] Respuesta inválida al obtener métodos de pago
[28-Mar-2026 14:17:49 UTC] Respuesta inválida al obtener métodos de pago
[28-Mar-2026 14:17:49 UTC] Respuesta inválida al obtener métodos de pago
[28-Mar-2026 14:17:49 UTC] Respuesta inválida al obtener métodos de pago
[28-Mar-2026 14:17:49 UTC] Respuesta inválida al obtener métodos de pago
[28-Mar-2026 14:17:50 UTC] Respuesta inválida al obtener métodos de pago
[28-Mar-2026 14:17:51 UTC] Respuesta inválida al obtener métodos de pago
[28-Mar-2026 14:17:51 UTC] Respuesta inválida al obtener métodos de pago
[28-Mar-2026 14:17:51 UTC] Respuesta inválida al obtener métodos de pago
[28-Mar-2026 14:17:52 UTC] Respuesta inválida al obtener métodos de pago
[28-Mar-2026 14:17:52 UTC] Respuesta inválida al obtener métodos de pago
[28-Mar-2026 14:17:52 UTC] Respuesta inválida al obtener métodos de pago
[28-Mar-2026 14:17:54 UTC] Respuesta inválida al obtener métodos de pago
[28-Mar-2026 14:17:54 UTC] Respuesta inválida al obtener métodos de pago
[28-Mar-2026 14:17:54 UTC] Respuesta inválida al obtener métodos de pago
[28-Mar-2026 14:17:54 UTC] Respuesta inválida al obtener métodos de pago
[28-Mar-2026 14:17:54 UTC] Respuesta inválida al obtener métodos de pago
[28-Mar-2026 14:17:54 UTC] Respuesta inválida al obtener métodos de pago
[28-Mar-2026 14:17:54 UTC] Respuesta inválida al obtener métodos de pago
[28-Mar-2026 14:17:54 UTC] Respuesta inválida al obtener métodos de pago
[28-Mar-2026 14:17:54 UTC] Respuesta inválida al obtener métodos de pago
[28-Mar-2026 14:17:54 UTC] Respuesta inválida al obtener métodos de pago
[28-Mar-2026 14:17:54 UTC] Respuesta inválida al obtener métodos de pago
[28-Mar-2026 14:17:54 UTC] Respuesta inválida al obtener métodos de pago
[28-Mar-2026 14:17:54 UTC] Respuesta inválida al obtener métodos de pago
[28-Mar-2026 14:17:54 UTC] Respuesta inválida al obtener métodos de pago
[28-Mar-2026 14:17:54 UTC] Respuesta inválida al obtener métodos de pago
[28-Mar-2026 14:17:54 UTC] Respuesta inválida al obtener métodos de pago
[28-Mar-2026 14:18:54 UTC] Respuesta inválida al obtener métodos de pago
[28-Mar-2026 14:18:54 UTC] Respuesta inválida al obtener métodos de pago
[28-Mar-2026 14:18:57 UTC] Respuesta inválida al obtener métodos de pago
[28-Mar-2026 14:19:00 UTC] Respuesta inválida al obtener métodos de pago
[28-Mar-2026 14:19:01 UTC] Respuesta inválida al obtener métodos de pago
[28-Mar-2026 14:19:01 UTC] PHP Fatal error:  Uncaught Error: Cannot use object of type stdClass as array in /var/www/html/wp-content/plugins/woocommerce-epayco-api/src/Hooks/Authentication.php:25
Stack trace:
#0 /var/www/html/wp-content/plugins/woocommerce-epayco-api/src/Gateways/AbstractGateway.php(223): Epayco\Woocommerce\Hooks\Authentication->Auth(true)
#1 /var/www/html/wp-content/plugins/woocommerce-epayco-api/src/Gateways/PseGateway.php(184): Epayco\Woocommerce\Gateways\AbstractGateway->registerCheckoutScripts()
#2 /var/www/html/wp-content/plugins/woocommerce-epayco-api/src/Gateways/PseGateway.php(173): Epayco\Woocommerce\Gateways\PseGateway->registerCheckoutScripts()
#3 /var/www/html/wp-content/plugins/woocommerce-epayco-api/src/Gateways/PseGateway.php(62): Epayco\Woocommerce\Gateways\PseGateway->payment_scripts('woo-epayco-pse')
#4 /var/www/html/wp-content/plugins/woocommerce/includes/class-wc-payment-gateways.php(101): Epayco\Woocommerce\Gateways\PseGateway->__construct()
#5 /var/www/html/wp-content/plugins/woocommerce/includes/class-wc-payment-gateways.php(77): WC_Payment_Gateways->init()
#6 /var/www/html/wp-content/plugins/woocommerce/includes/class-wc-payment-gateways.php(50): WC_Payment_Gateways->__construct()
#7 /var/www/html/wp-content/plugins/woocommerce/includes/class-woocommerce.php(1274): WC_Payment_Gateways::instance()
#8 /var/www/html/wp-content/plugins/woocommerce-epayco-api/src/Blocks/AbstractBlock.php(171): WooCommerce->payment_gateways()
#9 /var/www/html/wp-content/plugins/woocommerce-epayco-api/src/Blocks/AbstractBlock.php(46): Epayco\Woocommerce\Blocks\AbstractBlock->setGateway()
#10 /var/www/html/wp-content/plugins/woocommerce-epayco-api/src/Blocks/CheckoutBlock.php(21): Epayco\Woocommerce\Blocks\AbstractBlock->__construct()
#11 /var/www/html/wp-content/plugins/woocommerce-epayco-api/src/WoocommerceEpayco.php(199): Epayco\Woocommerce\Blocks\CheckoutBlock->__construct()
#12 /var/www/html/wp-includes/class-wp-hook.php(341): Epayco\Woocommerce\WoocommerceEpayco->Epayco\Woocommerce\{closure}(Object(Automattic\WooCommerce\Blocks\Payments\PaymentMethodRegistry))
#13 /var/www/html/wp-includes/class-wp-hook.php(365): WP_Hook->apply_filters('', Array)
#14 /var/www/html/wp-includes/plugin.php(522): WP_Hook->do_action(Array)
#15 /var/www/html/wp-content/plugins/woocommerce/src/Blocks/Integrations/IntegrationRegistry.php(50): do_action('woocommerce_blo...', Object(Automattic\WooCommerce\Blocks\Payments\PaymentMethodRegistry))
#16 /var/www/html/wp-includes/class-wp-hook.php(341): Automattic\WooCommerce\Blocks\Integrations\IntegrationRegistry->initialize('')
#17 /var/www/html/wp-includes/class-wp-hook.php(365): WP_Hook->apply_filters(NULL, Array)
#18 /var/www/html/wp-includes/plugin.php(522): WP_Hook->do_action(Array)
#19 /var/www/html/wp-settings.php(742): do_action('init')
#20 /var/www/html/wp-config.php(139): require_once('/var/www/html/w...')
#21 /var/www/html/wp-load.php(50): require_once('/var/www/html/w...')
#22 /var/www/html/wp-cron.php(46): require_once('/var/www/html/w...')
#23 {main}
  thrown in /var/www/html/wp-content/plugins/woocommerce-epayco-api/src/Hooks/Authentication.php on line 25
[28-Mar-2026 14:19:03 UTC] Respuesta inválida al obtener métodos de pago
[28-Mar-2026 14:19:03 UTC] Respuesta inválida al obtener métodos de pago
[28-Mar-2026 14:19:04 UTC] Respuesta inválida al obtener métodos de pago
[28-Mar-2026 14:19:04 UTC] Respuesta inválida al obtener métodos de pago
[28-Mar-2026 14:19:04 UTC] Respuesta inválida al obtener métodos de pago
[28-Mar-2026 14:19:05 UTC] Respuesta inválida al obtener métodos de pago
[28-Mar-2026 14:19:05 UTC] Respuesta inválida al obtener métodos de pago
[28-Mar-2026 14:19:05 UTC] Respuesta inválida al obtener métodos de pago
[28-Mar-2026 14:19:06 UTC] Respuesta inválida al obtener métodos de pago
[28-Mar-2026 14:19:06 UTC] Respuesta inválida al obtener métodos de pago
[28-Mar-2026 14:19:06 UTC] Respuesta inválida al obtener métodos de pago
[28-Mar-2026 14:19:06 UTC] Respuesta inválida al obtener métodos de pago
[28-Mar-2026 14:19:06 UTC] Respuesta inválida al obtener métodos de pago
[28-Mar-2026 14:19:06 UTC] Respuesta inválida al obtener métodos de pago
[28-Mar-2026 14:19:07 UTC] Respuesta inválida al obtener métodos de pago
[28-Mar-2026 14:19:07 UTC] Respuesta inválida al obtener métodos de pago
[28-Mar-2026 14:19:07 UTC] Respuesta inválida al obtener métodos de pago
[28-Mar-2026 14:19:07 UTC] Respuesta inválida al obtener métodos de pago
[28-Mar-2026 14:19:07 UTC] Respuesta inválida al obtener métodos de pago
[28-Mar-2026 14:19:08 UTC] Respuesta inválida al obtener métodos de pago
[28-Mar-2026 14:19:08 UTC] Respuesta inválida al obtener métodos de pago
[28-Mar-2026 14:19:08 UTC] Respuesta inválida al obtener métodos de pago
[28-Mar-2026 14:19:08 UTC] Respuesta inválida al obtener métodos de pago
[28-Mar-2026 14:19:09 UTC] Respuesta inválida al obtener métodos de pago
[28-Mar-2026 14:19:09 UTC] Respuesta inválida al obtener métodos de pago
[28-Mar-2026 14:19:09 UTC] Respuesta inválida al obtener métodos de pago
[28-Mar-2026 14:19:09 UTC] Respuesta inválida al obtener métodos de pago
[28-Mar-2026 14:19:09 UTC] Respuesta inválida al obtener métodos de pago
[28-Mar-2026 14:19:10 UTC] Respuesta inválida al obtener métodos de pago
[28-Mar-2026 14:19:10 UTC] Respuesta inválida al obtener métodos de pago
[28-Mar-2026 14:19:10 UTC] Respuesta inválida al obtener métodos de pago
[28-Mar-2026 14:19:10 UTC] Respuesta inválida al obtener métodos de pago
[28-Mar-2026 14:19:10 UTC] Respuesta inválida al obtener métodos de pago
[28-Mar-2026 14:19:10 UTC] Respuesta inválida al obtener métodos de pago
[28-Mar-2026 14:19:10 UTC] Respuesta inválida al obtener métodos de pago
[28-Mar-2026 14:19:10 UTC] Respuesta inválida al obtener métodos de pago
[28-Mar-2026 14:19:10 UTC] Respuesta inválida al obtener métodos de pago
[28-Mar-2026 14:19:10 UTC] Respuesta inválida al obtener métodos de pago
[28-Mar-2026 14:19:10 UTC] Respuesta inválida al obtener métodos de pago
[28-Mar-2026 14:19:10 UTC] Respuesta inválida al obtener métodos de pago
[28-Mar-2026 14:19:10 UTC] Respuesta inválida al obtener métodos de pago
[28-Mar-2026 14:19:10 UTC] Respuesta inválida al obtener métodos de pago
[28-Mar-2026 14:19:11 UTC] Respuesta inválida al obtener métodos de pago
[28-Mar-2026 14:19:12 UTC] Respuesta inválida al obtener métodos de pago
[28-Mar-2026 14:19:16 UTC] Respuesta inválida al obtener métodos de pago
[28-Mar-2026 14:19:17 UTC] Respuesta inválida al obtener métodos de pago
[28-Mar-2026 14:19:20 UTC] Respuesta inválida al obtener métodos de pago
[28-Mar-2026 14:19:20 UTC] Respuesta inválida al obtener métodos de pago
[28-Mar-2026 14:19:20 UTC] Respuesta inválida al obtener métodos de pago
[28-Mar-2026 14:19:21 UTC] Respuesta inválida al obtener métodos de pago
[28-Mar-2026 14:19:21 UTC] Respuesta inválida al obtener métodos de pago
[28-Mar-2026 14:19:22 UTC] Respuesta inválida al obtener métodos de pago
[28-Mar-2026 14:19:22 UTC] Respuesta inválida al obtener métodos de pago
[28-Mar-2026 14:19:23 UTC] Respuesta inválida al obtener métodos de pago
[28-Mar-2026 14:19:23 UTC] Respuesta inválida al obtener métodos de pago
[28-Mar-2026 14:19:24 UTC] Respuesta inválida al obtener métodos de pago
[28-Mar-2026 14:19:24 UTC] Respuesta inválida al obtener métodos de pago
[28-Mar-2026 14:19:24 UTC] Respuesta inválida al obtener métodos de pago
[28-Mar-2026 14:19:24 UTC] Respuesta inválida al obtener métodos de pago
[28-Mar-2026 14:19:24 UTC] Respuesta inválida al obtener métodos de pago
[28-Mar-2026 14:19:24 UTC] Respuesta inválida al obtener métodos de pago
[28-Mar-2026 14:19:24 UTC] Respuesta inválida al obtener métodos de pago
[28-Mar-2026 14:19:24 UTC] Respuesta inválida al obtener métodos de pago
[28-Mar-2026 14:19:24 UTC] Respuesta inválida al obtener métodos de pago
[28-Mar-2026 14:19:24 UTC] Respuesta inválida al obtener métodos de pago
[28-Mar-2026 14:19:24 UTC] Respuesta inválida al obtener métodos de pago
[28-Mar-2026 14:19:24 UTC] Respuesta inválida al obtener métodos de pago
[28-Mar-2026 14:19:24 UTC] Respuesta inválida al obtener métodos de pago
[28-Mar-2026 14:19:24 UTC] Respuesta inválida al obtener métodos de pago
[28-Mar-2026 14:19:27 UTC] Respuesta inválida al obtener métodos de pago
[28-Mar-2026 14:19:27 UTC] Respuesta inválida al obtener métodos de pago
[28-Mar-2026 14:19:28 UTC] Respuesta inválida al obtener métodos de pago
[28-Mar-2026 14:19:28 UTC] Respuesta inválida al obtener métodos de pago
[28-Mar-2026 14:19:29 UTC] Respuesta inválida al obtener métodos de pago
[28-Mar-2026 14:19:29 UTC] Respuesta inválida al obtener métodos de pago
[28-Mar-2026 14:19:29 UTC] Respuesta inválida al obtener métodos de pago
[28-Mar-2026 14:19:30 UTC] Respuesta inválida al obtener métodos de pago
[28-Mar-2026 14:19:31 UTC] Respuesta inválida al obtener métodos de pago
[28-Mar-2026 14:19:31 UTC] Respuesta inválida al obtener métodos de pago
[28-Mar-2026 14:19:31 UTC] Respuesta inválida al obtener métodos de pago
[28-Mar-2026 14:19:31 UTC] Respuesta inválida al obtener métodos de pago
[28-Mar-2026 14:19:31 UTC] Respuesta inválida al obtener métodos de pago
[28-Mar-2026 14:19:31 UTC] Respuesta inválida al obtener métodos de pago
[28-Mar-2026 14:19:31 UTC] Respuesta inválida al obtener métodos de pago
[28-Mar-2026 14:19:31 UTC] Respuesta inválida al obtener métodos de pago
[28-Mar-2026 14:19:31 UTC] Respuesta inválida al obtener métodos de pago
[28-Mar-2026 14:19:31 UTC] Respuesta inválida al obtener métodos de pago
[28-Mar-2026 14:19:31 UTC] Respuesta inválida al obtener métodos de pago
[28-Mar-2026 14:19:31 UTC] Respuesta inválida al obtener métodos de pago
[28-Mar-2026 14:19:31 UTC] Respuesta inválida al obtener métodos de pago
[28-Mar-2026 14:19:31 UTC] Respuesta inválida al obtener métodos de pago
[28-Mar-2026 14:19:31 UTC] Respuesta inválida al obtener métodos de pago
[28-Mar-2026 14:19:52 UTC] Respuesta inválida al obtener métodos de pago
[28-Mar-2026 14:19:52 UTC] Respuesta inválida al obtener métodos de pago
[28-Mar-2026 14:19:52 UTC] Respuesta inválida al obtener métodos de pago
[28-Mar-2026 14:19:53 UTC] Respuesta inválida al obtener métodos de pago
[28-Mar-2026 14:19:53 UTC] Respuesta inválida al obtener métodos de pago
[28-Mar-2026 14:19:54 UTC] Respuesta inválida al obtener métodos de pago
[28-Mar-2026 14:19:54 UTC] Respuesta inválida al obtener métodos de pago
[28-Mar-2026 14:19:55 UTC] Respuesta inválida al obtener métodos de pago
[28-Mar-2026 14:19:55 UTC] Respuesta inválida al obtener métodos de pago
[28-Mar-2026 14:19:55 UTC] Respuesta inválida al obtener métodos de pago
[28-Mar-2026 14:19:55 UTC] Respuesta inválida al obtener métodos de pago
[28-Mar-2026 14:19:55 UTC] Respuesta inválida al obtener métodos de pago
[28-Mar-2026 14:19:55 UTC] Respuesta inválida al obtener métodos de pago
[28-Mar-2026 14:19:55 UTC] Respuesta inválida al obtener métodos de pago
[28-Mar-2026 14:19:56 UTC] Respuesta inválida al obtener métodos de pago
[28-Mar-2026 14:19:56 UTC] Respuesta inválida al obtener métodos de pago
[28-Mar-2026 14:19:56 UTC] Respuesta inválida al obtener métodos de pago
[28-Mar-2026 14:19:56 UTC] Respuesta inválida al obtener métodos de pago
[28-Mar-2026 14:19:56 UTC] Respuesta inválida al obtener métodos de pago
[28-Mar-2026 14:19:56 UTC] Respuesta inválida al obtener métodos de pago
[28-Mar-2026 14:19:56 UTC] Respuesta inválida al obtener métodos de pago
[28-Mar-2026 14:19:56 UTC] Respuesta inválida al obtener métodos de pago
[28-Mar-2026 14:19:56 UTC] Respuesta inválida al obtener métodos de pago
[28-Mar-2026 14:20:00 UTC] Respuesta inválida al obtener métodos de pago
[28-Mar-2026 14:20:00 UTC] Respuesta inválida al obtener métodos de pago
[28-Mar-2026 14:20:00 UTC] Respuesta inválida al obtener métodos de pago
[28-Mar-2026 14:20:00 UTC] Respuesta inválida al obtener métodos de pago
[28-Mar-2026 14:20:00 UTC] Respuesta inválida al obtener métodos de pago
[28-Mar-2026 14:20:00 UTC] Respuesta inválida al obtener métodos de pago
[28-Mar-2026 14:20:00 UTC] Respuesta inválida al obtener métodos de pago
[28-Mar-2026 14:20:00 UTC] Respuesta inválida al obtener métodos de pago
[28-Mar-2026 14:20:01 UTC] Respuesta inválida al obtener métodos de pago
[28-Mar-2026 14:20:01 UTC] Respuesta inválida al obtener métodos de pago
[28-Mar-2026 14:20:01 UTC] Respuesta inválida al obtener métodos de pago
[28-Mar-2026 14:20:01 UTC] Respuesta inválida al obtener métodos de pago
[28-Mar-2026 14:20:01 UTC] Respuesta inválida al obtener métodos de pago
[28-Mar-2026 14:20:01 UTC] Respuesta inválida al obtener métodos de pago
[28-Mar-2026 14:20:01 UTC] Respuesta inválida al obtener métodos de pago
[28-Mar-2026 14:20:01 UTC] Respuesta inválida al obtener métodos de pago
[28-Mar-2026 14:20:28 UTC] Respuesta inválida al obtener métodos de pago
[28-Mar-2026 14:20:28 UTC] Respuesta inválida al obtener métodos de pago
[28-Mar-2026 14:20:29 UTC] Respuesta inválida al obtener métodos de pago
[28-Mar-2026 14:20:29 UTC] Respuesta inválida al obtener métodos de pago
[28-Mar-2026 14:20:30 UTC] Respuesta inválida al obtener métodos de pago
[28-Mar-2026 14:20:30 UTC] Respuesta inválida al obtener métodos de pago
[28-Mar-2026 14:20:30 UTC] Respuesta inválida al obtener métodos de pago
[28-Mar-2026 14:20:30 UTC] Respuesta inválida al obtener métodos de pago
[28-Mar-2026 14:20:30 UTC] Respuesta inválida al obtener métodos de pago
[28-Mar-2026 14:20:31 UTC] Respuesta inválida al obtener métodos de pago
[28-Mar-2026 14:20:31 UTC] Respuesta inválida al obtener métodos de pago
[28-Mar-2026 14:20:31 UTC] Respuesta inválida al obtener métodos de pago
[28-Mar-2026 14:20:31 UTC] Respuesta inválida al obtener métodos de pago
[28-Mar-2026 14:20:31 UTC] Respuesta inválida al obtener métodos de pago
[28-Mar-2026 14:20:31 UTC] Respuesta inválida al obtener métodos de pago
[28-Mar-2026 14:20:32 UTC] Respuesta inválida al obtener métodos de pago
[28-Mar-2026 14:20:32 UTC] Respuesta inválida al obtener métodos de pago
[28-Mar-2026 14:20:32 UTC] Respuesta inválida al obtener métodos de pago
[28-Mar-2026 14:20:32 UTC] Respuesta inválida al obtener métodos de pago
[28-Mar-2026 14:20:33 UTC] Respuesta inválida al obtener métodos de pago
[28-Mar-2026 14:20:33 UTC] Respuesta inválida al obtener métodos de pago
[28-Mar-2026 14:20:33 UTC] Respuesta inválida al obtener métodos de pago
[28-Mar-2026 14:20:34 UTC] Respuesta inválida al obtener métodos de pago
[28-Mar-2026 14:20:34 UTC] Respuesta inválida al obtener métodos de pago
[28-Mar-2026 14:20:34 UTC] Respuesta inválida al obtener métodos de pago
[28-Mar-2026 14:20:34 UTC] Respuesta inválida al obtener métodos de pago
[28-Mar-2026 14:20:34 UTC] Respuesta inválida al obtener métodos de pago
[28-Mar-2026 14:20:35 UTC] Respuesta inválida al obtener métodos de pago
[28-Mar-2026 14:20:35 UTC] Respuesta inválida al obtener métodos de pago
[28-Mar-2026 14:20:36 UTC] Respuesta inválida al obtener métodos de pago
[28-Mar-2026 14:20:36 UTC] Respuesta inválida al obtener métodos de pago
[28-Mar-2026 14:20:36 UTC] Respuesta inválida al obtener métodos de pago
[28-Mar-2026 14:20:36 UTC] Respuesta inválida al obtener métodos de pago
[28-Mar-2026 14:20:36 UTC] Respuesta inválida al obtener métodos de pago
[28-Mar-2026 14:20:36 UTC] Respuesta inválida al obtener métodos de pago
[28-Mar-2026 14:20:36 UTC] Respuesta inválida al obtener métodos de pago
[28-Mar-2026 14:20:36 UTC] Respuesta inválida al obtener métodos de pago
[28-Mar-2026 14:20:36 UTC] Respuesta inválida al obtener métodos de pago
[28-Mar-2026 14:20:36 UTC] Respuesta inválida al obtener métodos de pago
[28-Mar-2026 14:20:36 UTC] Respuesta inválida al obtener métodos de pago
[28-Mar-2026 14:20:36 UTC] Respuesta inválida al obtener métodos de pago
[28-Mar-2026 14:20:36 UTC] Respuesta inválida al obtener métodos de pago
[28-Mar-2026 14:20:36 UTC] Respuesta inválida al obtener métodos de pago
[28-Mar-2026 14:20:36 UTC] Respuesta inválida al obtener métodos de pago
[28-Mar-2026 14:20:36 UTC] Respuesta inválida al obtener métodos de pago
[28-Mar-2026 14:20:36 UTC] Respuesta inválida al obtener métodos de pago
[28-Mar-2026 14:20:38 UTC] Respuesta inválida al obtener métodos de pago
[28-Mar-2026 14:20:38 UTC] Respuesta inválida al obtener métodos de pago
[28-Mar-2026 14:20:39 UTC] Respuesta inválida al obtener métodos de pago
[28-Mar-2026 14:20:39 UTC] Respuesta inválida al obtener métodos de pago
[28-Mar-2026 14:20:44 UTC] Respuesta inválida al obtener métodos de pago
[28-Mar-2026 14:20:44 UTC] Respuesta inválida al obtener métodos de pago
[28-Mar-2026 14:20:44 UTC] Respuesta inválida al obtener métodos de pago
[28-Mar-2026 14:20:45 UTC] Respuesta inválida al obtener métodos de pago
[28-Mar-2026 14:20:45 UTC] Respuesta inválida al obtener métodos de pago
[28-Mar-2026 14:20:46 UTC] Respuesta inválida al obtener métodos de pago
[28-Mar-2026 14:20:46 UTC] Respuesta inválida al obtener métodos de pago
[28-Mar-2026 14:20:47 UTC] Respuesta inválida al obtener métodos de pago
[28-Mar-2026 14:20:48 UTC] Respuesta inválida al obtener métodos de pago
[28-Mar-2026 14:20:48 UTC] Respuesta inválida al obtener métodos de pago
[28-Mar-2026 14:20:48 UTC] Respuesta inválida al obtener métodos de pago
[28-Mar-2026 14:20:48 UTC] Respuesta inválida al obtener métodos de pago
[28-Mar-2026 14:20:48 UTC] Respuesta inválida al obtener métodos de pago
[28-Mar-2026 14:20:48 UTC] Respuesta inválida al obtener métodos de pago
[28-Mar-2026 14:20:48 UTC] Respuesta inválida al obtener métodos de pago
[28-Mar-2026 14:20:48 UTC] Respuesta inválida al obtener métodos de pago
[28-Mar-2026 14:20:48 UTC] Respuesta inválida al obtener métodos de pago
[28-Mar-2026 14:20:48 UTC] Respuesta inválida al obtener métodos de pago
[28-Mar-2026 14:20:48 UTC] Respuesta inválida al obtener métodos de pago
[28-Mar-2026 14:20:48 UTC] Respuesta inválida al obtener métodos de pago
[28-Mar-2026 14:20:48 UTC] Respuesta inválida al obtener métodos de pago
[28-Mar-2026 14:20:48 UTC] Respuesta inválida al obtener métodos de pago
[28-Mar-2026 14:20:48 UTC] Respuesta inválida al obtener métodos de pago
[28-Mar-2026 14:20:49 UTC] Respuesta inválida al obtener métodos de pago
[28-Mar-2026 14:20:50 UTC] Respuesta inválida al obtener métodos de pago
[28-Mar-2026 14:20:50 UTC] Respuesta inválida al obtener métodos de pago
[28-Mar-2026 14:20:50 UTC] Respuesta inválida al obtener métodos de pago
[28-Mar-2026 14:20:51 UTC] Respuesta inválida al obtener métodos de pago
[28-Mar-2026 14:20:51 UTC] Respuesta inválida al obtener métodos de pago
[28-Mar-2026 14:20:52 UTC] Respuesta inválida al obtener métodos de pago
[28-Mar-2026 14:20:53 UTC] Respuesta inválida al obtener métodos de pago
[28-Mar-2026 14:20:53 UTC] Respuesta inválida al obtener métodos de pago
[28-Mar-2026 14:20:53 UTC] Respuesta inválida al obtener métodos de pago
[28-Mar-2026 14:20:53 UTC] Respuesta inválida al obtener métodos de pago
[28-Mar-2026 14:20:53 UTC] Respuesta inválida al obtener métodos de pago
[28-Mar-2026 14:20:53 UTC] Respuesta inválida al obtener métodos de pago
[28-Mar-2026 14:20:53 UTC] Respuesta inválida al obtener métodos de pago
[28-Mar-2026 14:20:53 UTC] Respuesta inválida al obtener métodos de pago
[28-Mar-2026 14:20:53 UTC] Respuesta inválida al obtener métodos de pago
[28-Mar-2026 14:20:53 UTC] Respuesta inválida al obtener métodos de pago
[28-Mar-2026 14:20:53 UTC] Respuesta inválida al obtener métodos de pago
[28-Mar-2026 14:20:53 UTC] Respuesta inválida al obtener métodos de pago
[28-Mar-2026 14:20:53 UTC] Respuesta inválida al obtener métodos de pago
[28-Mar-2026 14:20:53 UTC] Respuesta inválida al obtener métodos de pago
[28-Mar-2026 14:20:53 UTC] Respuesta inválida al obtener métodos de pago
[28-Mar-2026 14:20:53 UTC] Respuesta inválida al obtener métodos de pago
[28-Mar-2026 14:21:00 UTC] Respuesta inválida al obtener métodos de pago
[28-Mar-2026 14:21:01 UTC] Respuesta inválida al obtener métodos de pago
[28-Mar-2026 14:21:22 UTC] Respuesta inválida al obtener métodos de pago
[28-Mar-2026 14:21:22 UTC] Respuesta inválida al obtener métodos de pago
[28-Mar-2026 14:21:24 UTC] Respuesta inválida al obtener métodos de pago
[28-Mar-2026 14:21:25 UTC] Respuesta inválida al obtener métodos de pago
[28-Mar-2026 14:21:25 UTC] Respuesta inválida al obtener métodos de pago
[28-Mar-2026 14:21:25 UTC] Respuesta inválida al obtener métodos de pago
[28-Mar-2026 14:21:26 UTC] Respuesta inválida al obtener métodos de pago
[28-Mar-2026 14:21:26 UTC] Respuesta inválida al obtener métodos de pago
[28-Mar-2026 14:21:26 UTC] Respuesta inválida al obtener métodos de pago
[28-Mar-2026 14:21:27 UTC] Respuesta inválida al obtener métodos de pago
[28-Mar-2026 14:21:27 UTC] Respuesta inválida al obtener métodos de pago
[28-Mar-2026 14:21:29 UTC] Error en la respuesta de la API de ePayco, código de estado: 503
[28-Mar-2026 14:21:29 UTC] Respuesta inválida al obtener métodos de pago
[28-Mar-2026 14:21:29 UTC] Respuesta inválida al obtener métodos de pago
[28-Mar-2026 14:21:29 UTC] Respuesta inválida al obtener métodos de pago
[28-Mar-2026 14:21:29 UTC] Respuesta inválida al obtener métodos de pago
[28-Mar-2026 14:21:29 UTC] Respuesta inválida al obtener métodos de pago
[28-Mar-2026 14:21:29 UTC] Respuesta inválida al obtener métodos de pago
[28-Mar-2026 14:21:29 UTC] Respuesta inválida al obtener métodos de pago
[28-Mar-2026 14:21:29 UTC] Respuesta inválida al obtener métodos de pago
[28-Mar-2026 14:21:29 UTC] Respuesta inválida al obtener métodos de pago
[28-Mar-2026 14:21:29 UTC] Respuesta inválida al obtener métodos de pago
[28-Mar-2026 14:21:29 UTC] Respuesta inválida al obtener métodos de pago
[28-Mar-2026 14:21:29 UTC] Respuesta inválida al obtener métodos de pago
[28-Mar-2026 14:21:29 UTC] Respuesta inválida al obtener métodos de pago
[28-Mar-2026 14:21:29 UTC] Respuesta inválida al obtener métodos de pago
[28-Mar-2026 14:21:29 UTC] Respuesta inválida al obtener métodos de pago
[28-Mar-2026 14:21:30 UTC] Respuesta inválida al obtener métodos de pago
[28-Mar-2026 14:21:31 UTC] Respuesta inválida al obtener métodos de pago
[28-Mar-2026 14:21:32 UTC] Respuesta inválida al obtener métodos de pago
[28-Mar-2026 14:21:32 UTC] Respuesta inválida al obtener métodos de pago
[28-Mar-2026 14:21:32 UTC] Respuesta inválida al obtener métodos de pago
[28-Mar-2026 14:21:33 UTC] Respuesta inválida al obtener métodos de pago
[28-Mar-2026 14:21:33 UTC] Respuesta inválida al obtener métodos de pago
[28-Mar-2026 14:21:34 UTC] Respuesta inválida al obtener métodos de pago
[28-Mar-2026 14:21:34 UTC] Respuesta inválida al obtener métodos de pago
[28-Mar-2026 14:21:34 UTC] Respuesta inválida al obtener métodos de pago
[28-Mar-2026 14:21:35 UTC] Respuesta inválida al obtener métodos de pago
[28-Mar-2026 14:21:35 UTC] Respuesta inválida al obtener métodos de pago
[28-Mar-2026 14:21:35 UTC] Respuesta inválida al obtener métodos de pago
[28-Mar-2026 14:21:36 UTC] Respuesta inválida al obtener métodos de pago
[28-Mar-2026 14:21:36 UTC] Respuesta inválida al obtener métodos de pago
[28-Mar-2026 14:21:36 UTC] Respuesta inválida al obtener métodos de pago
[28-Mar-2026 14:21:37 UTC] Respuesta inválida al obtener métodos de pago
[28-Mar-2026 14:21:37 UTC] Respuesta inválida al obtener métodos de pago
[28-Mar-2026 14:21:39 UTC] Respuesta inválida al obtener métodos de pago
[28-Mar-2026 14:21:40 UTC] Respuesta inválida al obtener métodos de pago
[28-Mar-2026 14:21:41 UTC] Respuesta inválida al obtener métodos de pago
[28-Mar-2026 14:21:42 UTC] Respuesta inválida al obtener métodos de pago
[28-Mar-2026 14:21:48 UTC] Respuesta inválida al obtener métodos de pago
[28-Mar-2026 14:21:48 UTC] Respuesta inválida al obtener métodos de pago
[28-Mar-2026 14:21:49 UTC] Respuesta inválida al obtener métodos de pago
[28-Mar-2026 14:21:49 UTC] Respuesta inválida al obtener métodos de pago
[28-Mar-2026 14:21:49 UTC] Respuesta inválida al obtener métodos de pago
[28-Mar-2026 14:21:50 UTC] Respuesta inválida al obtener métodos de pago
[28-Mar-2026 14:21:50 UTC] Respuesta inválida al obtener métodos de pago
[28-Mar-2026 14:21:51 UTC] Respuesta inválida al obtener métodos de pago
[28-Mar-2026 14:21:52 UTC] Respuesta inválida al obtener métodos de pago
[28-Mar-2026 14:21:52 UTC] Respuesta inválida al obtener métodos de pago
[28-Mar-2026 14:21:52 UTC] Respuesta inválida al obtener métodos de pago
[28-Mar-2026 14:21:52 UTC] Respuesta inválida al obtener métodos de pago
[28-Mar-2026 14:21:52 UTC] Respuesta inválida al obtener métodos de pago
[28-Mar-2026 14:21:52 UTC] Respuesta inválida al obtener métodos de pago
[28-Mar-2026 14:21:52 UTC] Respuesta inválida al obtener métodos de pago
[28-Mar-2026 14:21:52 UTC] Respuesta inválida al obtener métodos de pago
[28-Mar-2026 14:21:53 UTC] Respuesta inválida al obtener métodos de pago
[28-Mar-2026 14:21:53 UTC] Respuesta inválida al obtener métodos de pago
[28-Mar-2026 14:21:53 UTC] Respuesta inválida al obtener métodos de pago
[28-Mar-2026 14:21:53 UTC] Respuesta inválida al obtener métodos de pago
[28-Mar-2026 14:21:53 UTC] Respuesta inválida al obtener métodos de pago
[28-Mar-2026 14:21:53 UTC] Respuesta inválida al obtener métodos de pago
[28-Mar-2026 14:21:53 UTC] Respuesta inválida al obtener métodos de pago
[28-Mar-2026 14:21:53 UTC] Respuesta inválida al obtener métodos de pago
[28-Mar-2026 14:21:53 UTC] Respuesta inválida al obtener métodos de pago
[28-Mar-2026 14:21:53 UTC] Respuesta inválida al obtener métodos de pago
[28-Mar-2026 14:21:53 UTC] Respuesta inválida al obtener métodos de pago
[28-Mar-2026 14:21:55 UTC] Respuesta inválida al obtener métodos de pago
[28-Mar-2026 14:21:55 UTC] Respuesta inválida al obtener métodos de pago
[28-Mar-2026 14:21:56 UTC] Respuesta inválida al obtener métodos de pago
[28-Mar-2026 14:21:56 UTC] Respuesta inválida al obtener métodos de pago
[28-Mar-2026 14:21:57 UTC] Respuesta inválida al obtener métodos de pago
[28-Mar-2026 14:21:57 UTC] Respuesta inválida al obtener métodos de pago
[28-Mar-2026 14:21:57 UTC] Respuesta inválida al obtener métodos de pago
[28-Mar-2026 14:21:59 UTC] Respuesta inválida al obtener métodos de pago
[28-Mar-2026 14:21:59 UTC] Respuesta inválida al obtener métodos de pago
[28-Mar-2026 14:21:59 UTC] Respuesta inválida al obtener métodos de pago
[28-Mar-2026 14:21:59 UTC] Respuesta inválida al obtener métodos de pago
[28-Mar-2026 14:21:59 UTC] Respuesta inválida al obtener métodos de pago
[28-Mar-2026 14:21:59 UTC] Respuesta inválida al obtener métodos de pago
[28-Mar-2026 14:21:59 UTC] Respuesta inválida al obtener métodos de pago
[28-Mar-2026 14:21:59 UTC] Respuesta inválida al obtener métodos de pago
[28-Mar-2026 14:21:59 UTC] Respuesta inválida al obtener métodos de pago
[28-Mar-2026 14:21:59 UTC] Respuesta inválida al obtener métodos de pago
[28-Mar-2026 14:21:59 UTC] Respuesta inválida al obtener métodos de pago
[28-Mar-2026 14:21:59 UTC] Respuesta inválida al obtener métodos de pago
[28-Mar-2026 14:21:59 UTC] Respuesta inválida al obtener métodos de pago
[28-Mar-2026 14:21:59 UTC] Respuesta inválida al obtener métodos de pago
[28-Mar-2026 14:21:59 UTC] Respuesta inválida al obtener métodos de pago
[28-Mar-2026 14:22:00 UTC] Respuesta inválida al obtener métodos de pago
[28-Mar-2026 14:22:01 UTC] Respuesta inválida al obtener métodos de pago
[28-Mar-2026 14:22:02 UTC] Respuesta inválida al obtener métodos de pago
[28-Mar-2026 14:22:06 UTC] Respuesta inválida al obtener métodos de pago
[28-Mar-2026 14:22:06 UTC] Respuesta inválida al obtener métodos de pago
[28-Mar-2026 14:22:06 UTC] Respuesta inválida al obtener métodos de pago
[28-Mar-2026 14:22:07 UTC] Respuesta inválida al obtener métodos de pago
[28-Mar-2026 14:22:07 UTC] Respuesta inválida al obtener métodos de pago
[28-Mar-2026 14:22:07 UTC] Respuesta inválida al obtener métodos de pago
[28-Mar-2026 14:22:08 UTC] Respuesta inválida al obtener métodos de pago
[28-Mar-2026 14:22:09 UTC] Respuesta inválida al obtener métodos de pago
[28-Mar-2026 14:22:09 UTC] Respuesta inválida al obtener métodos de pago
[28-Mar-2026 14:22:09 UTC] Respuesta inválida al obtener métodos de pago
[28-Mar-2026 14:22:09 UTC] Respuesta inválida al obtener métodos de pago
[28-Mar-2026 14:22:09 UTC] Respuesta inválida al obtener métodos de pago
[28-Mar-2026 14:22:09 UTC] Respuesta inválida al obtener métodos de pago
[28-Mar-2026 14:22:09 UTC] Respuesta inválida al obtener métodos de pago
[28-Mar-2026 14:22:09 UTC] Respuesta inválida al obtener métodos de pago
[28-Mar-2026 14:22:09 UTC] Respuesta inválida al obtener métodos de pago
[28-Mar-2026 14:22:09 UTC] Respuesta inválida al obtener métodos de pago
[28-Mar-2026 14:22:09 UTC] Respuesta inválida al obtener métodos de pago
[28-Mar-2026 14:22:10 UTC] Respuesta inválida al obtener métodos de pago
[28-Mar-2026 14:22:10 UTC] Respuesta inválida al obtener métodos de pago
[28-Mar-2026 14:22:10 UTC] Respuesta inválida al obtener métodos de pago
[28-Mar-2026 14:22:10 UTC] Respuesta inválida al obtener métodos de pago
[28-Mar-2026 14:22:10 UTC] Respuesta inválida al obtener métodos de pago
[28-Mar-2026 14:23:10 UTC] Respuesta inválida al obtener métodos de pago
[28-Mar-2026 14:23:10 UTC] Respuesta inválida al obtener métodos de pago
[28-Mar-2026 14:23:11 UTC] Respuesta inválida al obtener métodos de pago
[28-Mar-2026 14:23:12 UTC] Respuesta inválida al obtener métodos de pago
[28-Mar-2026 14:23:12 UTC] Respuesta inválida al obtener métodos de pago
[28-Mar-2026 14:23:12 UTC] Respuesta inválida al obtener métodos de pago
[28-Mar-2026 14:23:12 UTC] Respuesta inválida al obtener métodos de pago
[28-Mar-2026 14:23:13 UTC] Respuesta inválida al obtener métodos de pago
[28-Mar-2026 14:23:13 UTC] Respuesta inválida al obtener métodos de pago
[28-Mar-2026 14:23:14 UTC] Respuesta inválida al obtener métodos de pago
[28-Mar-2026 14:23:14 UTC] Respuesta inválida al obtener métodos de pago
[28-Mar-2026 14:23:14 UTC] Respuesta inválida al obtener métodos de pago
[28-Mar-2026 14:23:15 UTC] Respuesta inválida al obtener métodos de pago
[28-Mar-2026 14:23:15 UTC] Respuesta inválida al obtener métodos de pago
[28-Mar-2026 14:23:15 UTC] Respuesta inválida al obtener métodos de pago
[28-Mar-2026 14:23:16 UTC] Respuesta inválida al obtener métodos de pago
[28-Mar-2026 14:23:18 UTC] PHP Warning:  Array to string conversion in /var/www/html/wp-content/plugins/woocommerce-epayco-api/src/Hooks/Bank.php on line 37
[28-Mar-2026 14:23:18 UTC] getPaymenbanks: Array
[28-Mar-2026 14:23:18 UTC] Respuesta inválida al obtener métodos de pago
[28-Mar-2026 14:23:18 UTC] Respuesta inválida al obtener métodos de pago
[28-Mar-2026 14:23:19 UTC] Respuesta inválida al obtener métodos de pago
[28-Mar-2026 14:23:19 UTC] Respuesta inválida al obtener métodos de pago
[28-Mar-2026 14:23:20 UTC] Respuesta inválida al obtener métodos de pago
[28-Mar-2026 14:23:22 UTC] Respuesta inválida al obtener métodos de pago
[28-Mar-2026 14:23:23 UTC] Respuesta inválida al obtener métodos de pago
[28-Mar-2026 14:23:24 UTC] Respuesta inválida al obtener métodos de pago
[28-Mar-2026 14:23:25 UTC] Respuesta inválida al obtener métodos de pago
[28-Mar-2026 14:23:26 UTC] Respuesta inválida al obtener métodos de pago
[28-Mar-2026 14:23:27 UTC] Respuesta inválida al obtener métodos de pago
[28-Mar-2026 14:23:27 UTC] Respuesta inválida al obtener métodos de pago
[28-Mar-2026 14:23:27 UTC] Respuesta inválida al obtener métodos de pago
[28-Mar-2026 14:23:28 UTC] Respuesta inválida al obtener métodos de pago
[28-Mar-2026 14:23:28 UTC] Respuesta inválida al obtener métodos de pago
[28-Mar-2026 14:23:28 UTC] Respuesta inválida al obtener métodos de pago
[28-Mar-2026 14:23:28 UTC] Respuesta inválida al obtener métodos de pago
[28-Mar-2026 14:23:29 UTC] Respuesta inválida al obtener métodos de pago
[28-Mar-2026 14:23:30 UTC] Respuesta inválida al obtener métodos de pago
[28-Mar-2026 14:23:30 UTC] Respuesta inválida al obtener métodos de pago
[28-Mar-2026 14:23:30 UTC] Respuesta inválida al obtener métodos de pago
[28-Mar-2026 14:23:30 UTC] Respuesta inválida al obtener métodos de pago
[28-Mar-2026 14:23:30 UTC] Respuesta inválida al obtener métodos de pago
[28-Mar-2026 14:23:30 UTC] Respuesta inválida al obtener métodos de pago
[28-Mar-2026 14:23:30 UTC] Respuesta inválida al obtener métodos de pago
[28-Mar-2026 14:23:30 UTC] Respuesta inválida al obtener métodos de pago
[28-Mar-2026 14:23:30 UTC] Respuesta inválida al obtener métodos de pago
[28-Mar-2026 14:23:30 UTC] Respuesta inválida al obtener métodos de pago
[28-Mar-2026 14:23:31 UTC] Respuesta inválida al obtener métodos de pago
[28-Mar-2026 14:23:31 UTC] Respuesta inválida al obtener métodos de pago
[28-Mar-2026 14:23:31 UTC] Respuesta inválida al obtener métodos de pago
[28-Mar-2026 14:23:31 UTC] Respuesta inválida al obtener métodos de pago
[28-Mar-2026 14:23:31 UTC] Respuesta inválida al obtener métodos de pago
[28-Mar-2026 14:23:31 UTC] Respuesta inválida al obtener métodos de pago
[28-Mar-2026 14:23:31 UTC] Respuesta inválida al obtener métodos de pago
[28-Mar-2026 14:23:31 UTC] Respuesta inválida al obtener métodos de pago
[28-Mar-2026 14:23:31 UTC] Respuesta inválida al obtener métodos de pago
[28-Mar-2026 14:23:32 UTC] Respuesta inválida al obtener métodos de pago
[28-Mar-2026 14:23:32 UTC] Respuesta inválida al obtener métodos de pago
[28-Mar-2026 14:23:32 UTC] Respuesta inválida al obtener métodos de pago
[28-Mar-2026 14:23:33 UTC] Respuesta inválida al obtener métodos de pago
[28-Mar-2026 14:23:33 UTC] Respuesta inválida al obtener métodos de pago
[28-Mar-2026 14:23:33 UTC] Respuesta inválida al obtener métodos de pago
[28-Mar-2026 14:23:35 UTC] Respuesta inválida al obtener métodos de pago
[28-Mar-2026 14:23:35 UTC] Respuesta inválida al obtener métodos de pago
[28-Mar-2026 14:23:35 UTC] Respuesta inválida al obtener métodos de pago
[28-Mar-2026 14:23:35 UTC] Respuesta inválida al obtener métodos de pago
[28-Mar-2026 14:23:35 UTC] Respuesta inválida al obtener métodos de pago
[28-Mar-2026 14:23:35 UTC] Respuesta inválida al obtener métodos de pago
[28-Mar-2026 14:23:35 UTC] Respuesta inválida al obtener métodos de pago
[28-Mar-2026 14:23:35 UTC] Respuesta inválida al obtener métodos de pago
[28-Mar-2026 14:23:35 UTC] Respuesta inválida al obtener métodos de pago
[28-Mar-2026 14:23:35 UTC] Respuesta inválida al obtener métodos de pago
[28-Mar-2026 14:23:35 UTC] Respuesta inválida al obtener métodos de pago
[28-Mar-2026 14:23:35 UTC] Respuesta inválida al obtener métodos de pago
[28-Mar-2026 14:23:35 UTC] Respuesta inválida al obtener métodos de pago
[28-Mar-2026 14:23:35 UTC] Respuesta inválida al obtener métodos de pago
[28-Mar-2026 14:23:36 UTC] Respuesta inválida al obtener métodos de pago
[28-Mar-2026 14:23:36 UTC] Respuesta inválida al obtener métodos de pago
[28-Mar-2026 14:24:03 UTC] Respuesta inválida al obtener métodos de pago
[28-Mar-2026 14:24:03 UTC] Respuesta inválida al obtener métodos de pago
[28-Mar-2026 14:24:35 UTC] Respuesta inválida al obtener métodos de pago
[28-Mar-2026 14:24:36 UTC] Respuesta inválida al obtener métodos de pago
[28-Mar-2026 14:24:38 UTC] Respuesta inválida al obtener métodos de pago
[28-Mar-2026 14:24:38 UTC] Respuesta inválida al obtener métodos de pago
[28-Mar-2026 14:24:38 UTC] Respuesta inválida al obtener métodos de pago
[28-Mar-2026 14:24:38 UTC] Respuesta inválida al obtener métodos de pago
[28-Mar-2026 14:24:39 UTC] Respuesta inválida al obtener métodos de pago
[28-Mar-2026 14:24:39 UTC] Respuesta inválida al obtener métodos de pago
[28-Mar-2026 14:24:39 UTC] Respuesta inválida al obtener métodos de pago
[28-Mar-2026 14:24:39 UTC] Respuesta inválida al obtener métodos de pago
[28-Mar-2026 14:24:40 UTC] Respuesta inválida al obtener métodos de pago
[28-Mar-2026 14:24:40 UTC] Respuesta inválida al obtener métodos de pago
[28-Mar-2026 14:24:40 UTC] Respuesta inválida al obtener métodos de pago
[28-Mar-2026 14:24:41 UTC] Respuesta inválida al obtener métodos de pago
[28-Mar-2026 14:24:41 UTC] Respuesta inválida al obtener métodos de pago
[28-Mar-2026 14:24:41 UTC] Respuesta inválida al obtener métodos de pago
[28-Mar-2026 14:24:42 UTC] Respuesta inválida al obtener métodos de pago
[28-Mar-2026 14:24:42 UTC] Respuesta inválida al obtener métodos de pago
[28-Mar-2026 14:24:43 UTC] Respuesta inválida al obtener métodos de pago
[28-Mar-2026 14:24:43 UTC] Respuesta inválida al obtener métodos de pago
[28-Mar-2026 14:24:43 UTC] Respuesta inválida al obtener métodos de pago
[28-Mar-2026 14:24:44 UTC] Respuesta inválida al obtener métodos de pago
[28-Mar-2026 14:24:44 UTC] Respuesta inválida al obtener métodos de pago
[28-Mar-2026 14:24:49 UTC] Respuesta inválida al obtener métodos de pago
[28-Mar-2026 14:24:49 UTC] Respuesta inválida al obtener métodos de pago
[28-Mar-2026 14:25:29 UTC] Respuesta inválida al obtener métodos de pago
[28-Mar-2026 14:25:29 UTC] Respuesta inválida al obtener métodos de pago
[28-Mar-2026 14:25:38 UTC] Respuesta inválida al obtener métodos de pago
[28-Mar-2026 14:25:39 UTC] Respuesta inválida al obtener métodos de pago
[28-Mar-2026 14:26:03 UTC] Respuesta inválida al obtener métodos de pago
[28-Mar-2026 14:26:04 UTC] Respuesta inválida al obtener métodos de pago
[28-Mar-2026 14:26:05 UTC] Respuesta inválida al obtener métodos de pago
[28-Mar-2026 14:26:05 UTC] Respuesta inválida al obtener métodos de pago
[28-Mar-2026 14:26:07 UTC] Respuesta inválida al obtener métodos de pago
[28-Mar-2026 14:26:07 UTC] Respuesta inválida al obtener métodos de pago
[28-Mar-2026 14:26:09 UTC] Respuesta inválida al obtener métodos de pago
[28-Mar-2026 14:26:09 UTC] Respuesta inválida al obtener métodos de pago
[28-Mar-2026 14:26:10 UTC] PHP Warning:  Undefined variable $expirationDate in /var/www/html/wp-content/plugins/woocommerce-epayco-api/templates/public/order/order-received.php on line 25
[28-Mar-2026 14:26:10 UTC] PHP Warning:  Undefined variable $codeProject in /var/www/html/wp-content/plugins/woocommerce-epayco-api/templates/public/order/order-received.php on line 26
[28-Mar-2026 14:26:10 UTC] PHP Warning:  Undefined variable $pin in /var/www/html/wp-content/plugins/woocommerce-epayco-api/templates/public/order/order-received.php on line 27
[28-Mar-2026 14:26:10 UTC] PHP Warning:  Undefined variable $expirationDate in /var/www/html/wp-content/plugins/woocommerce-epayco-api/templates/public/order/order-received.php on line 31
[28-Mar-2026 14:26:10 UTC] PHP Warning:  Undefined variable $codeProject in /var/www/html/wp-content/plugins/woocommerce-epayco-api/templates/public/order/order-received.php on line 32
[28-Mar-2026 14:26:10 UTC] PHP Warning:  Undefined variable $pin in /var/www/html/wp-content/plugins/woocommerce-epayco-api/templates/public/order/order-received.php on line 33
[28-Mar-2026 14:26:10 UTC] Respuesta inválida al obtener métodos de pago
[28-Mar-2026 14:26:11 UTC] Respuesta inválida al obtener métodos de pago
[28-Mar-2026 14:26:11 UTC] Respuesta inválida al obtener métodos de pago
[28-Mar-2026 14:26:11 UTC] Respuesta inválida al obtener métodos de pago
[28-Mar-2026 14:26:11 UTC] Respuesta inválida al obtener métodos de pago
[28-Mar-2026 14:26:11 UTC] Respuesta inválida al obtener métodos de pago
[28-Mar-2026 14:26:12 UTC] Respuesta inválida al obtener métodos de pago
[28-Mar-2026 14:26:12 UTC] Respuesta inválida al obtener métodos de pago
[28-Mar-2026 14:26:12 UTC] Respuesta inválida al obtener métodos de pago
[28-Mar-2026 14:26:12 UTC] Respuesta inválida al obtener métodos de pago
[28-Mar-2026 14:26:12 UTC] Respuesta inválida al obtener métodos de pago
[28-Mar-2026 14:26:12 UTC] Respuesta inválida al obtener métodos de pago
[28-Mar-2026 14:26:13 UTC] Respuesta inválida al obtener métodos de pago
[28-Mar-2026 14:26:13 UTC] Respuesta inválida al obtener métodos de pago
[28-Mar-2026 14:26:14 UTC] Error en la respuesta de la API de ePayco, código de estado: 503
[28-Mar-2026 14:26:16 UTC] Respuesta inválida al obtener métodos de pago
[28-Mar-2026 14:26:16 UTC] Respuesta inválida al obtener métodos de pago
[28-Mar-2026 14:26:16 UTC] Respuesta inválida al obtener métodos de pago
[28-Mar-2026 14:26:16 UTC] Respuesta inválida al obtener métodos de pago
[28-Mar-2026 14:26:16 UTC] Respuesta inválida al obtener métodos de pago
[28-Mar-2026 14:26:16 UTC] Respuesta inválida al obtener métodos de pago
[28-Mar-2026 14:26:16 UTC] Respuesta inválida al obtener métodos de pago
[28-Mar-2026 14:26:16 UTC] Respuesta inválida al obtener métodos de pago
[28-Mar-2026 14:26:16 UTC] Respuesta inválida al obtener métodos de pago
[28-Mar-2026 14:26:17 UTC] Respuesta inválida al obtener métodos de pago
[28-Mar-2026 14:26:17 UTC] Respuesta inválida al obtener métodos de pago
[28-Mar-2026 14:26:17 UTC] Respuesta inválida al obtener métodos de pago
[28-Mar-2026 14:26:17 UTC] Respuesta inválida al obtener métodos de pago
[28-Mar-2026 14:26:17 UTC] Respuesta inválida al obtener métodos de pago
[28-Mar-2026 14:26:17 UTC] Respuesta inválida al obtener métodos de pago
[28-Mar-2026 14:26:17 UTC] Respuesta inválida al obtener métodos de pago
[28-Mar-2026 14:26:24 UTC] Respuesta inválida al obtener métodos de pago
[28-Mar-2026 14:26:25 UTC] Respuesta inválida al obtener métodos de pago
[28-Mar-2026 14:26:25 UTC] Respuesta inválida al obtener métodos de pago
[28-Mar-2026 14:26:26 UTC] Respuesta inválida al obtener métodos de pago
[28-Mar-2026 14:26:26 UTC] Respuesta inválida al obtener métodos de pago
[28-Mar-2026 14:26:26 UTC] Respuesta inválida al obtener métodos de pago
[28-Mar-2026 14:26:27 UTC] Respuesta inválida al obtener métodos de pago
[28-Mar-2026 14:26:28 UTC] Respuesta inválida al obtener métodos de pago
[28-Mar-2026 14:26:32 UTC] Respuesta inválida al obtener métodos de pago
[28-Mar-2026 14:26:32 UTC] Respuesta inválida al obtener métodos de pago
[28-Mar-2026 14:26:32 UTC] Respuesta inválida al obtener métodos de pago
[28-Mar-2026 14:26:32 UTC] Respuesta inválida al obtener métodos de pago
[28-Mar-2026 14:26:32 UTC] Respuesta inválida al obtener métodos de pago
[28-Mar-2026 14:26:32 UTC] Respuesta inválida al obtener métodos de pago
[28-Mar-2026 14:26:32 UTC] Respuesta inválida al obtener métodos de pago
[28-Mar-2026 14:26:32 UTC] Respuesta inválida al obtener métodos de pago
[28-Mar-2026 14:26:32 UTC] Respuesta inválida al obtener métodos de pago
[28-Mar-2026 14:26:32 UTC] Respuesta inválida al obtener métodos de pago
[28-Mar-2026 14:26:32 UTC] Respuesta inválida al obtener métodos de pago
[28-Mar-2026 14:26:32 UTC] Respuesta inválida al obtener métodos de pago
[28-Mar-2026 14:26:32 UTC] Respuesta inválida al obtener métodos de pago
[28-Mar-2026 14:26:32 UTC] Respuesta inválida al obtener métodos de pago
[28-Mar-2026 14:26:33 UTC] Respuesta inválida al obtener métodos de pago
[28-Mar-2026 14:26:33 UTC] Respuesta inválida al obtener métodos de pago
[28-Mar-2026 14:26:33 UTC] Respuesta inválida al obtener métodos de pago
[28-Mar-2026 14:26:33 UTC] Respuesta inválida al obtener métodos de pago
[28-Mar-2026 14:26:33 UTC] Respuesta inválida al obtener métodos de pago
[28-Mar-2026 14:26:57 UTC] Respuesta inválida al obtener métodos de pago
[28-Mar-2026 14:26:58 UTC] Respuesta inválida al obtener métodos de pago
[28-Mar-2026 14:26:58 UTC] PHP Warning:  Cannot modify header information - headers already sent by (output started at /var/www/html/wp-includes/template-canvas.php:13) in /var/www/html/wp-content/plugins/woocommerce-epayco-api/src/Hooks/Authentication.php on line 38
[28-Mar-2026 14:26:59 UTC] Respuesta inválida al obtener métodos de pago
[28-Mar-2026 14:26:59 UTC] Respuesta inválida al obtener métodos de pago
[28-Mar-2026 14:27:00 UTC] Respuesta inválida al obtener métodos de pago
[28-Mar-2026 14:27:01 UTC] Respuesta inválida al obtener métodos de pago
[28-Mar-2026 14:27:02 UTC] Respuesta inválida al obtener métodos de pago
[28-Mar-2026 14:27:04 UTC] Respuesta inválida al obtener métodos de pago
[28-Mar-2026 14:27:04 UTC] Respuesta inválida al obtener métodos de pago
[28-Mar-2026 14:27:04 UTC] Respuesta inválida al obtener métodos de pago
[28-Mar-2026 14:27:05 UTC] Respuesta inválida al obtener métodos de pago
[28-Mar-2026 14:27:06 UTC] Respuesta inválida al obtener métodos de pago
[28-Mar-2026 14:27:06 UTC] Respuesta inválida al obtener métodos de pago
[28-Mar-2026 14:27:07 UTC] Respuesta inválida al obtener métodos de pago
[28-Mar-2026 14:27:07 UTC] Respuesta inválida al obtener métodos de pago
[28-Mar-2026 14:27:07 UTC] Respuesta inválida al obtener métodos de pago
[28-Mar-2026 14:27:08 UTC] Respuesta inválida al obtener métodos de pago
[28-Mar-2026 14:27:08 UTC] Respuesta inválida al obtener métodos de pago
[28-Mar-2026 14:27:09 UTC] Respuesta inválida al obtener métodos de pago
[28-Mar-2026 14:27:09 UTC] Respuesta inválida al obtener métodos de pago
[28-Mar-2026 14:27:10 UTC] Respuesta inválida al obtener métodos de pago
[28-Mar-2026 14:27:10 UTC] Respuesta inválida al obtener métodos de pago
[28-Mar-2026 14:27:12 UTC] Respuesta inválida al obtener métodos de pago
[28-Mar-2026 14:27:12 UTC] Respuesta inválida al obtener métodos de pago
[28-Mar-2026 14:27:13 UTC] Respuesta inválida al obtener métodos de pago
[28-Mar-2026 14:27:13 UTC] Respuesta inválida al obtener métodos de pago
[28-Mar-2026 14:27:13 UTC] Respuesta inválida al obtener métodos de pago
[28-Mar-2026 14:27:14 UTC] Respuesta inválida al obtener métodos de pago
[28-Mar-2026 14:27:14 UTC] Respuesta inválida al obtener métodos de pago
[28-Mar-2026 14:27:15 UTC] Respuesta inválida al obtener métodos de pago
[28-Mar-2026 14:27:15 UTC] Respuesta inválida al obtener métodos de pago
[28-Mar-2026 14:27:15 UTC] Respuesta inválida al obtener métodos de pago
[28-Mar-2026 14:27:16 UTC] Respuesta inválida al obtener métodos de pago
[28-Mar-2026 14:27:16 UTC] Respuesta inválida al obtener métodos de pago
[28-Mar-2026 14:27:16 UTC] Respuesta inválida al obtener métodos de pago
[28-Mar-2026 14:27:17 UTC] Respuesta inválida al obtener métodos de pago
[28-Mar-2026 14:27:17 UTC] Respuesta inválida al obtener métodos de pago
[28-Mar-2026 14:27:17 UTC] Respuesta inválida al obtener métodos de pago
[28-Mar-2026 14:27:18 UTC] Respuesta inválida al obtener métodos de pago
[28-Mar-2026 14:27:20 UTC] Respuesta inválida al obtener métodos de pago
[28-Mar-2026 14:27:21 UTC] Respuesta inválida al obtener métodos de pago
[28-Mar-2026 14:27:29 UTC] Respuesta inválida al obtener métodos de pago
[28-Mar-2026 14:27:30 UTC] Respuesta inválida al obtener métodos de pago
[28-Mar-2026 14:27:32 UTC] Respuesta inválida al obtener métodos de pago
[28-Mar-2026 14:27:32 UTC] Respuesta inválida al obtener métodos de pago
[28-Mar-2026 14:27:38 UTC] Respuesta inválida al obtener métodos de pago
[28-Mar-2026 14:27:39 UTC] Respuesta inválida al obtener métodos de pago
[28-Mar-2026 14:28:03 UTC] Respuesta inválida al obtener métodos de pago
[28-Mar-2026 14:28:03 UTC] Respuesta inválida al obtener métodos de pago
[28-Mar-2026 14:28:04 UTC] PHP Warning:  Undefined variable $expirationDate in /var/www/html/wp-content/plugins/woocommerce-epayco-api/templates/public/order/order-received.php on line 25
[28-Mar-2026 14:28:04 UTC] PHP Warning:  Undefined variable $codeProject in /var/www/html/wp-content/plugins/woocommerce-epayco-api/templates/public/order/order-received.php on line 26
[28-Mar-2026 14:28:04 UTC] PHP Warning:  Undefined variable $pin in /var/www/html/wp-content/plugins/woocommerce-epayco-api/templates/public/order/order-received.php on line 27
[28-Mar-2026 14:28:04 UTC] PHP Warning:  Undefined variable $expirationDate in /var/www/html/wp-content/plugins/woocommerce-epayco-api/templates/public/order/order-received.php on line 31
[28-Mar-2026 14:28:04 UTC] PHP Warning:  Undefined variable $codeProject in /var/www/html/wp-content/plugins/woocommerce-epayco-api/templates/public/order/order-received.php on line 32
[28-Mar-2026 14:28:04 UTC] PHP Warning:  Undefined variable $pin in /var/www/html/wp-content/plugins/woocommerce-epayco-api/templates/public/order/order-received.php on line 33
[28-Mar-2026 14:28:05 UTC] Respuesta inválida al obtener métodos de pago
[28-Mar-2026 14:28:05 UTC] Respuesta inválida al obtener métodos de pago
[28-Mar-2026 14:28:05 UTC] Respuesta inválida al obtener métodos de pago
[28-Mar-2026 14:28:06 UTC] Respuesta inválida al obtener métodos de pago
[28-Mar-2026 14:28:06 UTC] Respuesta inválida al obtener métodos de pago
[28-Mar-2026 14:28:11 UTC] Respuesta inválida al obtener métodos de pago
[28-Mar-2026 14:28:11 UTC] Respuesta inválida al obtener métodos de pago
[28-Mar-2026 14:28:12 UTC] Respuesta inválida al obtener métodos de pago
[28-Mar-2026 14:28:13 UTC] Respuesta inválida al obtener métodos de pago
[28-Mar-2026 14:28:14 UTC] Respuesta inválida al obtener métodos de pago
[28-Mar-2026 14:28:14 UTC] Respuesta inválida al obtener métodos de pago
[28-Mar-2026 14:28:15 UTC] Respuesta inválida al obtener métodos de pago
[28-Mar-2026 14:28:15 UTC] Respuesta inválida al obtener métodos de pago
[28-Mar-2026 14:28:16 UTC] Respuesta inválida al obtener métodos de pago
[28-Mar-2026 14:28:16 UTC] Respuesta inválida al obtener métodos de pago
[28-Mar-2026 14:28:16 UTC] Respuesta inválida al obtener métodos de pago
[28-Mar-2026 14:28:18 UTC] Respuesta inválida al obtener métodos de pago
[28-Mar-2026 14:28:18 UTC] Respuesta inválida al obtener métodos de pago
[28-Mar-2026 14:28:18 UTC] Respuesta inválida al obtener métodos de pago
[28-Mar-2026 14:28:18 UTC] Respuesta inválida al obtener métodos de pago
[28-Mar-2026 14:28:18 UTC] Respuesta inválida al obtener métodos de pago
[28-Mar-2026 14:28:18 UTC] Respuesta inválida al obtener métodos de pago
[28-Mar-2026 14:28:18 UTC] Respuesta inválida al obtener métodos de pago
[28-Mar-2026 14:28:18 UTC] Respuesta inválida al obtener métodos de pago
[28-Mar-2026 14:28:18 UTC] Respuesta inválida al obtener métodos de pago
[28-Mar-2026 14:28:18 UTC] Respuesta inválida al obtener métodos de pago
[28-Mar-2026 14:28:18 UTC] Respuesta inválida al obtener métodos de pago
[28-Mar-2026 14:28:18 UTC] Respuesta inválida al obtener métodos de pago
[28-Mar-2026 14:28:18 UTC] Respuesta inválida al obtener métodos de pago
[28-Mar-2026 14:28:18 UTC] Respuesta inválida al obtener métodos de pago
[28-Mar-2026 14:28:18 UTC] Respuesta inválida al obtener métodos de pago
[28-Mar-2026 14:28:19 UTC] Respuesta inválida al obtener métodos de pago
[28-Mar-2026 14:28:19 UTC] Respuesta inválida al obtener métodos de pago
[28-Mar-2026 14:28:19 UTC] Respuesta inválida al obtener métodos de pago
[28-Mar-2026 14:28:19 UTC] Respuesta inválida al obtener métodos de pago
[28-Mar-2026 14:28:19 UTC] Respuesta inválida al obtener métodos de pago
[28-Mar-2026 14:28:20 UTC] Respuesta inválida al obtener métodos de pago
[28-Mar-2026 14:28:20 UTC] Respuesta inválida al obtener métodos de pago
[28-Mar-2026 14:28:32 UTC] Respuesta inválida al obtener métodos de pago
[28-Mar-2026 14:28:32 UTC] Respuesta inválida al obtener métodos de pago
[28-Mar-2026 14:28:34 UTC] Respuesta inválida al obtener métodos de pago
[28-Mar-2026 14:28:35 UTC] Respuesta inválida al obtener métodos de pago
[28-Mar-2026 14:28:40 UTC] Respuesta inválida al obtener métodos de pago
[28-Mar-2026 14:28:40 UTC] Respuesta inválida al obtener métodos de pago
[28-Mar-2026 14:28:41 UTC] PHP Warning:  Undefined variable $test_mode_link_src in /var/www/html/wp-content/plugins/woocommerce-epayco-api/templates/public/checkout/pse-checkout.php on line 55
[28-Mar-2026 14:28:41 UTC] PHP Warning:  Undefined variable $test_mode_link_src in /var/www/html/wp-content/plugins/woocommerce-epayco-api/templates/public/checkout/ticket-checkout.php on line 59
[28-Mar-2026 14:28:41 UTC] PHP Warning:  Undefined variable $test_mode_link_src in /var/www/html/wp-content/plugins/woocommerce-epayco-api/templates/public/checkout/daviplata-checkout.php on line 59
[28-Mar-2026 14:28:41 UTC] Respuesta inválida al obtener métodos de pago
[28-Mar-2026 14:28:42 UTC] Respuesta inválida al obtener métodos de pago
[28-Mar-2026 14:28:42 UTC] Respuesta inválida al obtener métodos de pago
[28-Mar-2026 14:28:43 UTC] Respuesta inválida al obtener métodos de pago
[28-Mar-2026 14:28:43 UTC] Respuesta inválida al obtener métodos de pago
[28-Mar-2026 14:28:44 UTC] Respuesta inválida al obtener métodos de pago
[28-Mar-2026 14:28:45 UTC] Respuesta inválida al obtener métodos de pago
[28-Mar-2026 14:28:47 UTC] Respuesta inválida al obtener métodos de pago
[28-Mar-2026 14:28:48 UTC] Respuesta inválida al obtener métodos de pago
[28-Mar-2026 14:28:48 UTC] PHP Warning:  Undefined variable $test_mode_link_src in /var/www/html/wp-content/plugins/woocommerce-epayco-api/templates/public/checkout/pse-checkout.php on line 55
[28-Mar-2026 14:28:48 UTC] PHP Warning:  Undefined variable $test_mode_link_src in /var/www/html/wp-content/plugins/woocommerce-epayco-api/templates/public/checkout/ticket-checkout.php on line 59
[28-Mar-2026 14:28:48 UTC] PHP Warning:  Undefined variable $test_mode_link_src in /var/www/html/wp-content/plugins/woocommerce-epayco-api/templates/public/checkout/daviplata-checkout.php on line 59
[28-Mar-2026 14:28:48 UTC] Respuesta inválida al obtener métodos de pago
[28-Mar-2026 14:28:49 UTC] Respuesta inválida al obtener métodos de pago
[28-Mar-2026 14:28:49 UTC] Respuesta inválida al obtener métodos de pago
[28-Mar-2026 14:28:49 UTC] Respuesta inválida al obtener métodos de pago
[28-Mar-2026 14:28:50 UTC] Respuesta inválida al obtener métodos de pago
[28-Mar-2026 14:28:51 UTC] Respuesta inválida al obtener métodos de pago
[28-Mar-2026 14:28:51 UTC] Respuesta inválida al obtener métodos de pago
[28-Mar-2026 14:28:53 UTC] Respuesta inválida al obtener métodos de pago
[28-Mar-2026 14:28:53 UTC] Respuesta inválida al obtener métodos de pago
[28-Mar-2026 14:28:54 UTC] Respuesta inválida al obtener métodos de pago
[28-Mar-2026 14:28:54 UTC] Respuesta inválida al obtener métodos de pago
[28-Mar-2026 14:28:55 UTC] Respuesta inválida al obtener métodos de pago
[28-Mar-2026 14:28:55 UTC] Respuesta inválida al obtener métodos de pago
[28-Mar-2026 14:28:55 UTC] Respuesta inválida al obtener métodos de pago
[28-Mar-2026 14:28:56 UTC] Respuesta inválida al obtener métodos de pago
[28-Mar-2026 14:28:56 UTC] Respuesta inválida al obtener métodos de pago
[28-Mar-2026 14:28:57 UTC] Respuesta inválida al obtener métodos de pago
[28-Mar-2026 14:28:57 UTC] Respuesta inválida al obtener métodos de pago
[28-Mar-2026 14:28:57 UTC] Respuesta inválida al obtener métodos de pago
[28-Mar-2026 14:28:57 UTC] PHP Warning:  Undefined variable $test_mode_link_src in /var/www/html/wp-content/plugins/woocommerce-epayco-api/templates/public/checkout/pse-checkout.php on line 55
[28-Mar-2026 14:28:57 UTC] PHP Warning:  Undefined variable $test_mode_link_src in /var/www/html/wp-content/plugins/woocommerce-epayco-api/templates/public/checkout/ticket-checkout.php on line 59
[28-Mar-2026 14:28:57 UTC] PHP Warning:  Undefined variable $test_mode_link_src in /var/www/html/wp-content/plugins/woocommerce-epayco-api/templates/public/checkout/daviplata-checkout.php on line 59
[28-Mar-2026 14:28:58 UTC] Respuesta inválida al obtener métodos de pago
[28-Mar-2026 14:28:58 UTC] Respuesta inválida al obtener métodos de pago
[28-Mar-2026 14:28:58 UTC] Respuesta inválida al obtener métodos de pago
[28-Mar-2026 14:28:59 UTC] Respuesta inválida al obtener métodos de pago
[28-Mar-2026 14:28:59 UTC] Respuesta inválida al obtener métodos de pago
[28-Mar-2026 14:29:00 UTC] Respuesta inválida al obtener métodos de pago
[28-Mar-2026 14:29:01 UTC] Respuesta inválida al obtener métodos de pago
[28-Mar-2026 14:29:01 UTC] Respuesta inválida al obtener métodos de pago
[28-Mar-2026 14:29:01 UTC] Respuesta inválida al obtener métodos de pago
[28-Mar-2026 14:29:02 UTC] Respuesta inválida al obtener métodos de pago
[28-Mar-2026 14:29:02 UTC] Respuesta inválida al obtener métodos de pago
[28-Mar-2026 14:29:02 UTC] Respuesta inválida al obtener métodos de pago
[28-Mar-2026 14:29:03 UTC] Respuesta inválida al obtener métodos de pago
[28-Mar-2026 14:29:03 UTC] Respuesta inválida al obtener métodos de pago
[28-Mar-2026 14:29:04 UTC] Respuesta inválida al obtener métodos de pago
[28-Mar-2026 14:29:04 UTC] Respuesta inválida al obtener métodos de pago
[28-Mar-2026 14:29:04 UTC] Respuesta inválida al obtener métodos de pago
[28-Mar-2026 14:29:04 UTC] PHP Warning:  Undefined variable $test_mode_link_src in /var/www/html/wp-content/plugins/woocommerce-epayco-api/templates/public/checkout/pse-checkout.php on line 55
[28-Mar-2026 14:29:04 UTC] PHP Warning:  Undefined variable $test_mode_link_src in /var/www/html/wp-content/plugins/woocommerce-epayco-api/templates/public/checkout/ticket-checkout.php on line 59
[28-Mar-2026 14:29:04 UTC] PHP Warning:  Undefined variable $test_mode_link_src in /var/www/html/wp-content/plugins/woocommerce-epayco-api/templates/public/checkout/daviplata-checkout.php on line 59
[28-Mar-2026 14:29:05 UTC] Respuesta inválida al obtener métodos de pago
[28-Mar-2026 14:29:05 UTC] Respuesta inválida al obtener métodos de pago
[28-Mar-2026 14:29:05 UTC] Respuesta inválida al obtener métodos de pago
[28-Mar-2026 14:29:06 UTC] Respuesta inválida al obtener métodos de pago
[28-Mar-2026 14:29:06 UTC] Respuesta inválida al obtener métodos de pago
[28-Mar-2026 14:29:08 UTC] Respuesta inválida al obtener métodos de pago
[28-Mar-2026 14:29:08 UTC] Respuesta inválida al obtener métodos de pago
[28-Mar-2026 14:29:09 UTC] Respuesta inválida al obtener métodos de pago
[28-Mar-2026 14:29:09 UTC] Respuesta inválida al obtener métodos de pago
[28-Mar-2026 14:29:09 UTC] Respuesta inválida al obtener métodos de pago
[28-Mar-2026 14:29:10 UTC] Respuesta inválida al obtener métodos de pago
[28-Mar-2026 14:29:10 UTC] Respuesta inválida al obtener métodos de pago
[28-Mar-2026 14:29:10 UTC] Respuesta inválida al obtener métodos de pago
[28-Mar-2026 14:29:11 UTC] Respuesta inválida al obtener métodos de pago
[28-Mar-2026 14:29:11 UTC] Respuesta inválida al obtener métodos de pago
[28-Mar-2026 14:29:11 UTC] Respuesta inválida al obtener métodos de pago
[28-Mar-2026 14:29:11 UTC] Respuesta inválida al obtener métodos de pago
[28-Mar-2026 14:29:12 UTC] Respuesta inválida al obtener métodos de pago
[28-Mar-2026 14:29:12 UTC] Respuesta inválida al obtener métodos de pago
[28-Mar-2026 14:29:12 UTC] PHP Warning:  Undefined variable $test_mode_link_src in /var/www/html/wp-content/plugins/woocommerce-epayco-api/templates/public/checkout/pse-checkout.php on line 55
[28-Mar-2026 14:29:12 UTC] PHP Warning:  Undefined variable $test_mode_link_src in /var/www/html/wp-content/plugins/woocommerce-epayco-api/templates/public/checkout/ticket-checkout.php on line 59
[28-Mar-2026 14:29:12 UTC] PHP Warning:  Undefined variable $test_mode_link_src in /var/www/html/wp-content/plugins/woocommerce-epayco-api/templates/public/checkout/daviplata-checkout.php on line 59
[28-Mar-2026 14:29:12 UTC] Respuesta inválida al obtener métodos de pago
[28-Mar-2026 14:29:13 UTC] Respuesta inválida al obtener métodos de pago
[28-Mar-2026 14:29:13 UTC] Respuesta inválida al obtener métodos de pago
[28-Mar-2026 14:29:13 UTC] Respuesta inválida al obtener métodos de pago
[28-Mar-2026 14:29:14 UTC] Respuesta inválida al obtener métodos de pago
[28-Mar-2026 14:29:18 UTC] Respuesta inválida al obtener métodos de pago
[28-Mar-2026 14:29:18 UTC] Respuesta inválida al obtener métodos de pago
[28-Mar-2026 14:29:18 UTC] Respuesta inválida al obtener métodos de pago
[28-Mar-2026 14:29:19 UTC] Respuesta inválida al obtener métodos de pago
[28-Mar-2026 14:29:20 UTC] Respuesta inválida al obtener métodos de pago
[28-Mar-2026 14:29:21 UTC] Respuesta inválida al obtener métodos de pago
[28-Mar-2026 14:29:40 UTC] Respuesta inválida al obtener métodos de pago
[28-Mar-2026 14:29:40 UTC] Respuesta inválida al obtener métodos de pago
[28-Mar-2026 14:29:44 UTC] Respuesta inválida al obtener métodos de pago
[28-Mar-2026 14:29:45 UTC] Respuesta inválida al obtener métodos de pago
[28-Mar-2026 14:30:49 UTC] Respuesta inválida al obtener métodos de pago
[28-Mar-2026 14:30:49 UTC] Respuesta inválida al obtener métodos de pago
[28-Mar-2026 14:30:50 UTC] PHP Warning:  Undefined variable $expirationDate in /var/www/html/wp-content/plugins/woocommerce-epayco-api/templates/public/order/order-received.php on line 25
[28-Mar-2026 14:30:50 UTC] PHP Warning:  Undefined variable $codeProject in /var/www/html/wp-content/plugins/woocommerce-epayco-api/templates/public/order/order-received.php on line 26
[28-Mar-2026 14:30:50 UTC] PHP Warning:  Undefined variable $pin in /var/www/html/wp-content/plugins/woocommerce-epayco-api/templates/public/order/order-received.php on line 27
[28-Mar-2026 14:30:50 UTC] PHP Warning:  Undefined variable $expirationDate in /var/www/html/wp-content/plugins/woocommerce-epayco-api/templates/public/order/order-received.php on line 31
[28-Mar-2026 14:30:50 UTC] PHP Warning:  Undefined variable $codeProject in /var/www/html/wp-content/plugins/woocommerce-epayco-api/templates/public/order/order-received.php on line 32
[28-Mar-2026 14:30:50 UTC] PHP Warning:  Undefined variable $pin in /var/www/html/wp-content/plugins/woocommerce-epayco-api/templates/public/order/order-received.php on line 33
[28-Mar-2026 14:30:50 UTC] Respuesta inválida al obtener métodos de pago
[28-Mar-2026 14:30:51 UTC] Respuesta inválida al obtener métodos de pago
[28-Mar-2026 14:30:51 UTC] Respuesta inválida al obtener métodos de pago
[28-Mar-2026 14:30:52 UTC] Respuesta inválida al obtener métodos de pago
[28-Mar-2026 14:30:52 UTC] Respuesta inválida al obtener métodos de pago
[28-Mar-2026 14:30:55 UTC] Respuesta inválida al obtener métodos de pago
[28-Mar-2026 14:30:55 UTC] Respuesta inválida al obtener métodos de pago
[28-Mar-2026 14:30:59 UTC] Respuesta inválida al obtener métodos de pago
[28-Mar-2026 14:31:00 UTC] Respuesta inválida al obtener métodos de pago
[28-Mar-2026 14:31:00 UTC] Respuesta inválida al obtener métodos de pago
[28-Mar-2026 14:31:00 UTC] Respuesta inválida al obtener métodos de pago
[28-Mar-2026 14:31:01 UTC] Respuesta inválida al obtener métodos de pago
[28-Mar-2026 14:31:02 UTC] Respuesta inválida al obtener métodos de pago
[28-Mar-2026 14:31:02 UTC] Respuesta inválida al obtener métodos de pago
[28-Mar-2026 14:31:03 UTC] Respuesta inválida al obtener métodos de pago
[28-Mar-2026 14:31:03 UTC] Respuesta inválida al obtener métodos de pago
[28-Mar-2026 14:31:03 UTC] Respuesta inválida al obtener métodos de pago
[28-Mar-2026 14:31:04 UTC] Respuesta inválida al obtener métodos de pago
[28-Mar-2026 14:31:06 UTC] Respuesta inválida al obtener métodos de pago
[28-Mar-2026 14:31:06 UTC] Respuesta inválida al obtener métodos de pago
[28-Mar-2026 14:31:07 UTC] Respuesta inválida al obtener métodos de pago
[28-Mar-2026 14:31:07 UTC] Respuesta inválida al obtener métodos de pago
[28-Mar-2026 14:31:07 UTC] Respuesta inválida al obtener métodos de pago
[28-Mar-2026 14:31:07 UTC] Respuesta inválida al obtener métodos de pago
[28-Mar-2026 14:31:07 UTC] Respuesta inválida al obtener métodos de pago
[28-Mar-2026 14:31:07 UTC] Respuesta inválida al obtener métodos de pago
[28-Mar-2026 14:31:07 UTC] Respuesta inválida al obtener métodos de pago
[28-Mar-2026 14:31:07 UTC] Respuesta inválida al obtener métodos de pago
[28-Mar-2026 14:31:07 UTC] Respuesta inválida al obtener métodos de pago
[28-Mar-2026 14:31:07 UTC] Respuesta inválida al obtener métodos de pago
[28-Mar-2026 14:31:07 UTC] Respuesta inválida al obtener métodos de pago
[28-Mar-2026 14:31:07 UTC] Respuesta inválida al obtener métodos de pago
[28-Mar-2026 14:31:07 UTC] Respuesta inválida al obtener métodos de pago
[28-Mar-2026 14:31:07 UTC] Respuesta inválida al obtener métodos de pago
[28-Mar-2026 14:31:07 UTC] Respuesta inválida al obtener métodos de pago
[28-Mar-2026 14:31:07 UTC] Respuesta inválida al obtener métodos de pago
[28-Mar-2026 14:31:10 UTC] Respuesta inválida al obtener métodos de pago
[28-Mar-2026 14:31:11 UTC] Respuesta inválida al obtener métodos de pago
[28-Mar-2026 14:31:12 UTC] Respuesta inválida al obtener métodos de pago
[28-Mar-2026 14:31:13 UTC] Respuesta inválida al obtener métodos de pago
[28-Mar-2026 14:31:14 UTC] Error en la respuesta de la API de ePayco, código de estado: 503
[28-Mar-2026 14:31:21 UTC] Respuesta inválida al obtener métodos de pago
[28-Mar-2026 14:31:22 UTC] Respuesta inválida al obtener métodos de pago
[28-Mar-2026 14:32:10 UTC] Respuesta inválida al obtener métodos de pago
[28-Mar-2026 14:32:10 UTC] Respuesta inválida al obtener métodos de pago
[28-Mar-2026 14:32:11 UTC] Respuesta inválida al obtener métodos de pago
[28-Mar-2026 14:32:11 UTC] Respuesta inválida al obtener métodos de pago
[28-Mar-2026 14:32:12 UTC] Respuesta inválida al obtener métodos de pago
[28-Mar-2026 14:32:12 UTC] Respuesta inválida al obtener métodos de pago
[28-Mar-2026 14:32:12 UTC] Respuesta inválida al obtener métodos de pago
[28-Mar-2026 14:32:36 UTC] Respuesta inválida al obtener métodos de pago
[28-Mar-2026 14:32:37 UTC] Respuesta inválida al obtener métodos de pago
[28-Mar-2026 14:32:41 UTC] Respuesta inválida al obtener métodos de pago
[28-Mar-2026 14:32:41 UTC] Respuesta inválida al obtener métodos de pago
[28-Mar-2026 14:32:42 UTC] Respuesta inválida al obtener métodos de pago
[28-Mar-2026 14:32:42 UTC] Respuesta inválida al obtener métodos de pago
[28-Mar-2026 14:32:42 UTC] Respuesta inválida al obtener métodos de pago
[28-Mar-2026 14:32:42 UTC] Respuesta inválida al obtener métodos de pago
[28-Mar-2026 14:32:46 UTC] Respuesta inválida al obtener métodos de pago
[28-Mar-2026 14:32:47 UTC] Respuesta inválida al obtener métodos de pago
[28-Mar-2026 14:32:47 UTC] Respuesta inválida al obtener métodos de pago
[28-Mar-2026 14:32:47 UTC] Respuesta inválida al obtener métodos de pago
[28-Mar-2026 14:32:48 UTC] Respuesta inválida al obtener métodos de pago
[28-Mar-2026 14:32:48 UTC] Respuesta inválida al obtener métodos de pago
[28-Mar-2026 14:32:48 UTC] Respuesta inválida al obtener métodos de pago
[28-Mar-2026 14:32:49 UTC] Respuesta inválida al obtener métodos de pago
[28-Mar-2026 14:32:49 UTC] Respuesta inválida al obtener métodos de pago
[28-Mar-2026 14:32:51 UTC] Respuesta inválida al obtener métodos de pago
[28-Mar-2026 14:32:51 UTC] Respuesta inválida al obtener métodos de pago
[28-Mar-2026 14:32:51 UTC] Respuesta inválida al obtener métodos de pago
[28-Mar-2026 14:32:51 UTC] Respuesta inválida al obtener métodos de pago
[28-Mar-2026 14:32:51 UTC] Respuesta inválida al obtener métodos de pago
[28-Mar-2026 14:32:51 UTC] Respuesta inválida al obtener métodos de pago
[28-Mar-2026 14:32:51 UTC] Respuesta inválida al obtener métodos de pago
[28-Mar-2026 14:32:52 UTC] Respuesta inválida al obtener métodos de pago
[28-Mar-2026 14:32:52 UTC] Respuesta inválida al obtener métodos de pago
[28-Mar-2026 14:32:52 UTC] Respuesta inválida al obtener métodos de pago
[28-Mar-2026 14:32:52 UTC] Respuesta inválida al obtener métodos de pago
[28-Mar-2026 14:32:52 UTC] Respuesta inválida al obtener métodos de pago
[28-Mar-2026 14:32:52 UTC] Respuesta inválida al obtener métodos de pago
[28-Mar-2026 14:32:52 UTC] Respuesta inválida al obtener métodos de pago
[28-Mar-2026 14:32:52 UTC] Respuesta inválida al obtener métodos de pago
[28-Mar-2026 14:32:52 UTC] Respuesta inválida al obtener métodos de pago
[28-Mar-2026 14:32:53 UTC] Respuesta inválida al obtener métodos de pago
[28-Mar-2026 14:32:53 UTC] Respuesta inválida al obtener métodos de pago
[28-Mar-2026 14:32:54 UTC] Respuesta inválida al obtener métodos de pago
[28-Mar-2026 14:32:54 UTC] Respuesta inválida al obtener métodos de pago
[28-Mar-2026 14:32:55 UTC] Respuesta inválida al obtener métodos de pago
[28-Mar-2026 14:32:55 UTC] Respuesta inválida al obtener métodos de pago
[28-Mar-2026 14:32:55 UTC] Respuesta inválida al obtener métodos de pago
[28-Mar-2026 14:32:57 UTC] Respuesta inválida al obtener métodos de pago
[28-Mar-2026 14:32:57 UTC] Respuesta inválida al obtener métodos de pago
[28-Mar-2026 14:32:57 UTC] Respuesta inválida al obtener métodos de pago
[28-Mar-2026 14:32:57 UTC] Respuesta inválida al obtener métodos de pago
[28-Mar-2026 14:32:57 UTC] Respuesta inválida al obtener métodos de pago
[28-Mar-2026 14:32:57 UTC] Respuesta inválida al obtener métodos de pago
[28-Mar-2026 14:32:57 UTC] Respuesta inválida al obtener métodos de pago
[28-Mar-2026 14:32:57 UTC] Respuesta inválida al obtener métodos de pago
[28-Mar-2026 14:32:57 UTC] Respuesta inválida al obtener métodos de pago
[28-Mar-2026 14:32:57 UTC] Respuesta inválida al obtener métodos de pago
[28-Mar-2026 14:32:57 UTC] Respuesta inválida al obtener métodos de pago
[28-Mar-2026 14:32:57 UTC] Respuesta inválida al obtener métodos de pago
[28-Mar-2026 14:32:57 UTC] Respuesta inválida al obtener métodos de pago
[28-Mar-2026 14:32:57 UTC] Respuesta inválida al obtener métodos de pago
[28-Mar-2026 14:32:57 UTC] Respuesta inválida al obtener métodos de pago
[28-Mar-2026 14:32:57 UTC] Respuesta inválida al obtener métodos de pago
[28-Mar-2026 14:32:58 UTC] Respuesta inválida al obtener métodos de pago
[28-Mar-2026 14:32:58 UTC] Respuesta inválida al obtener métodos de pago
[28-Mar-2026 14:32:59 UTC] Respuesta inválida al obtener métodos de pago
[28-Mar-2026 14:33:00 UTC] Respuesta inválida al obtener métodos de pago
[28-Mar-2026 14:33:24 UTC] Respuesta inválida al obtener métodos de pago
[28-Mar-2026 14:33:24 UTC] Respuesta inválida al obtener métodos de pago
[28-Mar-2026 14:33:25 UTC] Respuesta inválida al obtener métodos de pago
[28-Mar-2026 14:33:25 UTC] Respuesta inválida al obtener métodos de pago
[28-Mar-2026 14:33:26 UTC] Respuesta inválida al obtener métodos de pago
[28-Mar-2026 14:33:27 UTC] Respuesta inválida al obtener métodos de pago
[28-Mar-2026 14:33:57 UTC] Respuesta inválida al obtener métodos de pago
[28-Mar-2026 14:33:58 UTC] Respuesta inválida al obtener métodos de pago
[28-Mar-2026 14:34:07 UTC] Respuesta inválida al obtener métodos de pago
[28-Mar-2026 14:34:08 UTC] Respuesta inválida al obtener métodos de pago
[28-Mar-2026 14:34:52 UTC] Respuesta inválida al obtener métodos de pago
[28-Mar-2026 14:34:53 UTC] Respuesta inválida al obtener métodos de pago
[28-Mar-2026 14:34:55 UTC] Respuesta inválida al obtener métodos de pago
[28-Mar-2026 14:34:55 UTC] Respuesta inválida al obtener métodos de pago
[28-Mar-2026 14:34:56 UTC] Respuesta inválida al obtener métodos de pago
[28-Mar-2026 14:34:56 UTC] Respuesta inválida al obtener métodos de pago
[28-Mar-2026 14:34:56 UTC] Respuesta inválida al obtener métodos de pago
[28-Mar-2026 14:34:57 UTC] Respuesta inválida al obtener métodos de pago
[28-Mar-2026 14:34:57 UTC] Respuesta inválida al obtener métodos de pago
[28-Mar-2026 14:34:57 UTC] Respuesta inválida al obtener métodos de pago
[28-Mar-2026 14:34:58 UTC] Respuesta inválida al obtener métodos de pago
[28-Mar-2026 14:34:58 UTC] Respuesta inválida al obtener métodos de pago
[28-Mar-2026 14:34:58 UTC] Respuesta inválida al obtener métodos de pago
[28-Mar-2026 14:35:00 UTC] Respuesta inválida al obtener métodos de pago
[28-Mar-2026 14:35:00 UTC] Respuesta inválida al obtener métodos de pago
[28-Mar-2026 14:35:00 UTC] Respuesta inválida al obtener métodos de pago
[28-Mar-2026 14:35:00 UTC] Respuesta inválida al obtener métodos de pago
[28-Mar-2026 14:35:00 UTC] Respuesta inválida al obtener métodos de pago
[28-Mar-2026 14:35:00 UTC] Respuesta inválida al obtener métodos de pago
[28-Mar-2026 14:35:00 UTC] Respuesta inválida al obtener métodos de pago
[28-Mar-2026 14:35:00 UTC] Respuesta inválida al obtener métodos de pago
[28-Mar-2026 14:35:00 UTC] Respuesta inválida al obtener métodos de pago
[28-Mar-2026 14:35:00 UTC] Respuesta inválida al obtener métodos de pago
[28-Mar-2026 14:35:00 UTC] Respuesta inválida al obtener métodos de pago
[28-Mar-2026 14:35:00 UTC] Respuesta inválida al obtener métodos de pago
[28-Mar-2026 14:35:00 UTC] Respuesta inválida al obtener métodos de pago
[28-Mar-2026 14:35:00 UTC] Respuesta inválida al obtener métodos de pago
[28-Mar-2026 14:35:00 UTC] Respuesta inválida al obtener métodos de pago
[28-Mar-2026 14:35:00 UTC] Respuesta inválida al obtener métodos de pago
[28-Mar-2026 14:35:00 UTC] Respuesta inválida al obtener métodos de pago
[28-Mar-2026 14:35:00 UTC] Respuesta inválida al obtener métodos de pago
[28-Mar-2026 14:35:00 UTC] Respuesta inválida al obtener métodos de pago
[28-Mar-2026 14:35:01 UTC] Respuesta inválida al obtener métodos de pago
[28-Mar-2026 14:35:46 UTC] Respuesta inválida al obtener métodos de pago
[28-Mar-2026 14:35:47 UTC] Respuesta inválida al obtener métodos de pago
[28-Mar-2026 14:35:47 UTC] PHP Warning:  Undefined array key "x_ref_payco" in /var/www/html/wp-content/plugins/woocommerce-epayco-api/src/Gateways/AbstractGateway.php on line 331
[28-Mar-2026 14:35:48 UTC] Respuesta inválida al obtener métodos de pago
[28-Mar-2026 14:35:49 UTC] Respuesta inválida al obtener métodos de pago
[28-Mar-2026 14:35:53 UTC] Respuesta inválida al obtener métodos de pago
[28-Mar-2026 14:35:53 UTC] Respuesta inválida al obtener métodos de pago
[28-Mar-2026 14:35:54 UTC] Respuesta inválida al obtener métodos de pago
[28-Mar-2026 14:35:54 UTC] Respuesta inválida al obtener métodos de pago
[28-Mar-2026 14:35:54 UTC] Respuesta inválida al obtener métodos de pago
[28-Mar-2026 14:35:55 UTC] Respuesta inválida al obtener métodos de pago
[28-Mar-2026 14:35:55 UTC] Respuesta inválida al obtener métodos de pago
[28-Mar-2026 14:35:57 UTC] Respuesta inválida al obtener métodos de pago
[28-Mar-2026 14:35:57 UTC] Respuesta inválida al obtener métodos de pago
[28-Mar-2026 14:35:57 UTC] Respuesta inválida al obtener métodos de pago
[28-Mar-2026 14:35:57 UTC] Respuesta inválida al obtener métodos de pago
[28-Mar-2026 14:35:57 UTC] Respuesta inválida al obtener métodos de pago
[28-Mar-2026 14:35:57 UTC] Respuesta inválida al obtener métodos de pago
[28-Mar-2026 14:35:57 UTC] Respuesta inválida al obtener métodos de pago
[28-Mar-2026 14:35:57 UTC] Respuesta inválida al obtener métodos de pago
[28-Mar-2026 14:35:57 UTC] Respuesta inválida al obtener métodos de pago
[28-Mar-2026 14:35:57 UTC] Respuesta inválida al obtener métodos de pago
[28-Mar-2026 14:35:57 UTC] Respuesta inválida al obtener métodos de pago
[28-Mar-2026 14:35:57 UTC] Respuesta inválida al obtener métodos de pago
[28-Mar-2026 14:35:57 UTC] Respuesta inválida al obtener métodos de pago
[28-Mar-2026 14:35:57 UTC] Respuesta inválida al obtener métodos de pago
[28-Mar-2026 14:35:57 UTC] Respuesta inválida al obtener métodos de pago
[28-Mar-2026 14:35:57 UTC] Respuesta inválida al obtener métodos de pago
[28-Mar-2026 14:35:57 UTC] Respuesta inválida al obtener métodos de pago
[28-Mar-2026 14:35:58 UTC] Respuesta inválida al obtener métodos de pago
[28-Mar-2026 14:36:13 UTC] Respuesta inválida al obtener métodos de pago
[28-Mar-2026 14:36:13 UTC] Respuesta inválida al obtener métodos de pago
[28-Mar-2026 14:36:14 UTC] Respuesta inválida al obtener métodos de pago
[28-Mar-2026 14:36:15 UTC] Respuesta inválida al obtener métodos de pago
[28-Mar-2026 14:36:16 UTC] Error en la respuesta de la API de ePayco, código de estado: 503
[28-Mar-2026 14:36:26 UTC] Respuesta inválida al obtener métodos de pago
[28-Mar-2026 14:36:26 UTC] Respuesta inválida al obtener métodos de pago
[28-Mar-2026 14:36:29 UTC] Respuesta inválida al obtener métodos de pago
[28-Mar-2026 14:36:29 UTC] Respuesta inválida al obtener métodos de pago
[28-Mar-2026 14:36:57 UTC] Respuesta inválida al obtener métodos de pago
[28-Mar-2026 14:36:57 UTC] Respuesta inválida al obtener métodos de pago
[28-Mar-2026 14:36:57 UTC] Respuesta inválida al obtener métodos de pago
[28-Mar-2026 14:36:58 UTC] Respuesta inválida al obtener métodos de pago
[28-Mar-2026 14:36:58 UTC] PHP Warning:  Undefined array key "token" in /var/www/html/wp-content/plugins/woocommerce-epayco-api/src/Configs/Seller.php on line 303
[28-Mar-2026 14:36:59 UTC] Respuesta inválida al obtener métodos de pago
[28-Mar-2026 14:36:59 UTC] Respuesta inválida al obtener métodos de pago
[28-Mar-2026 14:37:00 UTC] Respuesta inválida al obtener métodos de pago
[28-Mar-2026 14:37:00 UTC] Respuesta inválida al obtener métodos de pago
[28-Mar-2026 14:37:04 UTC] Respuesta inválida al obtener métodos de pago
[28-Mar-2026 14:37:05 UTC] Respuesta inválida al obtener métodos de pago
[28-Mar-2026 14:37:06 UTC] Respuesta inválida al obtener métodos de pago
[28-Mar-2026 14:37:06 UTC] Respuesta inválida al obtener métodos de pago
[28-Mar-2026 14:37:06 UTC] Respuesta inválida al obtener métodos de pago
[28-Mar-2026 14:37:06 UTC] Respuesta inválida al obtener métodos de pago
[28-Mar-2026 14:37:07 UTC] Respuesta inválida al obtener métodos de pago
[28-Mar-2026 14:37:07 UTC] Respuesta inválida al obtener métodos de pago
[28-Mar-2026 14:37:13 UTC] Respuesta inválida al obtener métodos de pago
[28-Mar-2026 14:37:13 UTC] Respuesta inválida al obtener métodos de pago
[28-Mar-2026 14:37:14 UTC] Respuesta inválida al obtener métodos de pago
[28-Mar-2026 14:37:14 UTC] Respuesta inválida al obtener métodos de pago
[28-Mar-2026 14:37:14 UTC] Respuesta inválida al obtener métodos de pago
[28-Mar-2026 14:37:15 UTC] Respuesta inválida al obtener métodos de pago
[28-Mar-2026 14:37:15 UTC] Respuesta inválida al obtener métodos de pago
[28-Mar-2026 14:37:17 UTC] Respuesta inválida al obtener métodos de pago
[28-Mar-2026 14:37:17 UTC] Respuesta inválida al obtener métodos de pago
[28-Mar-2026 14:37:21 UTC] Respuesta inválida al obtener métodos de pago
[28-Mar-2026 14:37:21 UTC] Respuesta inválida al obtener métodos de pago
[28-Mar-2026 14:37:23 UTC] Respuesta inválida al obtener métodos de pago
[28-Mar-2026 14:37:24 UTC] Respuesta inválida al obtener métodos de pago
[28-Mar-2026 14:37:24 UTC] Respuesta inválida al obtener métodos de pago
[28-Mar-2026 14:37:25 UTC] Respuesta inválida al obtener métodos de pago
[28-Mar-2026 14:37:25 UTC] Respuesta inválida al obtener métodos de pago
[28-Mar-2026 14:37:26 UTC] Respuesta inválida al obtener métodos de pago
[28-Mar-2026 14:37:27 UTC] Respuesta inválida al obtener métodos de pago
[28-Mar-2026 14:37:27 UTC] Respuesta inválida al obtener métodos de pago
[28-Mar-2026 14:37:27 UTC] Respuesta inválida al obtener métodos de pago
[28-Mar-2026 14:37:28 UTC] Respuesta inválida al obtener métodos de pago
[28-Mar-2026 14:37:28 UTC] Respuesta inválida al obtener métodos de pago
[28-Mar-2026 14:37:29 UTC] Respuesta inválida al obtener métodos de pago
[28-Mar-2026 14:37:29 UTC] Respuesta inválida al obtener métodos de pago
[28-Mar-2026 14:37:30 UTC] Respuesta inválida al obtener métodos de pago
[28-Mar-2026 14:37:30 UTC] Respuesta inválida al obtener métodos de pago
[28-Mar-2026 14:37:30 UTC] Respuesta inválida al obtener métodos de pago
[28-Mar-2026 14:37:31 UTC] Respuesta inválida al obtener métodos de pago
[28-Mar-2026 14:37:31 UTC] Respuesta inválida al obtener métodos de pago
[28-Mar-2026 14:37:32 UTC] Respuesta inválida al obtener métodos de pago
[28-Mar-2026 14:37:32 UTC] Respuesta inválida al obtener métodos de pago
[28-Mar-2026 14:37:32 UTC] Respuesta inválida al obtener métodos de pago
[28-Mar-2026 14:37:33 UTC] Respuesta inválida al obtener métodos de pago
[28-Mar-2026 14:37:33 UTC] Respuesta inválida al obtener métodos de pago
[28-Mar-2026 14:37:33 UTC] Respuesta inválida al obtener métodos de pago
[28-Mar-2026 14:37:34 UTC] Respuesta inválida al obtener métodos de pago
[28-Mar-2026 14:37:34 UTC] Respuesta inválida al obtener métodos de pago
[28-Mar-2026 14:37:34 UTC] Respuesta inválida al obtener métodos de pago
[28-Mar-2026 14:37:35 UTC] Respuesta inválida al obtener métodos de pago
[28-Mar-2026 14:37:36 UTC] Respuesta inválida al obtener métodos de pago
[28-Mar-2026 14:37:36 UTC] Respuesta inválida al obtener métodos de pago
[28-Mar-2026 14:37:37 UTC] Respuesta inválida al obtener métodos de pago
[28-Mar-2026 14:37:37 UTC] Respuesta inválida al obtener métodos de pago
[28-Mar-2026 14:37:38 UTC] Respuesta inválida al obtener métodos de pago
[28-Mar-2026 14:37:38 UTC] Respuesta inválida al obtener métodos de pago
[28-Mar-2026 14:37:38 UTC] Respuesta inválida al obtener métodos de pago
[28-Mar-2026 14:37:39 UTC] Respuesta inválida al obtener métodos de pago
[28-Mar-2026 14:37:39 UTC] Respuesta inválida al obtener métodos de pago
[28-Mar-2026 14:37:39 UTC] Respuesta inválida al obtener métodos de pago
[28-Mar-2026 14:37:39 UTC] Respuesta inválida al obtener métodos de pago
[28-Mar-2026 14:37:39 UTC] Respuesta inválida al obtener métodos de pago
[28-Mar-2026 14:37:40 UTC] Respuesta inválida al obtener métodos de pago
[28-Mar-2026 14:37:40 UTC] Respuesta inválida al obtener métodos de pago
[28-Mar-2026 14:37:40 UTC] Respuesta inválida al obtener métodos de pago
[28-Mar-2026 14:37:40 UTC] Respuesta inválida al obtener métodos de pago
[28-Mar-2026 14:37:40 UTC] Respuesta inválida al obtener métodos de pago
[28-Mar-2026 14:37:40 UTC] Respuesta inválida al obtener métodos de pago
[28-Mar-2026 14:37:41 UTC] Respuesta inválida al obtener métodos de pago
[28-Mar-2026 14:37:41 UTC] Respuesta inválida al obtener métodos de pago
[28-Mar-2026 14:37:41 UTC] Respuesta inválida al obtener métodos de pago
[28-Mar-2026 14:37:41 UTC] Respuesta inválida al obtener métodos de pago
[28-Mar-2026 14:37:41 UTC] Respuesta inválida al obtener métodos de pago
[28-Mar-2026 14:37:42 UTC] Respuesta inválida al obtener métodos de pago
[28-Mar-2026 14:37:43 UTC] Respuesta inválida al obtener métodos de pago
[28-Mar-2026 14:37:43 UTC] Respuesta inválida al obtener métodos de pago
[28-Mar-2026 14:37:44 UTC] Respuesta inválida al obtener métodos de pago
[28-Mar-2026 14:37:44 UTC] Respuesta inválida al obtener métodos de pago
[28-Mar-2026 14:37:44 UTC] Respuesta inválida al obtener métodos de pago
[28-Mar-2026 14:37:44 UTC] Respuesta inválida al obtener métodos de pago
[28-Mar-2026 14:37:44 UTC] Respuesta inválida al obtener métodos de pago
[28-Mar-2026 14:37:44 UTC] Respuesta inválida al obtener métodos de pago
[28-Mar-2026 14:37:44 UTC] Respuesta inválida al obtener métodos de pago
[28-Mar-2026 14:37:44 UTC] Respuesta inválida al obtener métodos de pago
[28-Mar-2026 14:37:44 UTC] Respuesta inválida al obtener métodos de pago
[28-Mar-2026 14:37:44 UTC] Respuesta inválida al obtener métodos de pago
[28-Mar-2026 14:37:44 UTC] Respuesta inválida al obtener métodos de pago
[28-Mar-2026 14:37:44 UTC] Respuesta inválida al obtener métodos de pago
[28-Mar-2026 14:37:44 UTC] Respuesta inválida al obtener métodos de pago
[28-Mar-2026 14:37:44 UTC] Respuesta inválida al obtener métodos de pago
[28-Mar-2026 14:37:44 UTC] Respuesta inválida al obtener métodos de pago
[28-Mar-2026 14:37:44 UTC] Respuesta inválida al obtener métodos de pago
[28-Mar-2026 14:37:44 UTC] Respuesta inválida al obtener métodos de pago
[28-Mar-2026 14:37:44 UTC] Respuesta inválida al obtener métodos de pago
[28-Mar-2026 14:37:47 UTC] Respuesta inválida al obtener métodos de pago
[28-Mar-2026 14:37:47 UTC] Respuesta inválida al obtener métodos de pago
[28-Mar-2026 14:37:50 UTC] Respuesta inválida al obtener métodos de pago
[28-Mar-2026 14:37:51 UTC] Respuesta inválida al obtener métodos de pago
[28-Mar-2026 14:37:51 UTC] Respuesta inválida al obtener métodos de pago
[28-Mar-2026 14:37:51 UTC] Respuesta inválida al obtener métodos de pago
[28-Mar-2026 14:37:52 UTC] Respuesta inválida al obtener métodos de pago
[28-Mar-2026 14:37:52 UTC] Respuesta inválida al obtener métodos de pago
[28-Mar-2026 14:37:52 UTC] Respuesta inválida al obtener métodos de pago
[28-Mar-2026 14:37:53 UTC] Respuesta inválida al obtener métodos de pago
[28-Mar-2026 14:37:53 UTC] Respuesta inválida al obtener métodos de pago
[28-Mar-2026 14:37:54 UTC] Respuesta inválida al obtener métodos de pago
[28-Mar-2026 14:37:54 UTC] Respuesta inválida al obtener métodos de pago
[28-Mar-2026 14:37:54 UTC] Respuesta inválida al obtener métodos de pago
[28-Mar-2026 14:37:55 UTC] Respuesta inválida al obtener métodos de pago
[28-Mar-2026 14:37:55 UTC] Respuesta inválida al obtener métodos de pago
[28-Mar-2026 14:37:56 UTC] Respuesta inválida al obtener métodos de pago
[28-Mar-2026 14:37:56 UTC] Respuesta inválida al obtener métodos de pago
[28-Mar-2026 14:37:56 UTC] Respuesta inválida al obtener métodos de pago
[28-Mar-2026 14:37:57 UTC] Respuesta inválida al obtener métodos de pago
[28-Mar-2026 14:37:58 UTC] Respuesta inválida al obtener métodos de pago
[28-Mar-2026 14:38:01 UTC] Respuesta inválida al obtener métodos de pago
[28-Mar-2026 14:38:02 UTC] Respuesta inválida al obtener métodos de pago
[28-Mar-2026 14:38:12 UTC] Respuesta inválida al obtener métodos de pago
[28-Mar-2026 14:38:12 UTC] Respuesta inválida al obtener métodos de pago
[28-Mar-2026 14:38:22 UTC] Respuesta inválida al obtener métodos de pago
[28-Mar-2026 14:38:23 UTC] Respuesta inválida al obtener métodos de pago
[28-Mar-2026 14:38:27 UTC] Respuesta inválida al obtener métodos de pago
[28-Mar-2026 14:38:28 UTC] Respuesta inválida al obtener métodos de pago
[28-Mar-2026 14:38:29 UTC] Respuesta inválida al obtener métodos de pago
[28-Mar-2026 14:38:30 UTC] Respuesta inválida al obtener métodos de pago
[28-Mar-2026 14:38:31 UTC] Respuesta inválida al obtener métodos de pago
[28-Mar-2026 14:38:31 UTC] Respuesta inválida al obtener métodos de pago
[28-Mar-2026 14:38:32 UTC] PHP Warning:  Undefined array key "titleResponse" in /var/www/html/wp-content/plugins/woocommerce-epayco-api/src/Gateways/PseGateway.php on line 317
[28-Mar-2026 14:38:32 UTC] Respuesta inv��lida al obtener m��todos de pago
[28-Mar-2026 14:38:32 UTC] order_key was called incorrectly. Order properties should not be accessed directly. Backtrace: require('wp-blog-header.php'), wp, WP->main, WP->parse_request, do_action_ref_array('parse_request'), WP_Hook->do_action, WP_Hook->apply_filters, rest_api_loaded, WP_REST_Server->serve_request, WP_REST_Server->dispatch, WP_REST_Server->respond_to_request, Automattic\WooCommerce\StoreApi\Routes\V1\Checkout->get_response, Automattic\WooCommerce\StoreApi\Routes\V1\AbstractRoute->get_response_by_request_method, Automattic\WooCommerce\StoreApi\Routes\V1\Checkout->get_route_post_response, Automattic\WooCommerce\StoreApi\Routes\V1\Checkout->process_payment, do_action_ref_array('woocommerce_rest_checkout_process_payment_with_context'), WP_Hook->do_action, WP_Hook->apply_filters, Automattic\WooCommerce\StoreApi\Legacy->process_legacy_payment, Epayco\Woocommerce\Gateways\PseGateway->process_payment, Epayco\Woocommerce\Gateways\AbstractGateway->returnFail, WC_Abstract_Legacy_Order->__get, wc_doing_it_wrong. This message was added in version 3.0.
[28-Mar-2026 14:38:32 UTC] The woocommerce_get_page_id function is deprecated since version 3.0. Replace with wc_get_page_id.
[28-Mar-2026 14:38:32 UTC] The wc_get_page_id argument is deprecated since version 2.1. The "pay" and "thanks" pages are no-longer used - an endpoint is added to the checkout instead. To get a valid link use the WC_Order::get_checkout_payment_url() or WC_Order::get_checkout_order_received_url() methods instead.
[28-Mar-2026 14:38:44 UTC] Respuesta inválida al obtener métodos de pago
[28-Mar-2026 14:38:45 UTC] Respuesta inválida al obtener métodos de pago
[28-Mar-2026 14:38:45 UTC] PHP Warning:  Undefined array key "titleResponse" in /var/www/html/wp-content/plugins/woocommerce-epayco-api/src/Gateways/PseGateway.php on line 317
[28-Mar-2026 14:38:45 UTC] Respuesta inv��lida al obtener m��todos de pago
[28-Mar-2026 14:38:45 UTC] order_key was called incorrectly. Order properties should not be accessed directly. Backtrace: require('wp-blog-header.php'), wp, WP->main, WP->parse_request, do_action_ref_array('parse_request'), WP_Hook->do_action, WP_Hook->apply_filters, rest_api_loaded, WP_REST_Server->serve_request, WP_REST_Server->dispatch, WP_REST_Server->respond_to_request, Automattic\WooCommerce\StoreApi\Routes\V1\Checkout->get_response, Automattic\WooCommerce\StoreApi\Routes\V1\AbstractRoute->get_response_by_request_method, Automattic\WooCommerce\StoreApi\Routes\V1\Checkout->get_route_post_response, Automattic\WooCommerce\StoreApi\Routes\V1\Checkout->process_payment, do_action_ref_array('woocommerce_rest_checkout_process_payment_with_context'), WP_Hook->do_action, WP_Hook->apply_filters, Automattic\WooCommerce\StoreApi\Legacy->process_legacy_payment, Epayco\Woocommerce\Gateways\PseGateway->process_payment, Epayco\Woocommerce\Gateways\AbstractGateway->returnFail, WC_Abstract_Legacy_Order->__get, wc_doing_it_wrong. This message was added in version 3.0.
[28-Mar-2026 14:38:45 UTC] The woocommerce_get_page_id function is deprecated since version 3.0. Replace with wc_get_page_id.
[28-Mar-2026 14:38:45 UTC] The wc_get_page_id argument is deprecated since version 2.1. The "pay" and "thanks" pages are no-longer used - an endpoint is added to the checkout instead. To get a valid link use the WC_Order::get_checkout_payment_url() or WC_Order::get_checkout_order_received_url() methods instead.
[28-Mar-2026 14:38:50 UTC] Respuesta inválida al obtener métodos de pago
[28-Mar-2026 14:38:50 UTC] Respuesta inválida al obtener métodos de pago
[28-Mar-2026 14:38:56 UTC] Respuesta inválida al obtener métodos de pago
[28-Mar-2026 14:38:56 UTC] Respuesta inválida al obtener métodos de pago
[28-Mar-2026 14:38:57 UTC] Respuesta inválida al obtener métodos de pago
[28-Mar-2026 14:38:57 UTC] Respuesta inválida al obtener métodos de pago
[28-Mar-2026 14:38:57 UTC] Respuesta inválida al obtener métodos de pago
[28-Mar-2026 14:38:57 UTC] Respuesta inválida al obtener métodos de pago
[28-Mar-2026 14:38:58 UTC] Respuesta inválida al obtener métodos de pago
[28-Mar-2026 14:38:58 UTC] Respuesta inválida al obtener métodos de pago
[28-Mar-2026 14:38:58 UTC] Respuesta inválida al obtener métodos de pago
[28-Mar-2026 14:39:00 UTC] Respuesta inválida al obtener métodos de pago
[28-Mar-2026 14:39:00 UTC] Respuesta inválida al obtener métodos de pago
[28-Mar-2026 14:39:00 UTC] Respuesta inválida al obtener métodos de pago
[28-Mar-2026 14:39:00 UTC] Respuesta inválida al obtener métodos de pago
[28-Mar-2026 14:39:00 UTC] Respuesta inválida al obtener métodos de pago
[28-Mar-2026 14:39:00 UTC] Respuesta inválida al obtener métodos de pago
[28-Mar-2026 14:39:00 UTC] Respuesta inválida al obtener métodos de pago
[28-Mar-2026 14:39:00 UTC] Respuesta inválida al obtener métodos de pago
[28-Mar-2026 14:39:00 UTC] Respuesta inválida al obtener métodos de pago
[28-Mar-2026 14:39:00 UTC] Respuesta inválida al obtener métodos de pago
[28-Mar-2026 14:39:00 UTC] Respuesta inválida al obtener métodos de pago
[28-Mar-2026 14:39:00 UTC] Respuesta inválida al obtener métodos de pago
[28-Mar-2026 14:39:00 UTC] Respuesta inválida al obtener métodos de pago
[28-Mar-2026 14:39:00 UTC] Respuesta inválida al obtener métodos de pago
[28-Mar-2026 14:39:00 UTC] Respuesta inválida al obtener métodos de pago
[28-Mar-2026 14:39:00 UTC] Respuesta inválida al obtener métodos de pago
[28-Mar-2026 14:39:00 UTC] Respuesta inválida al obtener métodos de pago
[28-Mar-2026 14:39:01 UTC] Respuesta inválida al obtener métodos de pago
[28-Mar-2026 14:39:01 UTC] Respuesta inválida al obtener métodos de pago
[28-Mar-2026 14:39:01 UTC] Respuesta inválida al obtener métodos de pago
[28-Mar-2026 14:39:02 UTC] Respuesta inválida al obtener métodos de pago
[28-Mar-2026 14:39:02 UTC] Respuesta inválida al obtener métodos de pago
[28-Mar-2026 14:39:03 UTC] Respuesta inválida al obtener métodos de pago
[28-Mar-2026 14:39:03 UTC] Respuesta inválida al obtener métodos de pago
[28-Mar-2026 14:39:03 UTC] Respuesta inválida al obtener métodos de pago
[28-Mar-2026 14:39:05 UTC] Respuesta inválida al obtener métodos de pago
[28-Mar-2026 14:39:05 UTC] Respuesta inválida al obtener métodos de pago
[28-Mar-2026 14:39:05 UTC] Respuesta inválida al obtener métodos de pago
[28-Mar-2026 14:39:05 UTC] Respuesta inválida al obtener métodos de pago
[28-Mar-2026 14:39:05 UTC] Respuesta inválida al obtener métodos de pago
[28-Mar-2026 14:39:05 UTC] Respuesta inválida al obtener métodos de pago
[28-Mar-2026 14:39:05 UTC] Respuesta inválida al obtener métodos de pago
[28-Mar-2026 14:39:05 UTC] Respuesta inválida al obtener métodos de pago
[28-Mar-2026 14:39:05 UTC] Respuesta inválida al obtener métodos de pago
[28-Mar-2026 14:39:05 UTC] Respuesta inválida al obtener métodos de pago
[28-Mar-2026 14:39:05 UTC] Respuesta inválida al obtener métodos de pago
[28-Mar-2026 14:39:05 UTC] Respuesta inválida al obtener métodos de pago
[28-Mar-2026 14:39:05 UTC] Respuesta inválida al obtener métodos de pago
[28-Mar-2026 14:39:05 UTC] Respuesta inválida al obtener métodos de pago
[28-Mar-2026 14:39:05 UTC] Respuesta inválida al obtener métodos de pago
[28-Mar-2026 14:39:05 UTC] Respuesta inválida al obtener métodos de pago
[28-Mar-2026 14:39:11 UTC] Respuesta inválida al obtener métodos de pago
[28-Mar-2026 14:39:11 UTC] Respuesta inválida al obtener métodos de pago
[28-Mar-2026 14:39:17 UTC] Respuesta inválida al obtener métodos de pago
[28-Mar-2026 14:39:18 UTC] Respuesta inválida al obtener métodos de pago
[28-Mar-2026 14:39:18 UTC] Respuesta inválida al obtener métodos de pago
[28-Mar-2026 14:39:18 UTC] Respuesta inválida al obtener métodos de pago
[28-Mar-2026 14:39:19 UTC] Respuesta inválida al obtener métodos de pago
[28-Mar-2026 14:39:19 UTC] Respuesta inválida al obtener métodos de pago
[28-Mar-2026 14:39:20 UTC] Respuesta inválida al obtener métodos de pago
[28-Mar-2026 14:39:40 UTC] Respuesta inválida al obtener métodos de pago
[28-Mar-2026 14:39:40 UTC] Respuesta inválida al obtener métodos de pago
[28-Mar-2026 14:39:41 UTC] Respuesta inválida al obtener métodos de pago
[28-Mar-2026 14:39:42 UTC] Respuesta inválida al obtener métodos de pago
[28-Mar-2026 14:39:42 UTC] Respuesta inválida al obtener métodos de pago
[28-Mar-2026 14:39:43 UTC] Respuesta inválida al obtener métodos de pago
[28-Mar-2026 14:39:44 UTC] Respuesta inválida al obtener métodos de pago
[28-Mar-2026 14:39:44 UTC] Respuesta inválida al obtener métodos de pago
[28-Mar-2026 14:39:45 UTC] Respuesta inválida al obtener métodos de pago
[28-Mar-2026 14:39:45 UTC] Respuesta inválida al obtener métodos de pago
[28-Mar-2026 14:39:46 UTC] Respuesta inválida al obtener métodos de pago
[28-Mar-2026 14:39:46 UTC] Respuesta inválida al obtener métodos de pago
[28-Mar-2026 14:39:46 UTC] Respuesta inválida al obtener métodos de pago
[28-Mar-2026 14:40:03 UTC] Respuesta inválida al obtener métodos de pago
[28-Mar-2026 14:40:03 UTC] Respuesta inválida al obtener métodos de pago
[28-Mar-2026 14:40:03 UTC] Respuesta inválida al obtener métodos de pago
[28-Mar-2026 14:40:03 UTC] Respuesta inválida al obtener métodos de pago
[28-Mar-2026 14:40:03 UTC] Respuesta inválida al obtener métodos de pago
[28-Mar-2026 14:40:03 UTC] Respuesta inválida al obtener métodos de pago
[28-Mar-2026 14:40:04 UTC] Respuesta inválida al obtener métodos de pago
[28-Mar-2026 14:40:04 UTC] Respuesta inválida al obtener métodos de pago
[28-Mar-2026 14:40:04 UTC] Respuesta inválida al obtener métodos de pago
[28-Mar-2026 14:40:04 UTC] Respuesta inválida al obtener métodos de pago
[28-Mar-2026 14:40:04 UTC] Respuesta inválida al obtener métodos de pago
[28-Mar-2026 14:40:04 UTC] Respuesta inválida al obtener métodos de pago
[28-Mar-2026 14:40:06 UTC] Respuesta inválida al obtener métodos de pago
[28-Mar-2026 14:40:06 UTC] Respuesta inválida al obtener métodos de pago
[28-Mar-2026 14:40:07 UTC] Respuesta inválida al obtener métodos de pago
[28-Mar-2026 14:40:07 UTC] Respuesta inválida al obtener métodos de pago
[28-Mar-2026 14:40:07 UTC] Respuesta inválida al obtener métodos de pago
[28-Mar-2026 14:40:08 UTC] Respuesta inválida al obtener métodos de pago
[28-Mar-2026 14:40:08 UTC] Respuesta inválida al obtener métodos de pago
[28-Mar-2026 14:40:08 UTC] Respuesta inválida al obtener métodos de pago
[28-Mar-2026 14:40:09 UTC] Respuesta inválida al obtener métodos de pago
[28-Mar-2026 14:40:10 UTC] Respuesta inválida al obtener métodos de pago
[28-Mar-2026 14:40:12 UTC] Respuesta inválida al obtener métodos de pago
[28-Mar-2026 14:40:12 UTC] Respuesta inválida al obtener métodos de pago
[28-Mar-2026 14:40:12 UTC] Respuesta inválida al obtener métodos de pago
[28-Mar-2026 14:40:12 UTC] Respuesta inválida al obtener métodos de pago
[28-Mar-2026 14:40:12 UTC] Respuesta inválida al obtener métodos de pago
[28-Mar-2026 14:40:12 UTC] Respuesta inválida al obtener métodos de pago
[28-Mar-2026 14:40:12 UTC] Respuesta inválida al obtener métodos de pago
[28-Mar-2026 14:40:12 UTC] Respuesta inválida al obtener métodos de pago
[28-Mar-2026 14:40:13 UTC] Respuesta inválida al obtener métodos de pago
[28-Mar-2026 14:40:13 UTC] Respuesta inválida al obtener métodos de pago
[28-Mar-2026 14:40:13 UTC] Respuesta inválida al obtener métodos de pago
[28-Mar-2026 14:40:13 UTC] Respuesta inválida al obtener métodos de pago
[28-Mar-2026 14:40:13 UTC] Respuesta inválida al obtener métodos de pago
[28-Mar-2026 14:40:13 UTC] Respuesta inválida al obtener métodos de pago
[28-Mar-2026 14:40:13 UTC] Respuesta inválida al obtener métodos de pago
[28-Mar-2026 14:40:13 UTC] Respuesta inválida al obtener métodos de pago
[28-Mar-2026 14:40:13 UTC] Respuesta inválida al obtener métodos de pago
[28-Mar-2026 14:40:13 UTC] Respuesta inválida al obtener métodos de pago
[28-Mar-2026 14:40:17 UTC] Respuesta inválida al obtener métodos de pago
[28-Mar-2026 14:40:17 UTC] Respuesta inválida al obtener métodos de pago
[28-Mar-2026 14:40:18 UTC] PHP Warning:  Undefined array key "titleResponse" in /var/www/html/wp-content/plugins/woocommerce-epayco-api/src/Gateways/PseGateway.php on line 317
[28-Mar-2026 14:40:18 UTC] Respuesta inv��lida al obtener m��todos de pago
[28-Mar-2026 14:40:18 UTC] order_key was called incorrectly. Order properties should not be accessed directly. Backtrace: require('wp-blog-header.php'), wp, WP->main, WP->parse_request, do_action_ref_array('parse_request'), WP_Hook->do_action, WP_Hook->apply_filters, rest_api_loaded, WP_REST_Server->serve_request, WP_REST_Server->dispatch, WP_REST_Server->respond_to_request, Automattic\WooCommerce\StoreApi\Routes\V1\Checkout->get_response, Automattic\WooCommerce\StoreApi\Routes\V1\AbstractRoute->get_response_by_request_method, Automattic\WooCommerce\StoreApi\Routes\V1\Checkout->get_route_post_response, Automattic\WooCommerce\StoreApi\Routes\V1\Checkout->process_payment, do_action_ref_array('woocommerce_rest_checkout_process_payment_with_context'), WP_Hook->do_action, WP_Hook->apply_filters, Automattic\WooCommerce\StoreApi\Legacy->process_legacy_payment, Epayco\Woocommerce\Gateways\PseGateway->process_payment, Epayco\Woocommerce\Gateways\AbstractGateway->returnFail, WC_Abstract_Legacy_Order->__get, wc_doing_it_wrong. This message was added in version 3.0.
[28-Mar-2026 14:40:18 UTC] The woocommerce_get_page_id function is deprecated since version 3.0. Replace with wc_get_page_id.
[28-Mar-2026 14:40:18 UTC] The wc_get_page_id argument is deprecated since version 2.1. The "pay" and "thanks" pages are no-longer used - an endpoint is added to the checkout instead. To get a valid link use the WC_Order::get_checkout_payment_url() or WC_Order::get_checkout_order_received_url() methods instead.
[28-Mar-2026 14:40:21 UTC] Respuesta inválida al obtener métodos de pago
[28-Mar-2026 14:40:22 UTC] Respuesta inválida al obtener métodos de pago
[28-Mar-2026 14:40:22 UTC] Respuesta inválida al obtener métodos de pago
[28-Mar-2026 14:40:22 UTC] Respuesta inválida al obtener métodos de pago
[28-Mar-2026 14:40:23 UTC] Respuesta inválida al obtener métodos de pago
[28-Mar-2026 14:40:23 UTC] Respuesta inválida al obtener métodos de pago
[28-Mar-2026 14:40:23 UTC] Respuesta inválida al obtener métodos de pago
[28-Mar-2026 14:40:23 UTC] Respuesta inválida al obtener métodos de pago
[28-Mar-2026 14:40:24 UTC] Respuesta inválida al obtener métodos de pago
[28-Mar-2026 14:40:24 UTC] Respuesta inválida al obtener métodos de pago
[28-Mar-2026 14:40:25 UTC] Respuesta inválida al obtener métodos de pago
[28-Mar-2026 14:40:25 UTC] Respuesta inválida al obtener métodos de pago
[28-Mar-2026 14:40:25 UTC] Respuesta inválida al obtener métodos de pago
[28-Mar-2026 14:40:25 UTC] Respuesta inválida al obtener métodos de pago
[28-Mar-2026 14:40:25 UTC] Respuesta inválida al obtener métodos de pago
[28-Mar-2026 14:40:25 UTC] Respuesta inválida al obtener métodos de pago
[28-Mar-2026 14:40:25 UTC] Respuesta inválida al obtener métodos de pago
[28-Mar-2026 14:40:25 UTC] Respuesta inválida al obtener métodos de pago
[28-Mar-2026 14:40:25 UTC] Respuesta inválida al obtener métodos de pago
[28-Mar-2026 14:40:25 UTC] Respuesta inválida al obtener métodos de pago
[28-Mar-2026 14:40:25 UTC] Respuesta inválida al obtener métodos de pago
[28-Mar-2026 14:40:26 UTC] Respuesta inválida al obtener métodos de pago
[28-Mar-2026 14:40:26 UTC] Respuesta inválida al obtener métodos de pago
[28-Mar-2026 14:40:26 UTC] Respuesta inválida al obtener métodos de pago
[28-Mar-2026 14:40:26 UTC] Respuesta inválida al obtener métodos de pago
[28-Mar-2026 14:40:26 UTC] Respuesta inválida al obtener métodos de pago
[28-Mar-2026 14:40:26 UTC] Respuesta inválida al obtener métodos de pago
[28-Mar-2026 14:40:26 UTC] Respuesta inválida al obtener métodos de pago
[28-Mar-2026 14:40:26 UTC] Respuesta inválida al obtener métodos de pago
[28-Mar-2026 14:40:28 UTC] Respuesta inválida al obtener métodos de pago
[28-Mar-2026 14:40:29 UTC] Respuesta inválida al obtener métodos de pago
[28-Mar-2026 14:40:31 UTC] Respuesta inválida al obtener métodos de pago
[28-Mar-2026 14:40:31 UTC] Respuesta inválida al obtener métodos de pago
[28-Mar-2026 14:40:32 UTC] Respuesta inválida al obtener métodos de pago
[28-Mar-2026 14:40:32 UTC] Respuesta inválida al obtener métodos de pago
[28-Mar-2026 14:40:32 UTC] Respuesta inválida al obtener métodos de pago
[28-Mar-2026 14:40:32 UTC] Respuesta inválida al obtener métodos de pago
[28-Mar-2026 14:40:33 UTC] Respuesta inválida al obtener métodos de pago
[28-Mar-2026 14:40:33 UTC] Respuesta inválida al obtener métodos de pago
[28-Mar-2026 14:40:33 UTC] Respuesta inválida al obtener métodos de pago
[28-Mar-2026 14:40:33 UTC] Respuesta inválida al obtener métodos de pago
[28-Mar-2026 14:40:33 UTC] Respuesta inválida al obtener métodos de pago
[28-Mar-2026 14:40:34 UTC] Respuesta inválida al obtener métodos de pago
[28-Mar-2026 14:40:34 UTC] Respuesta inválida al obtener métodos de pago
[28-Mar-2026 14:40:35 UTC] Respuesta inválida al obtener métodos de pago
[28-Mar-2026 14:40:35 UTC] Respuesta inválida al obtener métodos de pago
[28-Mar-2026 14:40:35 UTC] Respuesta inválida al obtener métodos de pago
[28-Mar-2026 14:40:35 UTC] Respuesta inválida al obtener métodos de pago
[28-Mar-2026 14:40:35 UTC] Respuesta inválida al obtener métodos de pago
[28-Mar-2026 14:40:35 UTC] Respuesta inválida al obtener métodos de pago
[28-Mar-2026 14:40:35 UTC] Respuesta inválida al obtener métodos de pago
[28-Mar-2026 14:40:35 UTC] Respuesta inválida al obtener métodos de pago
[28-Mar-2026 14:40:35 UTC] Respuesta inválida al obtener métodos de pago
[28-Mar-2026 14:40:35 UTC] Respuesta inválida al obtener métodos de pago
[28-Mar-2026 14:40:35 UTC] Respuesta inválida al obtener métodos de pago
[28-Mar-2026 14:40:35 UTC] Respuesta inválida al obtener métodos de pago
[28-Mar-2026 14:40:35 UTC] Respuesta inválida al obtener métodos de pago
[28-Mar-2026 14:40:35 UTC] Respuesta inválida al obtener métodos de pago
[28-Mar-2026 14:40:35 UTC] Respuesta inválida al obtener métodos de pago
[28-Mar-2026 14:40:36 UTC] Respuesta inválida al obtener métodos de pago
[28-Mar-2026 14:40:36 UTC] Respuesta inválida al obtener métodos de pago
[28-Mar-2026 14:40:36 UTC] Respuesta inválida al obtener métodos de pago
[28-Mar-2026 14:40:36 UTC] Respuesta inválida al obtener métodos de pago
[28-Mar-2026 14:40:36 UTC] Respuesta inválida al obtener métodos de pago
[28-Mar-2026 14:40:36 UTC] Respuesta inválida al obtener métodos de pago
[28-Mar-2026 14:40:36 UTC] Respuesta inválida al obtener métodos de pago
[28-Mar-2026 14:40:36 UTC] Respuesta inválida al obtener métodos de pago
[28-Mar-2026 14:40:36 UTC] Respuesta inválida al obtener métodos de pago
[28-Mar-2026 14:40:37 UTC] Respuesta inválida al obtener métodos de pago
[28-Mar-2026 14:40:37 UTC] Respuesta inválida al obtener métodos de pago
[28-Mar-2026 14:40:37 UTC] Respuesta inválida al obtener métodos de pago
[28-Mar-2026 14:40:37 UTC] Respuesta inválida al obtener métodos de pago
[28-Mar-2026 14:40:37 UTC] Respuesta inválida al obtener métodos de pago
[28-Mar-2026 14:40:37 UTC] Respuesta inválida al obtener métodos de pago
[28-Mar-2026 14:40:37 UTC] Respuesta inválida al obtener métodos de pago
[28-Mar-2026 14:40:37 UTC] Respuesta inválida al obtener métodos de pago
[28-Mar-2026 14:40:37 UTC] Respuesta inválida al obtener métodos de pago
[28-Mar-2026 14:41:23 UTC] Respuesta inválida al obtener métodos de pago
[28-Mar-2026 14:41:24 UTC] Respuesta inválida al obtener métodos de pago
[28-Mar-2026 14:41:24 UTC] Respuesta inválida al obtener métodos de pago
[28-Mar-2026 14:41:24 UTC] Respuesta inválida al obtener métodos de pago
[28-Mar-2026 14:41:26 UTC] Respuesta inválida al obtener métodos de pago
[28-Mar-2026 14:41:26 UTC] Respuesta inválida al obtener métodos de pago
[28-Mar-2026 14:41:27 UTC] Respuesta inválida al obtener métodos de pago
[28-Mar-2026 14:41:27 UTC] Respuesta inválida al obtener métodos de pago
[28-Mar-2026 14:41:27 UTC] Respuesta inválida al obtener métodos de pago
[28-Mar-2026 14:41:28 UTC] Respuesta inválida al obtener métodos de pago
[28-Mar-2026 14:41:28 UTC] Respuesta inválida al obtener métodos de pago
[28-Mar-2026 14:41:30 UTC] Respuesta inválida al obtener métodos de pago
[28-Mar-2026 14:41:30 UTC] Respuesta inválida al obtener métodos de pago
[28-Mar-2026 14:41:30 UTC] Respuesta inválida al obtener métodos de pago
[28-Mar-2026 14:41:30 UTC] Respuesta inválida al obtener métodos de pago
[28-Mar-2026 14:41:30 UTC] Respuesta inválida al obtener métodos de pago
[28-Mar-2026 14:41:30 UTC] Respuesta inválida al obtener métodos de pago
[28-Mar-2026 14:41:30 UTC] Respuesta inválida al obtener métodos de pago
[28-Mar-2026 14:41:30 UTC] Respuesta inválida al obtener métodos de pago
[28-Mar-2026 14:41:30 UTC] Respuesta inválida al obtener métodos de pago
[28-Mar-2026 14:41:30 UTC] Respuesta inválida al obtener métodos de pago
[28-Mar-2026 14:41:30 UTC] Respuesta inválida al obtener métodos de pago
[28-Mar-2026 14:41:30 UTC] Respuesta inválida al obtener métodos de pago
[28-Mar-2026 14:41:30 UTC] Respuesta inválida al obtener métodos de pago
[28-Mar-2026 14:41:31 UTC] Respuesta inválida al obtener métodos de pago
[28-Mar-2026 14:41:31 UTC] Respuesta inválida al obtener métodos de pago
[28-Mar-2026 14:41:31 UTC] Respuesta inválida al obtener métodos de pago
[28-Mar-2026 14:41:31 UTC] Respuesta inválida al obtener métodos de pago
[28-Mar-2026 14:41:31 UTC] Respuesta inválida al obtener métodos de pago
[28-Mar-2026 14:41:35 UTC] Respuesta inválida al obtener métodos de pago
[28-Mar-2026 14:41:36 UTC] Respuesta inválida al obtener métodos de pago
[28-Mar-2026 14:42:25 UTC] Respuesta inválida al obtener métodos de pago
[28-Mar-2026 14:42:25 UTC] Respuesta inválida al obtener métodos de pago
[28-Mar-2026 14:42:30 UTC] Respuesta inválida al obtener métodos de pago
[28-Mar-2026 14:42:30 UTC] Respuesta inválida al obtener métodos de pago
[28-Mar-2026 14:42:44 UTC] Respuesta inválida al obtener métodos de pago
[28-Mar-2026 14:42:45 UTC] Respuesta inválida al obtener métodos de pago
[28-Mar-2026 14:42:45 UTC] Respuesta inválida al obtener métodos de pago
[28-Mar-2026 14:42:45 UTC] Respuesta inválida al obtener métodos de pago
[28-Mar-2026 14:42:46 UTC] Respuesta inválida al obtener métodos de pago
[28-Mar-2026 14:42:46 UTC] Respuesta inválida al obtener métodos de pago
[28-Mar-2026 14:42:46 UTC] Respuesta inválida al obtener métodos de pago
[28-Mar-2026 14:42:47 UTC] Respuesta inválida al obtener métodos de pago
[28-Mar-2026 14:42:47 UTC] Respuesta inválida al obtener métodos de pago
[28-Mar-2026 14:42:47 UTC] Respuesta inválida al obtener métodos de pago
[28-Mar-2026 14:42:48 UTC] Respuesta inválida al obtener métodos de pago
[28-Mar-2026 14:42:48 UTC] Respuesta inválida al obtener métodos de pago
[28-Mar-2026 14:42:49 UTC] Respuesta inválida al obtener métodos de pago
[28-Mar-2026 14:42:49 UTC] Respuesta inválida al obtener métodos de pago
[28-Mar-2026 14:42:49 UTC] Respuesta inválida al obtener métodos de pago
[28-Mar-2026 14:42:50 UTC] Respuesta inválida al obtener métodos de pago
[28-Mar-2026 14:42:50 UTC] Respuesta inválida al obtener métodos de pago
[28-Mar-2026 14:42:52 UTC] Respuesta inválida al obtener métodos de pago
[28-Mar-2026 14:42:53 UTC] Respuesta inválida al obtener métodos de pago
[28-Mar-2026 14:42:54 UTC] Respuesta inválida al obtener métodos de pago
[28-Mar-2026 14:42:55 UTC] Respuesta inválida al obtener métodos de pago
[28-Mar-2026 14:43:13 UTC] Respuesta inválida al obtener métodos de pago
[28-Mar-2026 14:43:14 UTC] Respuesta inválida al obtener métodos de pago
[28-Mar-2026 14:43:23 UTC] Respuesta inválida al obtener métodos de pago
[28-Mar-2026 14:43:24 UTC] Respuesta inválida al obtener métodos de pago
[28-Mar-2026 14:43:35 UTC] Respuesta inválida al obtener métodos de pago
[28-Mar-2026 14:43:35 UTC] Respuesta inválida al obtener métodos de pago
[28-Mar-2026 14:43:35 UTC] Respuesta inválida al obtener métodos de pago
[28-Mar-2026 14:43:36 UTC] Respuesta inválida al obtener métodos de pago
[28-Mar-2026 14:43:37 UTC] Respuesta inválida al obtener métodos de pago
[28-Mar-2026 14:43:37 UTC] Respuesta inválida al obtener métodos de pago
[28-Mar-2026 14:43:37 UTC] Respuesta inválida al obtener métodos de pago
[28-Mar-2026 14:43:37 UTC] Respuesta inválida al obtener métodos de pago
[28-Mar-2026 14:43:37 UTC] Respuesta inválida al obtener métodos de pago
[28-Mar-2026 14:43:37 UTC] Respuesta inválida al obtener métodos de pago
[28-Mar-2026 14:43:38 UTC] Respuesta inválida al obtener métodos de pago
[28-Mar-2026 14:43:38 UTC] Respuesta inválida al obtener métodos de pago
[28-Mar-2026 14:43:38 UTC] Respuesta inválida al obtener métodos de pago
[28-Mar-2026 14:43:38 UTC] Error en la respuesta de la API de ePayco, código de estado: 503
[28-Mar-2026 14:43:38 UTC] Respuesta inválida al obtener métodos de pago
[28-Mar-2026 14:43:39 UTC] Respuesta inválida al obtener métodos de pago
[28-Mar-2026 14:43:39 UTC] Respuesta inválida al obtener métodos de pago
[28-Mar-2026 14:43:39 UTC] Respuesta inválida al obtener métodos de pago
[28-Mar-2026 14:43:39 UTC] Error en la respuesta de la API de ePayco, código de estado: 503
[28-Mar-2026 14:43:41 UTC] Respuesta inválida al obtener métodos de pago
[28-Mar-2026 14:43:41 UTC] Respuesta inválida al obtener métodos de pago
[28-Mar-2026 14:43:41 UTC] Respuesta inválida al obtener métodos de pago
[28-Mar-2026 14:43:41 UTC] Respuesta inválida al obtener métodos de pago
[28-Mar-2026 14:43:41 UTC] Respuesta inválida al obtener métodos de pago
[28-Mar-2026 14:43:41 UTC] Respuesta inválida al obtener métodos de pago
[28-Mar-2026 14:43:41 UTC] Respuesta inválida al obtener métodos de pago
[28-Mar-2026 14:43:41 UTC] Respuesta inválida al obtener métodos de pago
[28-Mar-2026 14:43:41 UTC] Respuesta inválida al obtener métodos de pago
[28-Mar-2026 14:43:41 UTC] Respuesta inválida al obtener métodos de pago
[28-Mar-2026 14:43:41 UTC] Respuesta inválida al obtener métodos de pago
[28-Mar-2026 14:43:41 UTC] Respuesta inválida al obtener métodos de pago
[28-Mar-2026 14:43:41 UTC] Respuesta inválida al obtener métodos de pago
[28-Mar-2026 14:43:41 UTC] Respuesta inválida al obtener métodos de pago
[28-Mar-2026 14:43:41 UTC] Respuesta inválida al obtener métodos de pago
[28-Mar-2026 14:43:41 UTC] Respuesta inválida al obtener métodos de pago
[28-Mar-2026 14:43:41 UTC] Respuesta inválida al obtener métodos de pago
[28-Mar-2026 14:43:41 UTC] Respuesta inválida al obtener métodos de pago
[28-Mar-2026 14:43:41 UTC] Respuesta inválida al obtener métodos de pago
[28-Mar-2026 14:43:42 UTC] Respuesta inválida al obtener métodos de pago
[28-Mar-2026 14:43:51 UTC] Respuesta inválida al obtener métodos de pago
[28-Mar-2026 14:43:52 UTC] Respuesta inválida al obtener métodos de pago
[28-Mar-2026 14:43:52 UTC] Respuesta inválida al obtener métodos de pago
[28-Mar-2026 14:43:52 UTC] Respuesta inválida al obtener métodos de pago
[28-Mar-2026 14:43:53 UTC] PHP Warning:  Undefined variable $expirationDate in /var/www/html/wp-content/plugins/woocommerce-epayco-api/templates/public/order/order-received.php on line 25
[28-Mar-2026 14:43:53 UTC] PHP Warning:  Undefined variable $codeProject in /var/www/html/wp-content/plugins/woocommerce-epayco-api/templates/public/order/order-received.php on line 26
[28-Mar-2026 14:43:53 UTC] PHP Warning:  Undefined variable $pin in /var/www/html/wp-content/plugins/woocommerce-epayco-api/templates/public/order/order-received.php on line 27
[28-Mar-2026 14:43:53 UTC] PHP Warning:  Undefined variable $expirationDate in /var/www/html/wp-content/plugins/woocommerce-epayco-api/templates/public/order/order-received.php on line 31
[28-Mar-2026 14:43:53 UTC] PHP Warning:  Undefined variable $codeProject in /var/www/html/wp-content/plugins/woocommerce-epayco-api/templates/public/order/order-received.php on line 32
[28-Mar-2026 14:43:53 UTC] PHP Warning:  Undefined variable $pin in /var/www/html/wp-content/plugins/woocommerce-epayco-api/templates/public/order/order-received.php on line 33
[28-Mar-2026 14:43:53 UTC] Respuesta inválida al obtener métodos de pago
[28-Mar-2026 14:43:54 UTC] Respuesta inválida al obtener métodos de pago
[28-Mar-2026 14:43:54 UTC] Respuesta inválida al obtener métodos de pago
[28-Mar-2026 14:43:54 UTC] Respuesta inválida al obtener métodos de pago
[28-Mar-2026 14:43:55 UTC] Respuesta inválida al obtener métodos de pago
[28-Mar-2026 14:44:01 UTC] Respuesta inválida al obtener métodos de pago
[28-Mar-2026 14:44:02 UTC] Respuesta inválida al obtener métodos de pago
[28-Mar-2026 14:44:03 UTC] Respuesta inválida al obtener métodos de pago
[28-Mar-2026 14:44:03 UTC] Respuesta inválida al obtener métodos de pago
[28-Mar-2026 14:44:04 UTC] Respuesta inválida al obtener métodos de pago
[28-Mar-2026 14:44:04 UTC] Respuesta inválida al obtener métodos de pago
[28-Mar-2026 14:44:04 UTC] Respuesta inválida al obtener métodos de pago
[28-Mar-2026 14:44:05 UTC] Respuesta inválida al obtener métodos de pago
[28-Mar-2026 14:44:05 UTC] Respuesta inválida al obtener métodos de pago
[28-Mar-2026 14:44:07 UTC] Respuesta inválida al obtener métodos de pago
[28-Mar-2026 14:44:07 UTC] Respuesta inválida al obtener métodos de pago
[28-Mar-2026 14:44:07 UTC] Respuesta inválida al obtener métodos de pago
[28-Mar-2026 14:44:07 UTC] Respuesta inválida al obtener métodos de pago
[28-Mar-2026 14:44:07 UTC] Respuesta inválida al obtener métodos de pago
[28-Mar-2026 14:44:07 UTC] Respuesta inválida al obtener métodos de pago
[28-Mar-2026 14:44:07 UTC] Respuesta inválida al obtener métodos de pago
[28-Mar-2026 14:44:07 UTC] Respuesta inválida al obtener métodos de pago
[28-Mar-2026 14:44:07 UTC] Respuesta inválida al obtener métodos de pago
[28-Mar-2026 14:44:07 UTC] Respuesta inválida al obtener métodos de pago
[28-Mar-2026 14:44:07 UTC] Respuesta inválida al obtener métodos de pago
[28-Mar-2026 14:44:07 UTC] Respuesta inválida al obtener métodos de pago
[28-Mar-2026 14:44:07 UTC] Respuesta inválida al obtener métodos de pago
[28-Mar-2026 14:44:07 UTC] Respuesta inválida al obtener métodos de pago
[28-Mar-2026 14:44:07 UTC] Respuesta inválida al obtener métodos de pago
[28-Mar-2026 14:44:07 UTC] Respuesta inválida al obtener métodos de pago
[28-Mar-2026 14:44:07 UTC] Respuesta inválida al obtener métodos de pago
[28-Mar-2026 14:44:07 UTC] Respuesta inválida al obtener métodos de pago
[28-Mar-2026 14:44:08 UTC] Respuesta inválida al obtener métodos de pago
[28-Mar-2026 14:44:09 UTC] Respuesta inválida al obtener métodos de pago
[28-Mar-2026 14:44:09 UTC] Respuesta inválida al obtener métodos de pago
[28-Mar-2026 14:44:10 UTC] Respuesta inválida al obtener métodos de pago
[28-Mar-2026 14:44:10 UTC] Respuesta inválida al obtener métodos de pago
[28-Mar-2026 14:44:10 UTC] Respuesta inválida al obtener métodos de pago
[28-Mar-2026 14:44:11 UTC] Respuesta inválida al obtener métodos de pago
[28-Mar-2026 14:44:11 UTC] Respuesta inválida al obtener métodos de pago
[28-Mar-2026 14:44:11 UTC] Respuesta inválida al obtener métodos de pago
[28-Mar-2026 14:44:13 UTC] Respuesta inválida al obtener métodos de pago
[28-Mar-2026 14:44:13 UTC] Respuesta inválida al obtener métodos de pago
[28-Mar-2026 14:44:13 UTC] Respuesta inválida al obtener métodos de pago
[28-Mar-2026 14:44:13 UTC] Respuesta inválida al obtener métodos de pago
[28-Mar-2026 14:44:13 UTC] Respuesta inválida al obtener métodos de pago
[28-Mar-2026 14:44:13 UTC] Respuesta inválida al obtener métodos de pago
[28-Mar-2026 14:44:13 UTC] Respuesta inválida al obtener métodos de pago
[28-Mar-2026 14:44:13 UTC] Respuesta inválida al obtener métodos de pago
[28-Mar-2026 14:44:13 UTC] Respuesta inválida al obtener métodos de pago
[28-Mar-2026 14:44:13 UTC] Respuesta inválida al obtener métodos de pago
[28-Mar-2026 14:44:13 UTC] Respuesta inválida al obtener métodos de pago
[28-Mar-2026 14:44:13 UTC] Respuesta inválida al obtener métodos de pago
[28-Mar-2026 14:44:13 UTC] Respuesta inválida al obtener métodos de pago
[28-Mar-2026 14:44:13 UTC] Respuesta inválida al obtener métodos de pago
[28-Mar-2026 14:44:14 UTC] Respuesta inválida al obtener métodos de pago
[28-Mar-2026 14:44:14 UTC] Respuesta inválida al obtener métodos de pago
[28-Mar-2026 14:44:14 UTC] Respuesta inválida al obtener métodos de pago
[28-Mar-2026 14:44:14 UTC] Respuesta inválida al obtener métodos de pago
[28-Mar-2026 14:44:14 UTC] Respuesta inválida al obtener métodos de pago
[28-Mar-2026 14:44:14 UTC] Respuesta inválida al obtener métodos de pago
[28-Mar-2026 14:44:25 UTC] Respuesta inválida al obtener métodos de pago
[28-Mar-2026 14:44:25 UTC] Respuesta inválida al obtener métodos de pago
[28-Mar-2026 14:44:35 UTC] Respuesta inválida al obtener métodos de pago
[28-Mar-2026 14:44:36 UTC] Respuesta inválida al obtener métodos de pago
[28-Mar-2026 14:45:07 UTC] Respuesta inválida al obtener métodos de pago
[28-Mar-2026 14:45:08 UTC] Respuesta inválida al obtener métodos de pago
[28-Mar-2026 14:46:12 UTC] Respuesta inválida al obtener métodos de pago
[28-Mar-2026 14:46:13 UTC] Respuesta inválida al obtener métodos de pago
[28-Mar-2026 14:46:13 UTC] Respuesta inválida al obtener métodos de pago
[28-Mar-2026 14:46:13 UTC] Respuesta inválida al obtener métodos de pago
[28-Mar-2026 14:46:13 UTC] Respuesta inválida al obtener métodos de pago
[28-Mar-2026 14:46:13 UTC] Respuesta inválida al obtener métodos de pago
[28-Mar-2026 14:46:13 UTC] Respuesta inválida al obtener métodos de pago
[28-Mar-2026 14:46:14 UTC] Respuesta inválida al obtener métodos de pago
[28-Mar-2026 14:46:14 UTC] Respuesta inválida al obtener métodos de pago
[28-Mar-2026 14:46:14 UTC] Respuesta inválida al obtener métodos de pago
[28-Mar-2026 14:46:14 UTC] Respuesta inválida al obtener métodos de pago
[28-Mar-2026 14:46:15 UTC] Respuesta inválida al obtener métodos de pago
[28-Mar-2026 14:46:15 UTC] Respuesta inválida al obtener métodos de pago
[28-Mar-2026 14:46:16 UTC] Respuesta inválida al obtener métodos de pago
[28-Mar-2026 14:46:16 UTC] Respuesta inválida al obtener métodos de pago
[28-Mar-2026 14:46:16 UTC] Respuesta inválida al obtener métodos de pago
[28-Mar-2026 14:46:16 UTC] Respuesta inválida al obtener métodos de pago
[28-Mar-2026 14:46:16 UTC] Respuesta inválida al obtener métodos de pago
[28-Mar-2026 14:46:17 UTC] Respuesta inválida al obtener métodos de pago
[28-Mar-2026 14:46:17 UTC] Respuesta inválida al obtener métodos de pago
[28-Mar-2026 14:46:17 UTC] Respuesta inválida al obtener métodos de pago
[28-Mar-2026 14:46:17 UTC] Respuesta inválida al obtener métodos de pago
[28-Mar-2026 14:46:17 UTC] Respuesta inválida al obtener métodos de pago
[28-Mar-2026 14:46:17 UTC] Respuesta inválida al obtener métodos de pago
[28-Mar-2026 14:46:17 UTC] Respuesta inválida al obtener métodos de pago
[28-Mar-2026 14:46:17 UTC] Respuesta inválida al obtener métodos de pago
[28-Mar-2026 14:46:18 UTC] Respuesta inválida al obtener métodos de pago
[28-Mar-2026 14:46:18 UTC] Respuesta inválida al obtener métodos de pago
[28-Mar-2026 14:46:19 UTC] Respuesta inválida al obtener métodos de pago
[28-Mar-2026 14:46:19 UTC] Respuesta inválida al obtener métodos de pago
[28-Mar-2026 14:46:19 UTC] Respuesta inválida al obtener métodos de pago
[28-Mar-2026 14:46:19 UTC] Respuesta inválida al obtener métodos de pago
[28-Mar-2026 14:46:19 UTC] Respuesta inválida al obtener métodos de pago
[28-Mar-2026 14:46:19 UTC] Respuesta inválida al obtener métodos de pago
[28-Mar-2026 14:46:19 UTC] Respuesta inválida al obtener métodos de pago
[28-Mar-2026 14:46:19 UTC] Respuesta inválida al obtener métodos de pago
[28-Mar-2026 14:46:19 UTC] Respuesta inválida al obtener métodos de pago
[28-Mar-2026 14:46:19 UTC] Respuesta inválida al obtener métodos de pago
[28-Mar-2026 14:46:20 UTC] Respuesta inválida al obtener métodos de pago
[28-Mar-2026 14:46:20 UTC] Respuesta inválida al obtener métodos de pago
[28-Mar-2026 14:46:20 UTC] Respuesta inválida al obtener métodos de pago
[28-Mar-2026 14:46:20 UTC] Respuesta inválida al obtener métodos de pago
[28-Mar-2026 14:46:20 UTC] Respuesta inválida al obtener métodos de pago
[28-Mar-2026 14:46:20 UTC] Respuesta inválida al obtener métodos de pago
[28-Mar-2026 14:46:20 UTC] Error en la respuesta de la API de ePayco, código de estado: 503
[28-Mar-2026 14:46:20 UTC] Respuesta inválida al obtener métodos de pago
[28-Mar-2026 14:46:21 UTC] Respuesta inválida al obtener métodos de pago
[28-Mar-2026 14:46:24 UTC] Respuesta inválida al obtener métodos de pago
[28-Mar-2026 14:46:28 UTC] Respuesta inválida al obtener métodos de pago
[28-Mar-2026 14:46:50 UTC] Respuesta inválida al obtener métodos de pago
[28-Mar-2026 14:46:50 UTC] Respuesta inválida al obtener métodos de pago
[28-Mar-2026 14:46:57 UTC] Respuesta inválida al obtener métodos de pago
[28-Mar-2026 14:46:58 UTC] Respuesta inválida al obtener métodos de pago
[28-Mar-2026 14:46:58 UTC] Respuesta inválida al obtener métodos de pago
[28-Mar-2026 14:46:59 UTC] Respuesta inválida al obtener métodos de pago
[28-Mar-2026 14:46:59 UTC] Respuesta inválida al obtener métodos de pago
[28-Mar-2026 14:46:59 UTC] Respuesta inválida al obtener métodos de pago
[28-Mar-2026 14:47:00 UTC] Respuesta inválida al obtener métodos de pago
[28-Mar-2026 14:47:01 UTC] Respuesta inválida al obtener métodos de pago
[28-Mar-2026 14:47:02 UTC] Respuesta inválida al obtener métodos de pago
[28-Mar-2026 14:47:03 UTC] Respuesta inválida al obtener métodos de pago
[28-Mar-2026 14:47:03 UTC] Respuesta inválida al obtener métodos de pago
[28-Mar-2026 14:47:04 UTC] Respuesta inválida al obtener métodos de pago
[28-Mar-2026 14:47:04 UTC] Respuesta inválida al obtener métodos de pago
[28-Mar-2026 14:47:04 UTC] Respuesta inválida al obtener métodos de pago
[28-Mar-2026 14:47:05 UTC] Respuesta inválida al obtener métodos de pago
[28-Mar-2026 14:47:05 UTC] Respuesta inválida al obtener métodos de pago
[28-Mar-2026 14:47:06 UTC] Respuesta inválida al obtener métodos de pago
[28-Mar-2026 14:47:06 UTC] Respuesta inválida al obtener métodos de pago
[28-Mar-2026 14:47:06 UTC] Respuesta inválida al obtener métodos de pago
[28-Mar-2026 14:47:07 UTC] Respuesta inválida al obtener métodos de pago
[28-Mar-2026 14:47:07 UTC] Respuesta inválida al obtener métodos de pago
[28-Mar-2026 14:47:07 UTC] Respuesta inválida al obtener métodos de pago
[28-Mar-2026 14:47:08 UTC] Respuesta inválida al obtener métodos de pago
[28-Mar-2026 14:47:08 UTC] Respuesta inválida al obtener métodos de pago
[28-Mar-2026 14:47:09 UTC] Respuesta inválida al obtener métodos de pago
[28-Mar-2026 14:47:09 UTC] Respuesta inválida al obtener métodos de pago
[28-Mar-2026 14:47:10 UTC] Respuesta inválida al obtener métodos de pago
[28-Mar-2026 14:47:10 UTC] Respuesta inválida al obtener métodos de pago
[28-Mar-2026 14:47:11 UTC] Respuesta inválida al obtener métodos de pago
[28-Mar-2026 14:47:11 UTC] Respuesta inválida al obtener métodos de pago
[28-Mar-2026 14:47:11 UTC] Respuesta inválida al obtener métodos de pago
[28-Mar-2026 14:47:11 UTC] Respuesta inválida al obtener métodos de pago
[28-Mar-2026 14:47:12 UTC] Respuesta inválida al obtener métodos de pago
[28-Mar-2026 14:47:12 UTC] Respuesta inválida al obtener métodos de pago
[28-Mar-2026 14:47:12 UTC] Respuesta inválida al obtener métodos de pago
[28-Mar-2026 14:47:13 UTC] Respuesta inválida al obtener métodos de pago
[28-Mar-2026 14:47:13 UTC] Respuesta inválida al obtener métodos de pago
[28-Mar-2026 14:47:13 UTC] Respuesta inválida al obtener métodos de pago
[28-Mar-2026 14:47:14 UTC] Respuesta inválida al obtener métodos de pago
[28-Mar-2026 14:47:14 UTC] Respuesta inválida al obtener métodos de pago
[28-Mar-2026 14:47:14 UTC] Respuesta inválida al obtener métodos de pago
[28-Mar-2026 14:47:15 UTC] Respuesta inválida al obtener métodos de pago
[28-Mar-2026 14:47:15 UTC] Respuesta inválida al obtener métodos de pago
[28-Mar-2026 14:47:15 UTC] Respuesta inválida al obtener métodos de pago
[28-Mar-2026 14:47:16 UTC] Respuesta inválida al obtener métodos de pago
[28-Mar-2026 14:47:17 UTC] Respuesta inválida al obtener métodos de pago
[28-Mar-2026 14:47:18 UTC] Respuesta inválida al obtener métodos de pago
[28-Mar-2026 14:47:19 UTC] Respuesta inválida al obtener métodos de pago
[28-Mar-2026 14:47:19 UTC] Respuesta inválida al obtener métodos de pago
[28-Mar-2026 14:47:20 UTC] Respuesta inválida al obtener métodos de pago
[28-Mar-2026 14:47:21 UTC] Respuesta inválida al obtener métodos de pago
[28-Mar-2026 14:47:32 UTC] Respuesta inválida al obtener métodos de pago
[28-Mar-2026 14:47:32 UTC] Respuesta inválida al obtener métodos de pago
[28-Mar-2026 14:47:37 UTC] Respuesta inválida al obtener métodos de pago
[28-Mar-2026 14:47:37 UTC] Respuesta inválida al obtener métodos de pago
[28-Mar-2026 14:47:38 UTC] Respuesta inválida al obtener métodos de pago
[28-Mar-2026 14:47:38 UTC] Respuesta inválida al obtener métodos de pago
[28-Mar-2026 14:47:38 UTC] Respuesta inválida al obtener métodos de pago
[28-Mar-2026 14:47:39 UTC] Respuesta inválida al obtener métodos de pago
[28-Mar-2026 14:47:39 UTC] Respuesta inválida al obtener métodos de pago
[28-Mar-2026 14:47:39 UTC] Respuesta inválida al obtener métodos de pago
[28-Mar-2026 14:47:40 UTC] Respuesta inválida al obtener métodos de pago
[28-Mar-2026 14:47:40 UTC] Respuesta inválida al obtener métodos de pago
[28-Mar-2026 14:47:40 UTC] Respuesta inválida al obtener métodos de pago
[28-Mar-2026 14:47:41 UTC] Respuesta inválida al obtener métodos de pago
[28-Mar-2026 14:47:41 UTC] Respuesta inválida al obtener métodos de pago
[28-Mar-2026 14:47:42 UTC] Respuesta inválida al obtener métodos de pago
[28-Mar-2026 14:47:42 UTC] Respuesta inválida al obtener métodos de pago
[28-Mar-2026 14:47:42 UTC] Respuesta inválida al obtener métodos de pago
[28-Mar-2026 14:47:43 UTC] Respuesta inválida al obtener métodos de pago
[28-Mar-2026 14:47:48 UTC] Respuesta inválida al obtener métodos de pago
[28-Mar-2026 14:47:49 UTC] Respuesta inválida al obtener métodos de pago
[28-Mar-2026 14:47:49 UTC] Respuesta inválida al obtener métodos de pago
[28-Mar-2026 14:47:49 UTC] Respuesta inválida al obtener métodos de pago
[28-Mar-2026 14:47:49 UTC] Respuesta inválida al obtener métodos de pago
[28-Mar-2026 14:47:50 UTC] Respuesta inválida al obtener métodos de pago
[28-Mar-2026 14:47:50 UTC] Respuesta inválida al obtener métodos de pago
[28-Mar-2026 14:47:50 UTC] Respuesta inválida al obtener métodos de pago
[28-Mar-2026 14:47:51 UTC] Respuesta inválida al obtener métodos de pago
[28-Mar-2026 14:47:52 UTC] Respuesta inválida al obtener métodos de pago
[28-Mar-2026 14:47:52 UTC] Respuesta inválida al obtener métodos de pago
[28-Mar-2026 14:47:52 UTC] Respuesta inválida al obtener métodos de pago
[28-Mar-2026 14:47:53 UTC] Respuesta inválida al obtener métodos de pago
[28-Mar-2026 14:47:53 UTC] Respuesta inválida al obtener métodos de pago
[28-Mar-2026 14:47:53 UTC] Respuesta inválida al obtener métodos de pago
[28-Mar-2026 14:47:53 UTC] Respuesta inválida al obtener métodos de pago
[28-Mar-2026 14:47:53 UTC] Respuesta inválida al obtener métodos de pago
[28-Mar-2026 14:47:53 UTC] Respuesta inválida al obtener métodos de pago
[28-Mar-2026 14:47:53 UTC] Respuesta inválida al obtener métodos de pago
[28-Mar-2026 14:47:53 UTC] Respuesta inválida al obtener métodos de pago
[28-Mar-2026 14:47:53 UTC] Respuesta inválida al obtener métodos de pago
[28-Mar-2026 14:47:53 UTC] Respuesta inválida al obtener métodos de pago
[28-Mar-2026 14:47:53 UTC] Respuesta inválida al obtener métodos de pago
[28-Mar-2026 14:47:53 UTC] Respuesta inválida al obtener métodos de pago
[28-Mar-2026 14:47:53 UTC] Respuesta inválida al obtener métodos de pago
[28-Mar-2026 14:47:53 UTC] Respuesta inválida al obtener métodos de pago
[28-Mar-2026 14:47:53 UTC] Respuesta inválida al obtener métodos de pago
[28-Mar-2026 14:47:54 UTC] Respuesta inválida al obtener métodos de pago
[28-Mar-2026 14:47:54 UTC] Respuesta inválida al obtener métodos de pago
[28-Mar-2026 14:47:55 UTC] Respuesta inválida al obtener métodos de pago
[28-Mar-2026 14:47:56 UTC] Respuesta inválida al obtener métodos de pago
[28-Mar-2026 14:47:56 UTC] Respuesta inválida al obtener métodos de pago
[28-Mar-2026 14:47:56 UTC] Respuesta inválida al obtener métodos de pago
[28-Mar-2026 14:47:57 UTC] Respuesta inválida al obtener métodos de pago
[28-Mar-2026 14:47:57 UTC] Respuesta inválida al obtener métodos de pago
[28-Mar-2026 14:47:57 UTC] Respuesta inválida al obtener métodos de pago
[28-Mar-2026 14:47:59 UTC] Respuesta inválida al obtener métodos de pago
[28-Mar-2026 14:47:59 UTC] Respuesta inválida al obtener métodos de pago
[28-Mar-2026 14:47:59 UTC] Respuesta inválida al obtener métodos de pago
[28-Mar-2026 14:47:59 UTC] Respuesta inválida al obtener métodos de pago
[28-Mar-2026 14:47:59 UTC] Respuesta inválida al obtener métodos de pago
[28-Mar-2026 14:47:59 UTC] Respuesta inválida al obtener métodos de pago
[28-Mar-2026 14:47:59 UTC] Respuesta inválida al obtener métodos de pago
[28-Mar-2026 14:47:59 UTC] Respuesta inválida al obtener métodos de pago
[28-Mar-2026 14:47:59 UTC] Respuesta inválida al obtener métodos de pago
[28-Mar-2026 14:47:59 UTC] Respuesta inválida al obtener métodos de pago
[28-Mar-2026 14:48:00 UTC] Respuesta inválida al obtener métodos de pago
[28-Mar-2026 14:48:00 UTC] Respuesta inválida al obtener métodos de pago
[28-Mar-2026 14:48:00 UTC] Respuesta inválida al obtener métodos de pago
[28-Mar-2026 14:48:00 UTC] Respuesta inválida al obtener métodos de pago
[28-Mar-2026 14:48:00 UTC] Respuesta inválida al obtener métodos de pago
[28-Mar-2026 14:48:00 UTC] Respuesta inválida al obtener métodos de pago
[28-Mar-2026 14:48:00 UTC] Respuesta inválida al obtener métodos de pago
[28-Mar-2026 14:48:00 UTC] Respuesta inválida al obtener métodos de pago
[28-Mar-2026 14:48:00 UTC] Respuesta inválida al obtener métodos de pago
[28-Mar-2026 14:48:00 UTC] Respuesta inválida al obtener métodos de pago
[28-Mar-2026 14:48:19 UTC] Respuesta inválida al obtener métodos de pago
[28-Mar-2026 14:48:20 UTC] Respuesta inválida al obtener métodos de pago
[28-Mar-2026 14:48:21 UTC] Respuesta inválida al obtener métodos de pago
[28-Mar-2026 14:48:21 UTC] Respuesta inválida al obtener métodos de pago
[28-Mar-2026 14:48:21 UTC] Respuesta inválida al obtener métodos de pago
[28-Mar-2026 14:48:22 UTC] Respuesta inválida al obtener métodos de pago
[28-Mar-2026 14:48:34 UTC] Respuesta inválida al obtener métodos de pago
[28-Mar-2026 14:48:35 UTC] Respuesta inválida al obtener métodos de pago
[28-Mar-2026 14:48:36 UTC] PHP Warning:  Undefined array key "titleResponse" in /var/www/html/wp-content/plugins/woocommerce-epayco-api/src/Gateways/PseGateway.php on line 317
[28-Mar-2026 14:48:36 UTC] Respuesta inv��lida al obtener m��todos de pago
[28-Mar-2026 14:48:36 UTC] order_key was called incorrectly. Order properties should not be accessed directly. Backtrace: require('wp-blog-header.php'), wp, WP->main, WP->parse_request, do_action_ref_array('parse_request'), WP_Hook->do_action, WP_Hook->apply_filters, rest_api_loaded, WP_REST_Server->serve_request, WP_REST_Server->dispatch, WP_REST_Server->respond_to_request, Automattic\WooCommerce\StoreApi\Routes\V1\Checkout->get_response, Automattic\WooCommerce\StoreApi\Routes\V1\AbstractRoute->get_response_by_request_method, Automattic\WooCommerce\StoreApi\Routes\V1\Checkout->get_route_post_response, Automattic\WooCommerce\StoreApi\Routes\V1\Checkout->process_payment, do_action_ref_array('woocommerce_rest_checkout_process_payment_with_context'), WP_Hook->do_action, WP_Hook->apply_filters, Automattic\WooCommerce\StoreApi\Legacy->process_legacy_payment, Epayco\Woocommerce\Gateways\PseGateway->process_payment, Epayco\Woocommerce\Gateways\AbstractGateway->returnFail, WC_Abstract_Legacy_Order->__get, wc_doing_it_wrong. This message was added in version 3.0.
[28-Mar-2026 14:48:36 UTC] The woocommerce_get_page_id function is deprecated since version 3.0. Replace with wc_get_page_id.
[28-Mar-2026 14:48:36 UTC] The wc_get_page_id argument is deprecated since version 2.1. The "pay" and "thanks" pages are no-longer used - an endpoint is added to the checkout instead. To get a valid link use the WC_Order::get_checkout_payment_url() or WC_Order::get_checkout_order_received_url() methods instead.
[28-Mar-2026 14:48:37 UTC] Respuesta inválida al obtener métodos de pago
[28-Mar-2026 14:48:38 UTC] Respuesta inválida al obtener métodos de pago
[28-Mar-2026 14:48:53 UTC] Respuesta inválida al obtener métodos de pago
[28-Mar-2026 14:48:54 UTC] Respuesta inválida al obtener métodos de pago
[28-Mar-2026 14:49:21 UTC] Respuesta inválida al obtener métodos de pago
[28-Mar-2026 14:49:22 UTC] Respuesta inválida al obtener métodos de pago
[28-Mar-2026 14:50:01 UTC] Respuesta inválida al obtener métodos de pago
[28-Mar-2026 14:50:01 UTC] Respuesta inválida al obtener métodos de pago
[28-Mar-2026 14:50:02 UTC] Respuesta inválida al obtener métodos de pago
[28-Mar-2026 14:50:03 UTC] Respuesta inválida al obtener métodos de pago
[28-Mar-2026 14:50:03 UTC] Respuesta inválida al obtener métodos de pago
[28-Mar-2026 14:50:03 UTC] Respuesta inválida al obtener métodos de pago
[28-Mar-2026 14:50:03 UTC] Respuesta inválida al obtener métodos de pago
[28-Mar-2026 14:50:03 UTC] Respuesta inválida al obtener métodos de pago
[28-Mar-2026 14:50:04 UTC] Respuesta inválida al obtener métodos de pago
[28-Mar-2026 14:50:04 UTC] Respuesta inválida al obtener métodos de pago
[28-Mar-2026 14:50:05 UTC] Respuesta inválida al obtener métodos de pago
[28-Mar-2026 14:50:06 UTC] Respuesta inválida al obtener métodos de pago
[28-Mar-2026 14:50:06 UTC] Respuesta inválida al obtener métodos de pago
[28-Mar-2026 14:50:06 UTC] Respuesta inválida al obtener métodos de pago
[28-Mar-2026 14:50:06 UTC] Respuesta inválida al obtener métodos de pago
[28-Mar-2026 14:50:06 UTC] Respuesta inválida al obtener métodos de pago
[28-Mar-2026 14:50:07 UTC] Respuesta inválida al obtener métodos de pago
[28-Mar-2026 14:50:07 UTC] Respuesta inválida al obtener métodos de pago
[28-Mar-2026 14:50:07 UTC] Respuesta inválida al obtener métodos de pago
[28-Mar-2026 14:50:07 UTC] Respuesta inválida al obtener métodos de pago
[28-Mar-2026 14:50:07 UTC] Respuesta inválida al obtener métodos de pago
[28-Mar-2026 14:50:07 UTC] Respuesta inválida al obtener métodos de pago
[28-Mar-2026 14:50:07 UTC] Respuesta inválida al obtener métodos de pago
[28-Mar-2026 14:50:07 UTC] Respuesta inválida al obtener métodos de pago
[28-Mar-2026 14:50:07 UTC] Respuesta inválida al obtener métodos de pago
[28-Mar-2026 14:50:07 UTC] Respuesta inválida al obtener métodos de pago
[28-Mar-2026 14:50:07 UTC] Respuesta inválida al obtener métodos de pago
[28-Mar-2026 14:50:11 UTC] Respuesta inválida al obtener métodos de pago
[28-Mar-2026 14:50:12 UTC] Respuesta inválida al obtener métodos de pago
[28-Mar-2026 14:50:12 UTC] Respuesta inválida al obtener métodos de pago
[28-Mar-2026 14:50:12 UTC] Respuesta inválida al obtener métodos de pago
[28-Mar-2026 14:50:13 UTC] Respuesta inválida al obtener métodos de pago
[28-Mar-2026 14:50:13 UTC] Respuesta inválida al obtener métodos de pago
[28-Mar-2026 14:50:13 UTC] Respuesta inválida al obtener métodos de pago
[28-Mar-2026 14:50:15 UTC] Respuesta inválida al obtener métodos de pago
[28-Mar-2026 14:50:15 UTC] Respuesta inválida al obtener métodos de pago
[28-Mar-2026 14:50:15 UTC] Respuesta inválida al obtener métodos de pago
[28-Mar-2026 14:50:15 UTC] Respuesta inválida al obtener métodos de pago
[28-Mar-2026 14:50:15 UTC] Respuesta inválida al obtener métodos de pago
[28-Mar-2026 14:50:15 UTC] Respuesta inválida al obtener métodos de pago
[28-Mar-2026 14:50:15 UTC] Respuesta inválida al obtener métodos de pago
[28-Mar-2026 14:50:15 UTC] Respuesta inválida al obtener métodos de pago
[28-Mar-2026 14:50:31 UTC] Respuesta inválida al obtener métodos de pago
[28-Mar-2026 14:50:31 UTC] Respuesta inválida al obtener métodos de pago
[28-Mar-2026 14:50:31 UTC] Respuesta inválida al obtener métodos de pago
[28-Mar-2026 14:50:31 UTC] Respuesta inválida al obtener métodos de pago
[28-Mar-2026 14:50:31 UTC] Respuesta inválida al obtener métodos de pago
[28-Mar-2026 14:50:31 UTC] Respuesta inválida al obtener métodos de pago
[28-Mar-2026 14:50:31 UTC] Respuesta inválida al obtener métodos de pago
[28-Mar-2026 14:50:32 UTC] Respuesta inválida al obtener métodos de pago
[28-Mar-2026 14:50:32 UTC] Respuesta inválida al obtener métodos de pago
[28-Mar-2026 14:50:32 UTC] Respuesta inválida al obtener métodos de pago
[28-Mar-2026 14:50:33 UTC] Respuesta inválida al obtener métodos de pago
[28-Mar-2026 14:50:33 UTC] Respuesta inválida al obtener métodos de pago
[28-Mar-2026 14:52:03 UTC] Error en la respuesta de la API de ePayco, código de estado: 503
[28-Mar-2026 14:53:32 UTC] PHP Warning:  Undefined array key "titleResponse" in /var/www/html/wp-content/plugins/woocommerce-epayco-api/src/Gateways/PseGateway.php on line 317
[28-Mar-2026 14:53:32 UTC] Respuesta inv��lida al obtener m��todos de pago
[28-Mar-2026 14:53:32 UTC] order_key was called incorrectly. Order properties should not be accessed directly. Backtrace: require('wp-blog-header.php'), wp, WP->main, WP->parse_request, do_action_ref_array('parse_request'), WP_Hook->do_action, WP_Hook->apply_filters, rest_api_loaded, WP_REST_Server->serve_request, WP_REST_Server->dispatch, WP_REST_Server->respond_to_request, Automattic\WooCommerce\StoreApi\Routes\V1\Checkout->get_response, Automattic\WooCommerce\StoreApi\Routes\V1\AbstractRoute->get_response_by_request_method, Automattic\WooCommerce\StoreApi\Routes\V1\Checkout->get_route_post_response, Automattic\WooCommerce\StoreApi\Routes\V1\Checkout->process_payment, do_action_ref_array('woocommerce_rest_checkout_process_payment_with_context'), WP_Hook->do_action, WP_Hook->apply_filters, Automattic\WooCommerce\StoreApi\Legacy->process_legacy_payment, Epayco\Woocommerce\Gateways\PseGateway->process_payment, Epayco\Woocommerce\Gateways\AbstractGateway->returnFail, WC_Abstract_Legacy_Order->__get, wc_doing_it_wrong. This message was added in version 3.0.
[28-Mar-2026 14:53:32 UTC] The woocommerce_get_page_id function is deprecated since version 3.0. Replace with wc_get_page_id.
[28-Mar-2026 14:53:32 UTC] The wc_get_page_id argument is deprecated since version 2.1. The "pay" and "thanks" pages are no-longer used - an endpoint is added to the checkout instead. To get a valid link use the WC_Order::get_checkout_payment_url() or WC_Order::get_checkout_order_received_url() methods instead.
[28-Mar-2026 14:55:50 UTC] PHP Warning:  Undefined array key "titleResponse" in /var/www/html/wp-content/plugins/woocommerce-epayco-api/src/Gateways/PseGateway.php on line 317
[28-Mar-2026 14:55:50 UTC] Respuesta inv��lida al obtener m��todos de pago
[28-Mar-2026 14:55:50 UTC] order_key was called incorrectly. Order properties should not be accessed directly. Backtrace: require('wp-blog-header.php'), wp, WP->main, WP->parse_request, do_action_ref_array('parse_request'), WP_Hook->do_action, WP_Hook->apply_filters, rest_api_loaded, WP_REST_Server->serve_request, WP_REST_Server->dispatch, WP_REST_Server->respond_to_request, Automattic\WooCommerce\StoreApi\Routes\V1\Checkout->get_response, Automattic\WooCommerce\StoreApi\Routes\V1\AbstractRoute->get_response_by_request_method, Automattic\WooCommerce\StoreApi\Routes\V1\Checkout->get_route_post_response, Automattic\WooCommerce\StoreApi\Routes\V1\Checkout->process_payment, do_action_ref_array('woocommerce_rest_checkout_process_payment_with_context'), WP_Hook->do_action, WP_Hook->apply_filters, Automattic\WooCommerce\StoreApi\Legacy->process_legacy_payment, Epayco\Woocommerce\Gateways\PseGateway->process_payment, Epayco\Woocommerce\Gateways\AbstractGateway->returnFail, WC_Abstract_Legacy_Order->__get, wc_doing_it_wrong. This message was added in version 3.0.
[28-Mar-2026 14:55:50 UTC] The woocommerce_get_page_id function is deprecated since version 3.0. Replace with wc_get_page_id.
[28-Mar-2026 14:55:50 UTC] The wc_get_page_id argument is deprecated since version 2.1. The "pay" and "thanks" pages are no-longer used - an endpoint is added to the checkout instead. To get a valid link use the WC_Order::get_checkout_payment_url() or WC_Order::get_checkout_order_received_url() methods instead.
[28-Mar-2026 14:57:03 UTC] Error en la respuesta de la API de ePayco, código de estado: 503
[28-Mar-2026 14:58:14 UTC] PHP Warning:  Undefined array key "titleResponse" in /var/www/html/wp-content/plugins/woocommerce-epayco-api/src/Gateways/PseGateway.php on line 317
[28-Mar-2026 14:58:14 UTC] Respuesta inv��lida al obtener m��todos de pago
[28-Mar-2026 14:58:14 UTC] order_key was called incorrectly. Order properties should not be accessed directly. Backtrace: require('wp-blog-header.php'), wp, WP->main, WP->parse_request, do_action_ref_array('parse_request'), WP_Hook->do_action, WP_Hook->apply_filters, rest_api_loaded, WP_REST_Server->serve_request, WP_REST_Server->dispatch, WP_REST_Server->respond_to_request, Automattic\WooCommerce\StoreApi\Routes\V1\Checkout->get_response, Automattic\WooCommerce\StoreApi\Routes\V1\AbstractRoute->get_response_by_request_method, Automattic\WooCommerce\StoreApi\Routes\V1\Checkout->get_route_post_response, Automattic\WooCommerce\StoreApi\Routes\V1\Checkout->process_payment, do_action_ref_array('woocommerce_rest_checkout_process_payment_with_context'), WP_Hook->do_action, WP_Hook->apply_filters, Automattic\WooCommerce\StoreApi\Legacy->process_legacy_payment, Epayco\Woocommerce\Gateways\PseGateway->process_payment, Epayco\Woocommerce\Gateways\AbstractGateway->returnFail, WC_Abstract_Legacy_Order->__get, wc_doing_it_wrong. This message was added in version 3.0.
[28-Mar-2026 14:58:14 UTC] The woocommerce_get_page_id function is deprecated since version 3.0. Replace with wc_get_page_id.
[28-Mar-2026 14:58:14 UTC] The wc_get_page_id argument is deprecated since version 2.1. The "pay" and "thanks" pages are no-longer used - an endpoint is added to the checkout instead. To get a valid link use the WC_Order::get_checkout_payment_url() or WC_Order::get_checkout_order_received_url() methods instead.
[28-Mar-2026 14:59:14 UTC] PHP Warning:  Undefined array key "x_ref_payco" in /var/www/html/wp-content/plugins/woocommerce-epayco-api/src/Gateways/AbstractGateway.php on line 331
[28-Mar-2026 15:00:24 UTC] PHP Warning:  Undefined variable $test_mode_link_src in /var/www/html/wp-content/plugins/woocommerce-epayco-api/templates/public/checkout/pse-checkout.php on line 55
[28-Mar-2026 15:00:24 UTC] PHP Warning:  Undefined variable $test_mode_link_src in /var/www/html/wp-content/plugins/woocommerce-epayco-api/templates/public/checkout/ticket-checkout.php on line 59
[28-Mar-2026 15:00:24 UTC] PHP Warning:  Undefined variable $test_mode_link_src in /var/www/html/wp-content/plugins/woocommerce-epayco-api/templates/public/checkout/daviplata-checkout.php on line 59
[28-Mar-2026 15:01:32 UTC] PHP Warning:  Undefined variable $expirationDate in /var/www/html/wp-content/plugins/woocommerce-epayco-api/templates/public/order/order-received.php on line 25
[28-Mar-2026 15:01:32 UTC] PHP Warning:  Undefined variable $codeProject in /var/www/html/wp-content/plugins/woocommerce-epayco-api/templates/public/order/order-received.php on line 26
[28-Mar-2026 15:01:32 UTC] PHP Warning:  Undefined variable $pin in /var/www/html/wp-content/plugins/woocommerce-epayco-api/templates/public/order/order-received.php on line 27
[28-Mar-2026 15:01:32 UTC] PHP Warning:  Undefined variable $expirationDate in /var/www/html/wp-content/plugins/woocommerce-epayco-api/templates/public/order/order-received.php on line 31
[28-Mar-2026 15:01:32 UTC] PHP Warning:  Undefined variable $codeProject in /var/www/html/wp-content/plugins/woocommerce-epayco-api/templates/public/order/order-received.php on line 32
[28-Mar-2026 15:01:32 UTC] PHP Warning:  Undefined variable $pin in /var/www/html/wp-content/plugins/woocommerce-epayco-api/templates/public/order/order-received.php on line 33
[28-Mar-2026 15:01:46 UTC] PHP Warning:  Undefined array key "docs_integration_test" in /var/www/html/wp-content/plugins/woocommerce-epayco-api/templates/admin/settings/settings.php on line 296
[28-Mar-2026 15:01:46 UTC] PHP Deprecated:  preg_replace(): Passing null to parameter #3 ($subject) of type array|string is deprecated in /var/www/html/wp-includes/kses.php on line 2018
[28-Mar-2026 15:02:16 UTC] PHP Warning:  Undefined array key "x_ref_payco" in /var/www/html/wp-content/plugins/woocommerce-epayco-api/src/Gateways/AbstractGateway.php on line 331
[28-Mar-2026 15:02:20 UTC] Error en la respuesta de la API de ePayco, código de estado: 503
[28-Mar-2026 15:02:29 UTC] PHP Warning:  Undefined variable $test_mode_link_src in /var/www/html/wp-content/plugins/woocommerce-epayco-api/templates/public/checkout/pse-checkout.php on line 55
[28-Mar-2026 15:02:29 UTC] PHP Warning:  Undefined variable $test_mode_link_src in /var/www/html/wp-content/plugins/woocommerce-epayco-api/templates/public/checkout/ticket-checkout.php on line 59
[28-Mar-2026 15:02:29 UTC] PHP Warning:  Undefined variable $test_mode_link_src in /var/www/html/wp-content/plugins/woocommerce-epayco-api/templates/public/checkout/daviplata-checkout.php on line 59
[28-Mar-2026 15:02:34 UTC] PHP Warning:  Undefined variable $test_mode_link_src in /var/www/html/wp-content/plugins/woocommerce-epayco-api/templates/public/checkout/pse-checkout.php on line 55
[28-Mar-2026 15:02:34 UTC] PHP Warning:  Undefined variable $test_mode_link_src in /var/www/html/wp-content/plugins/woocommerce-epayco-api/templates/public/checkout/ticket-checkout.php on line 59
[28-Mar-2026 15:02:34 UTC] PHP Warning:  Undefined variable $test_mode_link_src in /var/www/html/wp-content/plugins/woocommerce-epayco-api/templates/public/checkout/daviplata-checkout.php on line 59
[28-Mar-2026 15:02:38 UTC] PHP Warning:  Undefined variable $test_mode_link_src in /var/www/html/wp-content/plugins/woocommerce-epayco-api/templates/public/checkout/pse-checkout.php on line 55
[28-Mar-2026 15:02:38 UTC] PHP Warning:  Undefined variable $test_mode_link_src in /var/www/html/wp-content/plugins/woocommerce-epayco-api/templates/public/checkout/ticket-checkout.php on line 59
[28-Mar-2026 15:02:38 UTC] PHP Warning:  Undefined variable $test_mode_link_src in /var/www/html/wp-content/plugins/woocommerce-epayco-api/templates/public/checkout/daviplata-checkout.php on line 59
[28-Mar-2026 15:03:19 UTC] PHP Warning:  Undefined variable $expirationDate in /var/www/html/wp-content/plugins/woocommerce-epayco-api/templates/public/order/order-received.php on line 25
[28-Mar-2026 15:03:19 UTC] PHP Warning:  Undefined variable $codeProject in /var/www/html/wp-content/plugins/woocommerce-epayco-api/templates/public/order/order-received.php on line 26
[28-Mar-2026 15:03:19 UTC] PHP Warning:  Undefined variable $pin in /var/www/html/wp-content/plugins/woocommerce-epayco-api/templates/public/order/order-received.php on line 27
[28-Mar-2026 15:03:19 UTC] PHP Warning:  Undefined variable $expirationDate in /var/www/html/wp-content/plugins/woocommerce-epayco-api/templates/public/order/order-received.php on line 31
[28-Mar-2026 15:03:19 UTC] PHP Warning:  Undefined variable $codeProject in /var/www/html/wp-content/plugins/woocommerce-epayco-api/templates/public/order/order-received.php on line 32
[28-Mar-2026 15:03:19 UTC] PHP Warning:  Undefined variable $pin in /var/www/html/wp-content/plugins/woocommerce-epayco-api/templates/public/order/order-received.php on line 33
[28-Mar-2026 15:04:25 UTC] PHP Warning:  Undefined array key "x_ref_payco" in /var/www/html/wp-content/plugins/woocommerce-epayco-api/src/Gateways/AbstractGateway.php on line 331
[28-Mar-2026 15:04:46 UTC] PHP Warning:  Undefined variable $test_mode_link_src in /var/www/html/wp-content/plugins/woocommerce-epayco-api/templates/public/checkout/pse-checkout.php on line 55
[28-Mar-2026 15:04:46 UTC] PHP Warning:  Undefined variable $test_mode_link_src in /var/www/html/wp-content/plugins/woocommerce-epayco-api/templates/public/checkout/ticket-checkout.php on line 59
[28-Mar-2026 15:04:46 UTC] PHP Warning:  Undefined variable $test_mode_link_src in /var/www/html/wp-content/plugins/woocommerce-epayco-api/templates/public/checkout/daviplata-checkout.php on line 59
[28-Mar-2026 15:04:46 UTC] PHP Warning:  Undefined variable $test_mode_link_src in /var/www/html/wp-content/plugins/woocommerce-epayco-api/templates/public/checkout/pse-checkout.php on line 55
[28-Mar-2026 15:04:46 UTC] PHP Warning:  Undefined variable $test_mode_link_src in /var/www/html/wp-content/plugins/woocommerce-epayco-api/templates/public/checkout/ticket-checkout.php on line 59
[28-Mar-2026 15:04:46 UTC] PHP Warning:  Undefined variable $test_mode_link_src in /var/www/html/wp-content/plugins/woocommerce-epayco-api/templates/public/checkout/daviplata-checkout.php on line 59
[28-Mar-2026 15:04:46 UTC] PHP Warning:  Undefined variable $test_mode_link_src in /var/www/html/wp-content/plugins/woocommerce-epayco-api/templates/public/checkout/pse-checkout.php on line 55
[28-Mar-2026 15:04:46 UTC] PHP Warning:  Undefined variable $test_mode_link_src in /var/www/html/wp-content/plugins/woocommerce-epayco-api/templates/public/checkout/ticket-checkout.php on line 59
[28-Mar-2026 15:04:46 UTC] PHP Warning:  Undefined variable $test_mode_link_src in /var/www/html/wp-content/plugins/woocommerce-epayco-api/templates/public/checkout/daviplata-checkout.php on line 59
[28-Mar-2026 15:04:50 UTC] PHP Warning:  Undefined variable $expirationDate in /var/www/html/wp-content/plugins/woocommerce-epayco-api/templates/public/order/order-received.php on line 25
[28-Mar-2026 15:04:50 UTC] PHP Warning:  Undefined variable $codeProject in /var/www/html/wp-content/plugins/woocommerce-epayco-api/templates/public/order/order-received.php on line 26
[28-Mar-2026 15:04:50 UTC] PHP Warning:  Undefined variable $pin in /var/www/html/wp-content/plugins/woocommerce-epayco-api/templates/public/order/order-received.php on line 27
[28-Mar-2026 15:04:50 UTC] PHP Warning:  Undefined variable $expirationDate in /var/www/html/wp-content/plugins/woocommerce-epayco-api/templates/public/order/order-received.php on line 31
[28-Mar-2026 15:04:50 UTC] PHP Warning:  Undefined variable $codeProject in /var/www/html/wp-content/plugins/woocommerce-epayco-api/templates/public/order/order-received.php on line 32
[28-Mar-2026 15:04:50 UTC] PHP Warning:  Undefined variable $pin in /var/www/html/wp-content/plugins/woocommerce-epayco-api/templates/public/order/order-received.php on line 33
[28-Mar-2026 15:05:00 UTC] PHP Warning:  Undefined variable $test_mode_link_src in /var/www/html/wp-content/plugins/woocommerce-epayco-api/templates/public/checkout/pse-checkout.php on line 55
[28-Mar-2026 15:05:00 UTC] PHP Warning:  Undefined variable $test_mode_link_src in /var/www/html/wp-content/plugins/woocommerce-epayco-api/templates/public/checkout/ticket-checkout.php on line 59
[28-Mar-2026 15:05:00 UTC] PHP Warning:  Undefined variable $test_mode_link_src in /var/www/html/wp-content/plugins/woocommerce-epayco-api/templates/public/checkout/daviplata-checkout.php on line 59
[28-Mar-2026 15:05:20 UTC] PHP Warning:  Undefined variable $test_mode_link_src in /var/www/html/wp-content/plugins/woocommerce-epayco-api/templates/public/checkout/pse-checkout.php on line 55
[28-Mar-2026 15:05:20 UTC] PHP Warning:  Undefined variable $test_mode_link_src in /var/www/html/wp-content/plugins/woocommerce-epayco-api/templates/public/checkout/ticket-checkout.php on line 59
[28-Mar-2026 15:05:20 UTC] PHP Warning:  Undefined variable $test_mode_link_src in /var/www/html/wp-content/plugins/woocommerce-epayco-api/templates/public/checkout/daviplata-checkout.php on line 59
[28-Mar-2026 15:05:24 UTC] PHP Warning:  Undefined variable $test_mode_link_src in /var/www/html/wp-content/plugins/woocommerce-epayco-api/templates/public/checkout/pse-checkout.php on line 55
[28-Mar-2026 15:05:24 UTC] PHP Warning:  Undefined variable $test_mode_link_src in /var/www/html/wp-content/plugins/woocommerce-epayco-api/templates/public/checkout/ticket-checkout.php on line 59
[28-Mar-2026 15:05:24 UTC] PHP Warning:  Undefined variable $test_mode_link_src in /var/www/html/wp-content/plugins/woocommerce-epayco-api/templates/public/checkout/daviplata-checkout.php on line 59
[28-Mar-2026 15:05:25 UTC] PHP Warning:  Undefined variable $test_mode_link_src in /var/www/html/wp-content/plugins/woocommerce-epayco-api/templates/public/checkout/pse-checkout.php on line 55
[28-Mar-2026 15:05:25 UTC] PHP Warning:  Undefined variable $test_mode_link_src in /var/www/html/wp-content/plugins/woocommerce-epayco-api/templates/public/checkout/ticket-checkout.php on line 59
[28-Mar-2026 15:05:25 UTC] PHP Warning:  Undefined variable $test_mode_link_src in /var/www/html/wp-content/plugins/woocommerce-epayco-api/templates/public/checkout/daviplata-checkout.php on line 59
[28-Mar-2026 15:05:28 UTC] PHP Warning:  Undefined variable $test_mode_link_src in /var/www/html/wp-content/plugins/woocommerce-epayco-api/templates/public/checkout/pse-checkout.php on line 55
[28-Mar-2026 15:05:28 UTC] PHP Warning:  Undefined variable $test_mode_link_src in /var/www/html/wp-content/plugins/woocommerce-epayco-api/templates/public/checkout/ticket-checkout.php on line 59
[28-Mar-2026 15:05:28 UTC] PHP Warning:  Undefined variable $test_mode_link_src in /var/www/html/wp-content/plugins/woocommerce-epayco-api/templates/public/checkout/daviplata-checkout.php on line 59
[28-Mar-2026 15:05:34 UTC] PHP Warning:  Undefined variable $test_mode_link_src in /var/www/html/wp-content/plugins/woocommerce-epayco-api/templates/public/checkout/pse-checkout.php on line 55
[28-Mar-2026 15:05:34 UTC] PHP Warning:  Undefined variable $test_mode_link_src in /var/www/html/wp-content/plugins/woocommerce-epayco-api/templates/public/checkout/ticket-checkout.php on line 59
[28-Mar-2026 15:05:34 UTC] PHP Warning:  Undefined variable $test_mode_link_src in /var/www/html/wp-content/plugins/woocommerce-epayco-api/templates/public/checkout/daviplata-checkout.php on line 59
[28-Mar-2026 15:05:34 UTC] PHP Warning:  Undefined variable $test_mode_link_src in /var/www/html/wp-content/plugins/woocommerce-epayco-api/templates/public/checkout/pse-checkout.php on line 55
[28-Mar-2026 15:05:34 UTC] PHP Warning:  Undefined variable $test_mode_link_src in /var/www/html/wp-content/plugins/woocommerce-epayco-api/templates/public/checkout/ticket-checkout.php on line 59
[28-Mar-2026 15:05:34 UTC] PHP Warning:  Undefined variable $test_mode_link_src in /var/www/html/wp-content/plugins/woocommerce-epayco-api/templates/public/checkout/daviplata-checkout.php on line 59
[28-Mar-2026 15:05:34 UTC] PHP Warning:  Undefined variable $test_mode_link_src in /var/www/html/wp-content/plugins/woocommerce-epayco-api/templates/public/checkout/pse-checkout.php on line 55
[28-Mar-2026 15:05:34 UTC] PHP Warning:  Undefined variable $test_mode_link_src in /var/www/html/wp-content/plugins/woocommerce-epayco-api/templates/public/checkout/ticket-checkout.php on line 59
[28-Mar-2026 15:05:34 UTC] PHP Warning:  Undefined variable $test_mode_link_src in /var/www/html/wp-content/plugins/woocommerce-epayco-api/templates/public/checkout/daviplata-checkout.php on line 59
[28-Mar-2026 15:06:06 UTC] PHP Warning:  Undefined variable $test_mode_link_src in /var/www/html/wp-content/plugins/woocommerce-epayco-api/templates/public/checkout/pse-checkout.php on line 55
[28-Mar-2026 15:06:07 UTC] PHP Warning:  Undefined variable $test_mode_link_src in /var/www/html/wp-content/plugins/woocommerce-epayco-api/templates/public/checkout/pse-checkout.php on line 55
[28-Mar-2026 15:06:07 UTC] PHP Warning:  Undefined variable $test_mode_link_src in /var/www/html/wp-content/plugins/woocommerce-epayco-api/templates/public/checkout/ticket-checkout.php on line 59
[28-Mar-2026 15:06:07 UTC] PHP Warning:  Undefined variable $test_mode_link_src in /var/www/html/wp-content/plugins/woocommerce-epayco-api/templates/public/checkout/daviplata-checkout.php on line 59
[28-Mar-2026 15:06:08 UTC] PHP Warning:  Undefined variable $test_mode_link_src in /var/www/html/wp-content/plugins/woocommerce-epayco-api/templates/public/checkout/pse-checkout.php on line 55
[28-Mar-2026 15:06:09 UTC] PHP Warning:  Undefined variable $test_mode_link_src in /var/www/html/wp-content/plugins/woocommerce-epayco-api/templates/public/checkout/pse-checkout.php on line 55
[28-Mar-2026 15:06:09 UTC] PHP Warning:  Undefined variable $test_mode_link_src in /var/www/html/wp-content/plugins/woocommerce-epayco-api/templates/public/checkout/ticket-checkout.php on line 59
[28-Mar-2026 15:06:09 UTC] PHP Warning:  Undefined variable $test_mode_link_src in /var/www/html/wp-content/plugins/woocommerce-epayco-api/templates/public/checkout/daviplata-checkout.php on line 59
[28-Mar-2026 15:06:32 UTC] Error en la respuesta de la API de ePayco, código de estado: 503
[28-Mar-2026 15:06:54 UTC] PHP Warning:  Undefined variable $expirationDate in /var/www/html/wp-content/plugins/woocommerce-epayco-api/templates/public/order/order-received.php on line 25
[28-Mar-2026 15:06:54 UTC] PHP Warning:  Undefined variable $codeProject in /var/www/html/wp-content/plugins/woocommerce-epayco-api/templates/public/order/order-received.php on line 26
[28-Mar-2026 15:06:54 UTC] PHP Warning:  Undefined variable $pin in /var/www/html/wp-content/plugins/woocommerce-epayco-api/templates/public/order/order-received.php on line 27
[28-Mar-2026 15:06:54 UTC] PHP Warning:  Undefined variable $expirationDate in /var/www/html/wp-content/plugins/woocommerce-epayco-api/templates/public/order/order-received.php on line 31
[28-Mar-2026 15:06:54 UTC] PHP Warning:  Undefined variable $codeProject in /var/www/html/wp-content/plugins/woocommerce-epayco-api/templates/public/order/order-received.php on line 32
[28-Mar-2026 15:06:54 UTC] PHP Warning:  Undefined variable $pin in /var/www/html/wp-content/plugins/woocommerce-epayco-api/templates/public/order/order-received.php on line 33
[28-Mar-2026 15:06:57 UTC] PHP Warning:  Undefined variable $test_mode_link_src in /var/www/html/wp-content/plugins/woocommerce-epayco-api/templates/public/checkout/pse-checkout.php on line 55
[28-Mar-2026 15:06:57 UTC] PHP Warning:  Undefined variable $test_mode_link_src in /var/www/html/wp-content/plugins/woocommerce-epayco-api/templates/public/checkout/ticket-checkout.php on line 59
[28-Mar-2026 15:06:57 UTC] PHP Warning:  Undefined variable $test_mode_link_src in /var/www/html/wp-content/plugins/woocommerce-epayco-api/templates/public/checkout/daviplata-checkout.php on line 59
[28-Mar-2026 15:07:34 UTC] PHP Warning:  Undefined array key "x_ref_payco" in /var/www/html/wp-content/plugins/woocommerce-epayco-api/src/Gateways/AbstractGateway.php on line 331
[28-Mar-2026 15:09:11 UTC] PHP Warning:  Undefined variable $expirationDate in /var/www/html/wp-content/plugins/woocommerce-epayco-api/templates/public/order/order-received.php on line 25
[28-Mar-2026 15:09:11 UTC] PHP Warning:  Undefined variable $codeProject in /var/www/html/wp-content/plugins/woocommerce-epayco-api/templates/public/order/order-received.php on line 26
[28-Mar-2026 15:09:11 UTC] PHP Warning:  Undefined variable $pin in /var/www/html/wp-content/plugins/woocommerce-epayco-api/templates/public/order/order-received.php on line 27
[28-Mar-2026 15:09:11 UTC] PHP Warning:  Undefined variable $expirationDate in /var/www/html/wp-content/plugins/woocommerce-epayco-api/templates/public/order/order-received.php on line 31
[28-Mar-2026 15:09:11 UTC] PHP Warning:  Undefined variable $codeProject in /var/www/html/wp-content/plugins/woocommerce-epayco-api/templates/public/order/order-received.php on line 32
[28-Mar-2026 15:09:11 UTC] PHP Warning:  Undefined variable $pin in /var/www/html/wp-content/plugins/woocommerce-epayco-api/templates/public/order/order-received.php on line 33
[28-Mar-2026 15:13:39 UTC] Error en la respuesta de la API de ePayco, código de estado: 503
[28-Mar-2026 15:16:32 UTC] Error en la respuesta de la API de ePayco, código de estado: 503
[28-Mar-2026 15:21:13 UTC] Error en la respuesta de la API de ePayco, código de estado: 503
[28-Mar-2026 15:26:25 UTC] Error en la respuesta de la API de ePayco, código de estado: 503
[28-Mar-2026 15:31:21 UTC] Error en la respuesta de la API de ePayco, código de estado: 503
[28-Mar-2026 15:33:25 UTC] PHP Warning:  Undefined array key "docs_integration_test" in /var/www/html/wp-content/plugins/woocommerce-epayco-api/templates/admin/settings/settings.php on line 296
[28-Mar-2026 15:33:25 UTC] PHP Deprecated:  preg_replace(): Passing null to parameter #3 ($subject) of type array|string is deprecated in /var/www/html/wp-includes/kses.php on line 2018
[28-Mar-2026 15:36:13 UTC] Error en la respuesta de la API de ePayco, código de estado: 503
[28-Mar-2026 15:41:22 UTC] Error en la respuesta de la API de ePayco, código de estado: 503
[28-Mar-2026 15:46:40 UTC] Error en la respuesta de la API de ePayco, código de estado: 503
[28-Mar-2026 15:52:03 UTC] Error en la respuesta de la API de ePayco, código de estado: 503
[28-Mar-2026 15:57:11 UTC] Error en la respuesta de la API de ePayco, código de estado: 503
[28-Mar-2026 16:02:08 UTC] Error en la respuesta de la API de ePayco, código de estado: 503
[28-Mar-2026 16:05:09 UTC] PHP Warning:  Undefined array key "docs_integration_test" in /var/www/html/wp-content/plugins/woocommerce-epayco-api/templates/admin/settings/settings.php on line 296
[28-Mar-2026 16:05:09 UTC] PHP Deprecated:  preg_replace(): Passing null to parameter #3 ($subject) of type array|string is deprecated in /var/www/html/wp-includes/kses.php on line 2018
[28-Mar-2026 16:06:15 UTC] Error en la respuesta de la API de ePayco, código de estado: 503
[28-Mar-2026 16:11:40 UTC] Error en la respuesta de la API de ePayco, código de estado: 503
[28-Mar-2026 16:11:46 UTC] PHP Parse error:  syntax error, unexpected token ")" in /var/www/html/wp-content/plugins/woocommerce-epayco-api/src/Gateways/TicketGateway.php on line 379
[28-Mar-2026 16:11:46 UTC] PHP Notice:  La función _load_textdomain_just_in_time ha sido llamada <strong>de forma incorrecta</strong>. La carga de traducciones para el dominio <code>woocommerce</code> se activó demasiado pronto. Esto suele indicar que algún código en el plugin o tema se está ejecutando antes de tiempo. Las traducciones deben cargarse en la acción <code>init</code> o más tarde. Por favor, visita <a href="https://developer.wordpress.org/advanced-administration/debug/debug-wordpress/">Depuración en WordPress</a> para más información. (Este mensaje se añadió en la versión 6.7.0.) in /var/www/html/wp-includes/functions.php on line 6131
[28-Mar-2026 16:14:21 UTC] PHP Warning:  Undefined array key "docs_integration_test" in /var/www/html/wp-content/plugins/woocommerce-epayco-api/templates/admin/settings/settings.php on line 296
[28-Mar-2026 16:14:21 UTC] PHP Deprecated:  preg_replace(): Passing null to parameter #3 ($subject) of type array|string is deprecated in /var/www/html/wp-includes/kses.php on line 2018
[28-Mar-2026 16:16:25 UTC] Error en la respuesta de la API de ePayco, código de estado: 503
[28-Mar-2026 16:19:36 UTC] PHP Warning:  Undefined array key "docs_integration_test" in /var/www/html/wp-content/plugins/woocommerce-epayco-api/templates/admin/settings/settings.php on line 296
[28-Mar-2026 16:19:36 UTC] PHP Deprecated:  preg_replace(): Passing null to parameter #3 ($subject) of type array|string is deprecated in /var/www/html/wp-includes/kses.php on line 2018
[28-Mar-2026 16:20:45 UTC] PHP Warning:  Undefined array key "docs_integration_test" in /var/www/html/wp-content/plugins/woocommerce-epayco-api/templates/admin/settings/settings.php on line 296
[28-Mar-2026 16:20:45 UTC] PHP Deprecated:  preg_replace(): Passing null to parameter #3 ($subject) of type array|string is deprecated in /var/www/html/wp-includes/kses.php on line 2018
[28-Mar-2026 16:21:48 UTC] Error en la respuesta de la API de ePayco, código de estado: 503
[28-Mar-2026 16:24:36 UTC] PHP Warning:  Undefined array key "x_ref_payco" in /var/www/html/wp-content/plugins/woocommerce-epayco-api/src/Gateways/AbstractGateway.php on line 331
[28-Mar-2026 16:25:49 UTC] PHP Warning:  Undefined array key "x_ref_payco" in /var/www/html/wp-content/plugins/woocommerce-epayco-api/src/Gateways/AbstractGateway.php on line 331
[28-Mar-2026 16:26:13 UTC] Error en la respuesta de la API de ePayco, código de estado: 503
[28-Mar-2026 16:31:14 UTC] Error en la respuesta de la API de ePayco, código de estado: 503
[28-Mar-2026 16:32:01 UTC] PHP Warning:  Undefined array key "x_ref_payco" in /var/www/html/wp-content/plugins/woocommerce-epayco-api/src/Gateways/AbstractGateway.php on line 331
[28-Mar-2026 16:36:29 UTC] Error en la respuesta de la API de ePayco, código de estado: 503
[28-Mar-2026 16:41:14 UTC] Error en la respuesta de la API de ePayco, código de estado: 503
[28-Mar-2026 16:46:16 UTC] Error en la respuesta de la API de ePayco, código de estado: 503
[28-Mar-2026 16:52:36 UTC] Error en la respuesta de la API de ePayco, código de estado: 503
[28-Mar-2026 16:56:31 UTC] Error en la respuesta de la API de ePayco, código de estado: 503
[28-Mar-2026 16:56:46 UTC] PHP Warning:  Cannot modify header information - headers already sent by (output started at /var/www/html/wp-includes/template-canvas.php:13) in /var/www/html/wp-content/plugins/woocommerce-epayco-api/src/Hooks/Authentication.php on line 38
[28-Mar-2026 16:57:17 UTC] PHP Warning:  Cannot modify header information - headers already sent by (output started at /var/www/html/wp-includes/template-canvas.php:13) in /var/www/html/wp-content/plugins/woocommerce-epayco-api/src/Hooks/Authentication.php on line 38
[28-Mar-2026 16:57:20 UTC] PHP Warning:  Cannot modify header information - headers already sent by (output started at /var/www/html/wp-includes/template-canvas.php:13) in /var/www/html/wp-content/plugins/woocommerce-epayco-api/src/Hooks/Authentication.php on line 38
[28-Mar-2026 16:57:31 UTC] PHP Warning:  Cannot modify header information - headers already sent by (output started at /var/www/html/wp-includes/template-canvas.php:13) in /var/www/html/wp-content/plugins/woocommerce-epayco-api/src/Hooks/Authentication.php on line 38
[28-Mar-2026 16:57:39 UTC] PHP Warning:  Cannot modify header information - headers already sent by (output started at /var/www/html/wp-includes/template-canvas.php:13) in /var/www/html/wp-content/plugins/woocommerce-epayco-api/src/Hooks/Authentication.php on line 38
[28-Mar-2026 16:57:54 UTC] PHP Warning:  Cannot modify header information - headers already sent by (output started at /var/www/html/wp-login.php:93) in /var/www/html/wp-content/plugins/woocommerce-epayco-api/src/Hooks/Authentication.php on line 38
[28-Mar-2026 17:01:20 UTC] Error en la respuesta de la API de ePayco, código de estado: 503
[28-Mar-2026 17:06:45 UTC] Error en la respuesta de la API de ePayco, código de estado: 503
[28-Mar-2026 17:09:35 UTC] PHP Warning:  Undefined array key "docs_integration_test" in /var/www/html/wp-content/plugins/woocommerce-epayco-api/templates/admin/settings/settings.php on line 296
[28-Mar-2026 17:09:35 UTC] PHP Deprecated:  preg_replace(): Passing null to parameter #3 ($subject) of type array|string is deprecated in /var/www/html/wp-includes/kses.php on line 2018
[28-Mar-2026 17:10:03 UTC] PHP Warning:  Undefined array key "x_ref_payco" in /var/www/html/wp-content/plugins/woocommerce-epayco-api/src/Gateways/AbstractGateway.php on line 331
[28-Mar-2026 17:11:45 UTC] PHP Warning:  Undefined array key "x_ref_payco" in /var/www/html/wp-content/plugins/woocommerce-epayco-api/src/Gateways/AbstractGateway.php on line 331
[28-Mar-2026 17:12:34 UTC] Error en la respuesta de la API de ePayco, código de estado: 503
[28-Mar-2026 17:17:51 UTC] Error en la respuesta de la API de ePayco, código de estado: 503
[28-Mar-2026 17:21:23 UTC] Error en la respuesta de la API de ePayco, código de estado: 503
[28-Mar-2026 17:26:23 UTC] Error en la respuesta de la API de ePayco, código de estado: 503
[28-Mar-2026 17:31:43 UTC] Error en la respuesta de la API de ePayco, código de estado: 503
[28-Mar-2026 17:35:09 UTC] PHP Warning:  Undefined variable $test_mode_link_src in /var/www/html/wp-content/plugins/woocommerce-epayco-api/templates/public/checkout/pse-checkout.php on line 55
[28-Mar-2026 17:35:09 UTC] PHP Warning:  Undefined variable $test_mode_link_src in /var/www/html/wp-content/plugins/woocommerce-epayco-api/templates/public/checkout/ticket-checkout.php on line 59
[28-Mar-2026 17:35:09 UTC] PHP Warning:  Undefined variable $test_mode_link_src in /var/www/html/wp-content/plugins/woocommerce-epayco-api/templates/public/checkout/daviplata-checkout.php on line 59
[28-Mar-2026 17:35:14 UTC] PHP Warning:  Undefined variable $test_mode_link_src in /var/www/html/wp-content/plugins/woocommerce-epayco-api/templates/public/checkout/pse-checkout.php on line 55
[28-Mar-2026 17:35:14 UTC] PHP Warning:  Undefined variable $test_mode_link_src in /var/www/html/wp-content/plugins/woocommerce-epayco-api/templates/public/checkout/ticket-checkout.php on line 59
[28-Mar-2026 17:35:14 UTC] PHP Warning:  Undefined variable $test_mode_link_src in /var/www/html/wp-content/plugins/woocommerce-epayco-api/templates/public/checkout/daviplata-checkout.php on line 59
[28-Mar-2026 17:35:20 UTC] PHP Warning:  Undefined variable $test_mode_link_src in /var/www/html/wp-content/plugins/woocommerce-epayco-api/templates/public/checkout/pse-checkout.php on line 55
[28-Mar-2026 17:35:20 UTC] PHP Warning:  Undefined variable $test_mode_link_src in /var/www/html/wp-content/plugins/woocommerce-epayco-api/templates/public/checkout/ticket-checkout.php on line 59
[28-Mar-2026 17:35:20 UTC] PHP Warning:  Undefined variable $test_mode_link_src in /var/www/html/wp-content/plugins/woocommerce-epayco-api/templates/public/checkout/daviplata-checkout.php on line 59
[28-Mar-2026 17:35:25 UTC] PHP Fatal error:  Uncaught Error: Cannot use object of type stdClass as array in /var/www/html/wp-content/plugins/woocommerce-epayco-api/src/Hooks/Authentication.php:25
Stack trace:
#0 /var/www/html/wp-content/plugins/woocommerce-epayco-api/src/Gateways/AbstractGateway.php(223): Epayco\Woocommerce\Hooks\Authentication->Auth(true)
#1 /var/www/html/wp-content/plugins/woocommerce-epayco-api/src/Gateways/CreditCardGateway.php(188): Epayco\Woocommerce\Gateways\AbstractGateway->registerCheckoutScripts()
#2 /var/www/html/wp-content/plugins/woocommerce-epayco-api/src/Gateways/AbstractGateway.php(161): Epayco\Woocommerce\Gateways\CreditCardGateway->registerCheckoutScripts()
#3 /var/www/html/wp-content/plugins/woocommerce-epayco-api/src/Gateways/CreditCardGateway.php(173): Epayco\Woocommerce\Gateways\AbstractGateway->payment_scripts('woo-epayco-cred...')
#4 /var/www/html/wp-content/plugins/woocommerce-epayco-api/src/Gateways/CreditCardGateway.php(59): Epayco\Woocommerce\Gateways\CreditCardGateway->payment_scripts('woo-epayco-cred...')
#5 /var/www/html/wp-content/plugins/woocommerce/includes/class-wc-payment-gateways.php(101): Epayco\Woocommerce\Gateways\CreditCardGateway->__construct()
#6 /var/www/html/wp-content/plugins/woocommerce/includes/class-wc-payment-gateways.php(77): WC_Payment_Gateways->init()
#7 /var/www/html/wp-content/plugins/woocommerce/includes/class-wc-payment-gateways.php(50): WC_Payment_Gateways->__construct()
#8 /var/www/html/wp-content/plugins/woocommerce/includes/class-woocommerce.php(1274): WC_Payment_Gateways::instance()
#9 /var/www/html/wp-content/plugins/woocommerce-epayco-api/src/Blocks/AbstractBlock.php(171): WooCommerce->payment_gateways()
#10 /var/www/html/wp-content/plugins/woocommerce-epayco-api/src/Blocks/AbstractBlock.php(46): Epayco\Woocommerce\Blocks\AbstractBlock->setGateway()
#11 /var/www/html/wp-content/plugins/woocommerce-epayco-api/src/Blocks/CheckoutBlock.php(21): Epayco\Woocommerce\Blocks\AbstractBlock->__construct()
#12 /var/www/html/wp-content/plugins/woocommerce-epayco-api/src/WoocommerceEpayco.php(199): Epayco\Woocommerce\Blocks\CheckoutBlock->__construct()
#13 /var/www/html/wp-includes/class-wp-hook.php(341): Epayco\Woocommerce\WoocommerceEpayco->Epayco\Woocommerce\{closure}(Object(Automattic\WooCommerce\Blocks\Payments\PaymentMethodRegistry))
#14 /var/www/html/wp-includes/class-wp-hook.php(365): WP_Hook->apply_filters('', Array)
#15 /var/www/html/wp-includes/plugin.php(522): WP_Hook->do_action(Array)
#16 /var/www/html/wp-content/plugins/woocommerce/src/Blocks/Integrations/IntegrationRegistry.php(50): do_action('woocommerce_blo...', Object(Automattic\WooCommerce\Blocks\Payments\PaymentMethodRegistry))
#17 /var/www/html/wp-includes/class-wp-hook.php(341): Automattic\WooCommerce\Blocks\Integrations\IntegrationRegistry->initialize('')
#18 /var/www/html/wp-includes/class-wp-hook.php(365): WP_Hook->apply_filters(NULL, Array)
#19 /var/www/html/wp-includes/plugin.php(522): WP_Hook->do_action(Array)
#20 /var/www/html/wp-settings.php(742): do_action('init')
#21 /var/www/html/wp-config.php(139): require_once('/var/www/html/w...')
#22 /var/www/html/wp-load.php(50): require_once('/var/www/html/w...')
#23 /var/www/html/wp-blog-header.php(13): require_once('/var/www/html/w...')
#24 /var/www/html/index.php(17): require('/var/www/html/w...')
#25 {main}
  thrown in /var/www/html/wp-content/plugins/woocommerce-epayco-api/src/Hooks/Authentication.php on line 25
[28-Mar-2026 17:37:54 UTC] Error en la respuesta de la API de ePayco, código de estado: 503
[28-Mar-2026 17:41:56 UTC] Error en la respuesta de la API de ePayco, código de estado: 503
[28-Mar-2026 17:47:10 UTC] Error en la respuesta de la API de ePayco, código de estado: 503
[28-Mar-2026 17:51:19 UTC] Error en la respuesta de la API de ePayco, código de estado: 503
[28-Mar-2026 17:55:10 UTC] CreditCard mensaje {"cardTokenId":""}
[28-Mar-2026 17:55:10 UTC] PHP Warning:  Undefined array key "" in /var/www/html/wp-content/plugins/woocommerce-epayco-api/src/Transactions/AbstractPaymentTransaction.php on line 195
[28-Mar-2026 17:55:10 UTC] PHP Warning:  Trying to access array offset on null in /var/www/html/wp-content/plugins/woocommerce-epayco-api/src/Transactions/AbstractPaymentTransaction.php on line 195
[28-Mar-2026 17:55:10 UTC] PHP Warning:  Undefined array key "" in /var/www/html/wp-content/plugins/woocommerce-epayco-api/src/Transactions/AbstractPaymentTransaction.php on line 196
[28-Mar-2026 17:55:10 UTC] PHP Warning:  Trying to access array offset on null in /var/www/html/wp-content/plugins/woocommerce-epayco-api/src/Transactions/AbstractPaymentTransaction.php on line 196
[28-Mar-2026 17:55:10 UTC] PHP Warning:  Undefined array key "" in /var/www/html/wp-content/plugins/woocommerce-epayco-api/src/Transactions/AbstractPaymentTransaction.php on line 201
[28-Mar-2026 17:55:10 UTC] PHP Warning:  Trying to access array offset on null in /var/www/html/wp-content/plugins/woocommerce-epayco-api/src/Transactions/AbstractPaymentTransaction.php on line 201
[28-Mar-2026 17:55:10 UTC] PHP Deprecated:  explode(): Passing null to parameter #2 ($string) of type string is deprecated in /var/www/html/wp-content/plugins/woocommerce-epayco-api/src/Transactions/AbstractPaymentTransaction.php on line 202
[28-Mar-2026 17:55:10 UTC] PHP Warning:  Undefined array key 1 in /var/www/html/wp-content/plugins/woocommerce-epayco-api/src/Transactions/AbstractPaymentTransaction.php on line 204
[28-Mar-2026 17:55:10 UTC] PHP Warning:  Undefined array key "" in /var/www/html/wp-content/plugins/woocommerce-epayco-api/src/Transactions/AbstractPaymentTransaction.php on line 205
[28-Mar-2026 17:55:10 UTC] PHP Warning:  Trying to access array offset on null in /var/www/html/wp-content/plugins/woocommerce-epayco-api/src/Transactions/AbstractPaymentTransaction.php on line 205
[28-Mar-2026 17:55:10 UTC] PHP Warning:  Undefined array key "" in /var/www/html/wp-content/plugins/woocommerce-epayco-api/src/Transactions/AbstractPaymentTransaction.php on line 207
[28-Mar-2026 17:55:10 UTC] PHP Warning:  Trying to access array offset on null in /var/www/html/wp-content/plugins/woocommerce-epayco-api/src/Transactions/AbstractPaymentTransaction.php on line 207
[28-Mar-2026 17:55:10 UTC] PHP Warning:  Undefined array key "" in /var/www/html/wp-content/plugins/woocommerce-epayco-api/src/Transactions/AbstractPaymentTransaction.php on line 208
[28-Mar-2026 17:55:10 UTC] PHP Warning:  Trying to access array offset on null in /var/www/html/wp-content/plugins/woocommerce-epayco-api/src/Transactions/AbstractPaymentTransaction.php on line 208
[28-Mar-2026 17:55:10 UTC] PHP Warning:  Undefined array key "identificationTypeError" in /var/www/html/wp-content/plugins/woocommerce-epayco-api/src/Transactions/AbstractPaymentTransaction.php on line 209
[28-Mar-2026 17:55:10 UTC] PHP Warning:  Undefined array key "" in /var/www/html/wp-content/plugins/woocommerce-epayco-api/src/Transactions/AbstractPaymentTransaction.php on line 210
[28-Mar-2026 17:55:10 UTC] PHP Warning:  Trying to access array offset on null in /var/www/html/wp-content/plugins/woocommerce-epayco-api/src/Transactions/AbstractPaymentTransaction.php on line 210
[28-Mar-2026 17:55:10 UTC] PHP Warning:  Undefined array key "" in /var/www/html/wp-content/plugins/woocommerce-epayco-api/src/Transactions/AbstractPaymentTransaction.php on line 211
[28-Mar-2026 17:55:10 UTC] PHP Warning:  Trying to access array offset on null in /var/www/html/wp-content/plugins/woocommerce-epayco-api/src/Transactions/AbstractPaymentTransaction.php on line 211
[28-Mar-2026 17:55:10 UTC] PHP Warning:  Undefined array key "expirationdate" in /var/www/html/wp-content/plugins/woocommerce-epayco-api/src/Transactions/AbstractPaymentTransaction.php on line 212
[28-Mar-2026 17:55:10 UTC] PHP Deprecated:  explode(): Passing null to parameter #2 ($string) of type string is deprecated in /var/www/html/wp-content/plugins/woocommerce-epayco-api/src/Transactions/AbstractPaymentTransaction.php on line 213
[28-Mar-2026 17:55:10 UTC] PHP Warning:  Undefined array key 1 in /var/www/html/wp-content/plugins/woocommerce-epayco-api/src/Transactions/AbstractPaymentTransaction.php on line 213
[28-Mar-2026 17:55:10 UTC] PHP Warning:  Undefined array key "securitycode" in /var/www/html/wp-content/plugins/woocommerce-epayco-api/src/Transactions/AbstractPaymentTransaction.php on line 214
[28-Mar-2026 17:55:10 UTC] PHP Deprecated:  strlen(): Passing null to parameter #1 ($string) of type string is deprecated in /var/www/html/wp-content/plugins/woocommerce-epayco-api/src/Transactions/AbstractPaymentTransaction.php on line 215
[28-Mar-2026 17:55:10 UTC] PHP Deprecated:  strlen(): Passing null to parameter #1 ($string) of type string is deprecated in /var/www/html/wp-content/plugins/woocommerce-epayco-api/src/Transactions/AbstractPaymentTransaction.php on line 217
[28-Mar-2026 17:57:30 UTC] CreditCard mensaje {"cardTokenId":""}
[28-Mar-2026 17:57:30 UTC] PHP Warning:  Undefined array key "" in /var/www/html/wp-content/plugins/woocommerce-epayco-api/src/Transactions/AbstractPaymentTransaction.php on line 195
[28-Mar-2026 17:57:30 UTC] PHP Warning:  Trying to access array offset on null in /var/www/html/wp-content/plugins/woocommerce-epayco-api/src/Transactions/AbstractPaymentTransaction.php on line 195
[28-Mar-2026 17:57:30 UTC] PHP Warning:  Undefined array key "" in /var/www/html/wp-content/plugins/woocommerce-epayco-api/src/Transactions/AbstractPaymentTransaction.php on line 196
[28-Mar-2026 17:57:30 UTC] PHP Warning:  Trying to access array offset on null in /var/www/html/wp-content/plugins/woocommerce-epayco-api/src/Transactions/AbstractPaymentTransaction.php on line 196
[28-Mar-2026 17:57:30 UTC] PHP Warning:  Undefined array key "" in /var/www/html/wp-content/plugins/woocommerce-epayco-api/src/Transactions/AbstractPaymentTransaction.php on line 201
[28-Mar-2026 17:57:30 UTC] PHP Warning:  Trying to access array offset on null in /var/www/html/wp-content/plugins/woocommerce-epayco-api/src/Transactions/AbstractPaymentTransaction.php on line 201
[28-Mar-2026 17:57:30 UTC] PHP Deprecated:  explode(): Passing null to parameter #2 ($string) of type string is deprecated in /var/www/html/wp-content/plugins/woocommerce-epayco-api/src/Transactions/AbstractPaymentTransaction.php on line 202
[28-Mar-2026 17:57:30 UTC] PHP Warning:  Undefined array key 1 in /var/www/html/wp-content/plugins/woocommerce-epayco-api/src/Transactions/AbstractPaymentTransaction.php on line 204
[28-Mar-2026 17:57:30 UTC] PHP Warning:  Undefined array key "" in /var/www/html/wp-content/plugins/woocommerce-epayco-api/src/Transactions/AbstractPaymentTransaction.php on line 205
[28-Mar-2026 17:57:30 UTC] PHP Warning:  Trying to access array offset on null in /var/www/html/wp-content/plugins/woocommerce-epayco-api/src/Transactions/AbstractPaymentTransaction.php on line 205
[28-Mar-2026 17:57:30 UTC] PHP Warning:  Undefined array key "" in /var/www/html/wp-content/plugins/woocommerce-epayco-api/src/Transactions/AbstractPaymentTransaction.php on line 207
[28-Mar-2026 17:57:30 UTC] PHP Warning:  Trying to access array offset on null in /var/www/html/wp-content/plugins/woocommerce-epayco-api/src/Transactions/AbstractPaymentTransaction.php on line 207
[28-Mar-2026 17:57:30 UTC] PHP Warning:  Undefined array key "" in /var/www/html/wp-content/plugins/woocommerce-epayco-api/src/Transactions/AbstractPaymentTransaction.php on line 208
[28-Mar-2026 17:57:30 UTC] PHP Warning:  Trying to access array offset on null in /var/www/html/wp-content/plugins/woocommerce-epayco-api/src/Transactions/AbstractPaymentTransaction.php on line 208
[28-Mar-2026 17:57:30 UTC] PHP Warning:  Undefined array key "identificationTypeError" in /var/www/html/wp-content/plugins/woocommerce-epayco-api/src/Transactions/AbstractPaymentTransaction.php on line 209
[28-Mar-2026 17:57:30 UTC] PHP Warning:  Undefined array key "" in /var/www/html/wp-content/plugins/woocommerce-epayco-api/src/Transactions/AbstractPaymentTransaction.php on line 210
[28-Mar-2026 17:57:30 UTC] PHP Warning:  Trying to access array offset on null in /var/www/html/wp-content/plugins/woocommerce-epayco-api/src/Transactions/AbstractPaymentTransaction.php on line 210
[28-Mar-2026 17:57:30 UTC] PHP Warning:  Undefined array key "" in /var/www/html/wp-content/plugins/woocommerce-epayco-api/src/Transactions/AbstractPaymentTransaction.php on line 211
[28-Mar-2026 17:57:30 UTC] PHP Warning:  Trying to access array offset on null in /var/www/html/wp-content/plugins/woocommerce-epayco-api/src/Transactions/AbstractPaymentTransaction.php on line 211
[28-Mar-2026 17:57:30 UTC] PHP Warning:  Undefined array key "expirationdate" in /var/www/html/wp-content/plugins/woocommerce-epayco-api/src/Transactions/AbstractPaymentTransaction.php on line 212
[28-Mar-2026 17:57:30 UTC] PHP Deprecated:  explode(): Passing null to parameter #2 ($string) of type string is deprecated in /var/www/html/wp-content/plugins/woocommerce-epayco-api/src/Transactions/AbstractPaymentTransaction.php on line 213
[28-Mar-2026 17:57:30 UTC] PHP Warning:  Undefined array key 1 in /var/www/html/wp-content/plugins/woocommerce-epayco-api/src/Transactions/AbstractPaymentTransaction.php on line 213
[28-Mar-2026 17:57:30 UTC] PHP Warning:  Undefined array key "securitycode" in /var/www/html/wp-content/plugins/woocommerce-epayco-api/src/Transactions/AbstractPaymentTransaction.php on line 214
[28-Mar-2026 17:57:30 UTC] PHP Deprecated:  strlen(): Passing null to parameter #1 ($string) of type string is deprecated in /var/www/html/wp-content/plugins/woocommerce-epayco-api/src/Transactions/AbstractPaymentTransaction.php on line 215
[28-Mar-2026 17:57:30 UTC] PHP Deprecated:  strlen(): Passing null to parameter #1 ($string) of type string is deprecated in /var/www/html/wp-content/plugins/woocommerce-epayco-api/src/Transactions/AbstractPaymentTransaction.php on line 217
[28-Mar-2026 17:59:29 UTC] Error en la respuesta de la API de ePayco, código de estado: 503
[28-Mar-2026 18:03:06 UTC] CreditCard mensaje {"cardTokenId":""}
[28-Mar-2026 18:03:06 UTC] PHP Warning:  Undefined array key "" in /var/www/html/wp-content/plugins/woocommerce-epayco-api/src/Transactions/AbstractPaymentTransaction.php on line 195
[28-Mar-2026 18:03:06 UTC] PHP Warning:  Trying to access array offset on null in /var/www/html/wp-content/plugins/woocommerce-epayco-api/src/Transactions/AbstractPaymentTransaction.php on line 195
[28-Mar-2026 18:03:06 UTC] PHP Warning:  Undefined array key "" in /var/www/html/wp-content/plugins/woocommerce-epayco-api/src/Transactions/AbstractPaymentTransaction.php on line 196
[28-Mar-2026 18:03:06 UTC] PHP Warning:  Trying to access array offset on null in /var/www/html/wp-content/plugins/woocommerce-epayco-api/src/Transactions/AbstractPaymentTransaction.php on line 196
[28-Mar-2026 18:03:06 UTC] PHP Warning:  Undefined array key "" in /var/www/html/wp-content/plugins/woocommerce-epayco-api/src/Transactions/AbstractPaymentTransaction.php on line 201
[28-Mar-2026 18:03:06 UTC] PHP Warning:  Trying to access array offset on null in /var/www/html/wp-content/plugins/woocommerce-epayco-api/src/Transactions/AbstractPaymentTransaction.php on line 201
[28-Mar-2026 18:03:06 UTC] PHP Deprecated:  explode(): Passing null to parameter #2 ($string) of type string is deprecated in /var/www/html/wp-content/plugins/woocommerce-epayco-api/src/Transactions/AbstractPaymentTransaction.php on line 202
[28-Mar-2026 18:03:06 UTC] PHP Warning:  Undefined array key 1 in /var/www/html/wp-content/plugins/woocommerce-epayco-api/src/Transactions/AbstractPaymentTransaction.php on line 204
[28-Mar-2026 18:03:06 UTC] PHP Warning:  Undefined array key "" in /var/www/html/wp-content/plugins/woocommerce-epayco-api/src/Transactions/AbstractPaymentTransaction.php on line 205
[28-Mar-2026 18:03:06 UTC] PHP Warning:  Trying to access array offset on null in /var/www/html/wp-content/plugins/woocommerce-epayco-api/src/Transactions/AbstractPaymentTransaction.php on line 205
[28-Mar-2026 18:03:06 UTC] PHP Warning:  Undefined array key "" in /var/www/html/wp-content/plugins/woocommerce-epayco-api/src/Transactions/AbstractPaymentTransaction.php on line 207
[28-Mar-2026 18:03:06 UTC] PHP Warning:  Trying to access array offset on null in /var/www/html/wp-content/plugins/woocommerce-epayco-api/src/Transactions/AbstractPaymentTransaction.php on line 207
[28-Mar-2026 18:03:06 UTC] PHP Warning:  Undefined array key "" in /var/www/html/wp-content/plugins/woocommerce-epayco-api/src/Transactions/AbstractPaymentTransaction.php on line 208
[28-Mar-2026 18:03:06 UTC] PHP Warning:  Trying to access array offset on null in /var/www/html/wp-content/plugins/woocommerce-epayco-api/src/Transactions/AbstractPaymentTransaction.php on line 208
[28-Mar-2026 18:03:06 UTC] PHP Warning:  Undefined array key "identificationTypeError" in /var/www/html/wp-content/plugins/woocommerce-epayco-api/src/Transactions/AbstractPaymentTransaction.php on line 209
[28-Mar-2026 18:03:06 UTC] PHP Warning:  Undefined array key "" in /var/www/html/wp-content/plugins/woocommerce-epayco-api/src/Transactions/AbstractPaymentTransaction.php on line 210
[28-Mar-2026 18:03:06 UTC] PHP Warning:  Trying to access array offset on null in /var/www/html/wp-content/plugins/woocommerce-epayco-api/src/Transactions/AbstractPaymentTransaction.php on line 210
[28-Mar-2026 18:03:06 UTC] PHP Warning:  Undefined array key "" in /var/www/html/wp-content/plugins/woocommerce-epayco-api/src/Transactions/AbstractPaymentTransaction.php on line 211
[28-Mar-2026 18:03:06 UTC] PHP Warning:  Trying to access array offset on null in /var/www/html/wp-content/plugins/woocommerce-epayco-api/src/Transactions/AbstractPaymentTransaction.php on line 211
[28-Mar-2026 18:03:06 UTC] PHP Warning:  Undefined array key "expirationdate" in /var/www/html/wp-content/plugins/woocommerce-epayco-api/src/Transactions/AbstractPaymentTransaction.php on line 212
[28-Mar-2026 18:03:06 UTC] PHP Deprecated:  explode(): Passing null to parameter #2 ($string) of type string is deprecated in /var/www/html/wp-content/plugins/woocommerce-epayco-api/src/Transactions/AbstractPaymentTransaction.php on line 213
[28-Mar-2026 18:03:06 UTC] PHP Warning:  Undefined array key 1 in /var/www/html/wp-content/plugins/woocommerce-epayco-api/src/Transactions/AbstractPaymentTransaction.php on line 213
[28-Mar-2026 18:03:06 UTC] PHP Warning:  Undefined array key "securitycode" in /var/www/html/wp-content/plugins/woocommerce-epayco-api/src/Transactions/AbstractPaymentTransaction.php on line 214
[28-Mar-2026 18:03:06 UTC] PHP Deprecated:  strlen(): Passing null to parameter #1 ($string) of type string is deprecated in /var/www/html/wp-content/plugins/woocommerce-epayco-api/src/Transactions/AbstractPaymentTransaction.php on line 215
[28-Mar-2026 18:03:06 UTC] PHP Deprecated:  strlen(): Passing null to parameter #1 ($string) of type string is deprecated in /var/www/html/wp-content/plugins/woocommerce-epayco-api/src/Transactions/AbstractPaymentTransaction.php on line 217
[28-Mar-2026 18:04:33 UTC] Error en la respuesta de la API de ePayco, código de estado: 503
[28-Mar-2026 18:06:34 UTC] Error en la respuesta de la API de ePayco, código de estado: 503
[28-Mar-2026 18:07:05 UTC] CreditCard mensaje {"cardTokenId":""}
[28-Mar-2026 18:07:05 UTC] PHP Warning:  Undefined array key "" in /var/www/html/wp-content/plugins/woocommerce-epayco-api/src/Transactions/AbstractPaymentTransaction.php on line 195
[28-Mar-2026 18:07:05 UTC] PHP Warning:  Trying to access array offset on null in /var/www/html/wp-content/plugins/woocommerce-epayco-api/src/Transactions/AbstractPaymentTransaction.php on line 195
[28-Mar-2026 18:07:05 UTC] PHP Warning:  Undefined array key "" in /var/www/html/wp-content/plugins/woocommerce-epayco-api/src/Transactions/AbstractPaymentTransaction.php on line 196
[28-Mar-2026 18:07:05 UTC] PHP Warning:  Trying to access array offset on null in /var/www/html/wp-content/plugins/woocommerce-epayco-api/src/Transactions/AbstractPaymentTransaction.php on line 196
[28-Mar-2026 18:07:05 UTC] PHP Warning:  Undefined array key "" in /var/www/html/wp-content/plugins/woocommerce-epayco-api/src/Transactions/AbstractPaymentTransaction.php on line 201
[28-Mar-2026 18:07:05 UTC] PHP Warning:  Trying to access array offset on null in /var/www/html/wp-content/plugins/woocommerce-epayco-api/src/Transactions/AbstractPaymentTransaction.php on line 201
[28-Mar-2026 18:07:05 UTC] PHP Deprecated:  explode(): Passing null to parameter #2 ($string) of type string is deprecated in /var/www/html/wp-content/plugins/woocommerce-epayco-api/src/Transactions/AbstractPaymentTransaction.php on line 202
[28-Mar-2026 18:07:05 UTC] PHP Warning:  Undefined array key 1 in /var/www/html/wp-content/plugins/woocommerce-epayco-api/src/Transactions/AbstractPaymentTransaction.php on line 204
[28-Mar-2026 18:07:05 UTC] PHP Warning:  Undefined array key "" in /var/www/html/wp-content/plugins/woocommerce-epayco-api/src/Transactions/AbstractPaymentTransaction.php on line 205
[28-Mar-2026 18:07:05 UTC] PHP Warning:  Trying to access array offset on null in /var/www/html/wp-content/plugins/woocommerce-epayco-api/src/Transactions/AbstractPaymentTransaction.php on line 205
[28-Mar-2026 18:07:05 UTC] PHP Warning:  Undefined array key "" in /var/www/html/wp-content/plugins/woocommerce-epayco-api/src/Transactions/AbstractPaymentTransaction.php on line 207
[28-Mar-2026 18:07:05 UTC] PHP Warning:  Trying to access array offset on null in /var/www/html/wp-content/plugins/woocommerce-epayco-api/src/Transactions/AbstractPaymentTransaction.php on line 207
[28-Mar-2026 18:07:05 UTC] PHP Warning:  Undefined array key "" in /var/www/html/wp-content/plugins/woocommerce-epayco-api/src/Transactions/AbstractPaymentTransaction.php on line 208
[28-Mar-2026 18:07:05 UTC] PHP Warning:  Trying to access array offset on null in /var/www/html/wp-content/plugins/woocommerce-epayco-api/src/Transactions/AbstractPaymentTransaction.php on line 208
[28-Mar-2026 18:07:05 UTC] PHP Warning:  Undefined array key "identificationTypeError" in /var/www/html/wp-content/plugins/woocommerce-epayco-api/src/Transactions/AbstractPaymentTransaction.php on line 209
[28-Mar-2026 18:07:05 UTC] PHP Warning:  Undefined array key "" in /var/www/html/wp-content/plugins/woocommerce-epayco-api/src/Transactions/AbstractPaymentTransaction.php on line 210
[28-Mar-2026 18:07:05 UTC] PHP Warning:  Trying to access array offset on null in /var/www/html/wp-content/plugins/woocommerce-epayco-api/src/Transactions/AbstractPaymentTransaction.php on line 210
[28-Mar-2026 18:07:05 UTC] PHP Warning:  Undefined array key "" in /var/www/html/wp-content/plugins/woocommerce-epayco-api/src/Transactions/AbstractPaymentTransaction.php on line 211
[28-Mar-2026 18:07:05 UTC] PHP Warning:  Trying to access array offset on null in /var/www/html/wp-content/plugins/woocommerce-epayco-api/src/Transactions/AbstractPaymentTransaction.php on line 211
[28-Mar-2026 18:07:05 UTC] PHP Warning:  Undefined array key "expirationdate" in /var/www/html/wp-content/plugins/woocommerce-epayco-api/src/Transactions/AbstractPaymentTransaction.php on line 212
[28-Mar-2026 18:07:05 UTC] PHP Deprecated:  explode(): Passing null to parameter #2 ($string) of type string is deprecated in /var/www/html/wp-content/plugins/woocommerce-epayco-api/src/Transactions/AbstractPaymentTransaction.php on line 213
[28-Mar-2026 18:07:05 UTC] PHP Warning:  Undefined array key 1 in /var/www/html/wp-content/plugins/woocommerce-epayco-api/src/Transactions/AbstractPaymentTransaction.php on line 213
[28-Mar-2026 18:07:05 UTC] PHP Warning:  Undefined array key "securitycode" in /var/www/html/wp-content/plugins/woocommerce-epayco-api/src/Transactions/AbstractPaymentTransaction.php on line 214
[28-Mar-2026 18:07:05 UTC] PHP Deprecated:  strlen(): Passing null to parameter #1 ($string) of type string is deprecated in /var/www/html/wp-content/plugins/woocommerce-epayco-api/src/Transactions/AbstractPaymentTransaction.php on line 215
[28-Mar-2026 18:07:05 UTC] PHP Deprecated:  strlen(): Passing null to parameter #1 ($string) of type string is deprecated in /var/www/html/wp-content/plugins/woocommerce-epayco-api/src/Transactions/AbstractPaymentTransaction.php on line 217
[28-Mar-2026 18:08:27 UTC] CreditCard mensaje {"cardTokenId":""}
[28-Mar-2026 18:08:27 UTC] PHP Warning:  Undefined array key "" in /var/www/html/wp-content/plugins/woocommerce-epayco-api/src/Transactions/AbstractPaymentTransaction.php on line 195
[28-Mar-2026 18:08:27 UTC] PHP Warning:  Trying to access array offset on null in /var/www/html/wp-content/plugins/woocommerce-epayco-api/src/Transactions/AbstractPaymentTransaction.php on line 195
[28-Mar-2026 18:08:27 UTC] PHP Warning:  Undefined array key "" in /var/www/html/wp-content/plugins/woocommerce-epayco-api/src/Transactions/AbstractPaymentTransaction.php on line 196
[28-Mar-2026 18:08:27 UTC] PHP Warning:  Trying to access array offset on null in /var/www/html/wp-content/plugins/woocommerce-epayco-api/src/Transactions/AbstractPaymentTransaction.php on line 196
[28-Mar-2026 18:08:27 UTC] PHP Warning:  Undefined array key "" in /var/www/html/wp-content/plugins/woocommerce-epayco-api/src/Transactions/AbstractPaymentTransaction.php on line 201
[28-Mar-2026 18:08:27 UTC] PHP Warning:  Trying to access array offset on null in /var/www/html/wp-content/plugins/woocommerce-epayco-api/src/Transactions/AbstractPaymentTransaction.php on line 201
[28-Mar-2026 18:08:27 UTC] PHP Deprecated:  explode(): Passing null to parameter #2 ($string) of type string is deprecated in /var/www/html/wp-content/plugins/woocommerce-epayco-api/src/Transactions/AbstractPaymentTransaction.php on line 202
[28-Mar-2026 18:08:27 UTC] PHP Warning:  Undefined array key 1 in /var/www/html/wp-content/plugins/woocommerce-epayco-api/src/Transactions/AbstractPaymentTransaction.php on line 204
[28-Mar-2026 18:08:27 UTC] PHP Warning:  Undefined array key "" in /var/www/html/wp-content/plugins/woocommerce-epayco-api/src/Transactions/AbstractPaymentTransaction.php on line 205
[28-Mar-2026 18:08:27 UTC] PHP Warning:  Trying to access array offset on null in /var/www/html/wp-content/plugins/woocommerce-epayco-api/src/Transactions/AbstractPaymentTransaction.php on line 205
[28-Mar-2026 18:08:27 UTC] PHP Warning:  Undefined array key "" in /var/www/html/wp-content/plugins/woocommerce-epayco-api/src/Transactions/AbstractPaymentTransaction.php on line 207
[28-Mar-2026 18:08:27 UTC] PHP Warning:  Trying to access array offset on null in /var/www/html/wp-content/plugins/woocommerce-epayco-api/src/Transactions/AbstractPaymentTransaction.php on line 207
[28-Mar-2026 18:08:27 UTC] PHP Warning:  Undefined array key "" in /var/www/html/wp-content/plugins/woocommerce-epayco-api/src/Transactions/AbstractPaymentTransaction.php on line 208
[28-Mar-2026 18:08:27 UTC] PHP Warning:  Trying to access array offset on null in /var/www/html/wp-content/plugins/woocommerce-epayco-api/src/Transactions/AbstractPaymentTransaction.php on line 208
[28-Mar-2026 18:08:27 UTC] PHP Warning:  Undefined array key "identificationTypeError" in /var/www/html/wp-content/plugins/woocommerce-epayco-api/src/Transactions/AbstractPaymentTransaction.php on line 209
[28-Mar-2026 18:08:27 UTC] PHP Warning:  Undefined array key "" in /var/www/html/wp-content/plugins/woocommerce-epayco-api/src/Transactions/AbstractPaymentTransaction.php on line 210
[28-Mar-2026 18:08:27 UTC] PHP Warning:  Trying to access array offset on null in /var/www/html/wp-content/plugins/woocommerce-epayco-api/src/Transactions/AbstractPaymentTransaction.php on line 210
[28-Mar-2026 18:08:27 UTC] PHP Warning:  Undefined array key "" in /var/www/html/wp-content/plugins/woocommerce-epayco-api/src/Transactions/AbstractPaymentTransaction.php on line 211
[28-Mar-2026 18:08:27 UTC] PHP Warning:  Trying to access array offset on null in /var/www/html/wp-content/plugins/woocommerce-epayco-api/src/Transactions/AbstractPaymentTransaction.php on line 211
[28-Mar-2026 18:08:27 UTC] PHP Warning:  Undefined array key "expirationdate" in /var/www/html/wp-content/plugins/woocommerce-epayco-api/src/Transactions/AbstractPaymentTransaction.php on line 212
[28-Mar-2026 18:08:27 UTC] PHP Deprecated:  explode(): Passing null to parameter #2 ($string) of type string is deprecated in /var/www/html/wp-content/plugins/woocommerce-epayco-api/src/Transactions/AbstractPaymentTransaction.php on line 213
[28-Mar-2026 18:08:27 UTC] PHP Warning:  Undefined array key 1 in /var/www/html/wp-content/plugins/woocommerce-epayco-api/src/Transactions/AbstractPaymentTransaction.php on line 213
[28-Mar-2026 18:08:27 UTC] PHP Warning:  Undefined array key "securitycode" in /var/www/html/wp-content/plugins/woocommerce-epayco-api/src/Transactions/AbstractPaymentTransaction.php on line 214
[28-Mar-2026 18:08:27 UTC] PHP Deprecated:  strlen(): Passing null to parameter #1 ($string) of type string is deprecated in /var/www/html/wp-content/plugins/woocommerce-epayco-api/src/Transactions/AbstractPaymentTransaction.php on line 215
[28-Mar-2026 18:08:27 UTC] PHP Deprecated:  strlen(): Passing null to parameter #1 ($string) of type string is deprecated in /var/www/html/wp-content/plugins/woocommerce-epayco-api/src/Transactions/AbstractPaymentTransaction.php on line 217
[28-Mar-2026 18:11:27 UTC] CreditCard mensaje {"cardTokenId":""}
[28-Mar-2026 18:11:27 UTC] PHP Warning:  Undefined array key "" in /var/www/html/wp-content/plugins/woocommerce-epayco-api/src/Transactions/AbstractPaymentTransaction.php on line 195
[28-Mar-2026 18:11:27 UTC] PHP Warning:  Trying to access array offset on null in /var/www/html/wp-content/plugins/woocommerce-epayco-api/src/Transactions/AbstractPaymentTransaction.php on line 195
[28-Mar-2026 18:11:27 UTC] PHP Warning:  Undefined array key "" in /var/www/html/wp-content/plugins/woocommerce-epayco-api/src/Transactions/AbstractPaymentTransaction.php on line 196
[28-Mar-2026 18:11:27 UTC] PHP Warning:  Trying to access array offset on null in /var/www/html/wp-content/plugins/woocommerce-epayco-api/src/Transactions/AbstractPaymentTransaction.php on line 196
[28-Mar-2026 18:11:27 UTC] PHP Warning:  Undefined array key "" in /var/www/html/wp-content/plugins/woocommerce-epayco-api/src/Transactions/AbstractPaymentTransaction.php on line 201
[28-Mar-2026 18:11:27 UTC] PHP Warning:  Trying to access array offset on null in /var/www/html/wp-content/plugins/woocommerce-epayco-api/src/Transactions/AbstractPaymentTransaction.php on line 201
[28-Mar-2026 18:11:27 UTC] PHP Deprecated:  explode(): Passing null to parameter #2 ($string) of type string is deprecated in /var/www/html/wp-content/plugins/woocommerce-epayco-api/src/Transactions/AbstractPaymentTransaction.php on line 202
[28-Mar-2026 18:11:27 UTC] PHP Warning:  Undefined array key 1 in /var/www/html/wp-content/plugins/woocommerce-epayco-api/src/Transactions/AbstractPaymentTransaction.php on line 204
[28-Mar-2026 18:11:27 UTC] PHP Warning:  Undefined array key "" in /var/www/html/wp-content/plugins/woocommerce-epayco-api/src/Transactions/AbstractPaymentTransaction.php on line 205
[28-Mar-2026 18:11:27 UTC] PHP Warning:  Trying to access array offset on null in /var/www/html/wp-content/plugins/woocommerce-epayco-api/src/Transactions/AbstractPaymentTransaction.php on line 205
[28-Mar-2026 18:11:27 UTC] PHP Warning:  Undefined array key "" in /var/www/html/wp-content/plugins/woocommerce-epayco-api/src/Transactions/AbstractPaymentTransaction.php on line 207
[28-Mar-2026 18:11:27 UTC] PHP Warning:  Trying to access array offset on null in /var/www/html/wp-content/plugins/woocommerce-epayco-api/src/Transactions/AbstractPaymentTransaction.php on line 207
[28-Mar-2026 18:11:27 UTC] PHP Warning:  Undefined array key "" in /var/www/html/wp-content/plugins/woocommerce-epayco-api/src/Transactions/AbstractPaymentTransaction.php on line 208
[28-Mar-2026 18:11:27 UTC] PHP Warning:  Trying to access array offset on null in /var/www/html/wp-content/plugins/woocommerce-epayco-api/src/Transactions/AbstractPaymentTransaction.php on line 208
[28-Mar-2026 18:11:27 UTC] PHP Warning:  Undefined array key "identificationTypeError" in /var/www/html/wp-content/plugins/woocommerce-epayco-api/src/Transactions/AbstractPaymentTransaction.php on line 209
[28-Mar-2026 18:11:27 UTC] PHP Warning:  Undefined array key "" in /var/www/html/wp-content/plugins/woocommerce-epayco-api/src/Transactions/AbstractPaymentTransaction.php on line 210
[28-Mar-2026 18:11:27 UTC] PHP Warning:  Trying to access array offset on null in /var/www/html/wp-content/plugins/woocommerce-epayco-api/src/Transactions/AbstractPaymentTransaction.php on line 210
[28-Mar-2026 18:11:27 UTC] PHP Warning:  Undefined array key "" in /var/www/html/wp-content/plugins/woocommerce-epayco-api/src/Transactions/AbstractPaymentTransaction.php on line 211
[28-Mar-2026 18:11:27 UTC] PHP Warning:  Trying to access array offset on null in /var/www/html/wp-content/plugins/woocommerce-epayco-api/src/Transactions/AbstractPaymentTransaction.php on line 211
[28-Mar-2026 18:11:27 UTC] PHP Warning:  Undefined array key "expirationdate" in /var/www/html/wp-content/plugins/woocommerce-epayco-api/src/Transactions/AbstractPaymentTransaction.php on line 212
[28-Mar-2026 18:11:27 UTC] PHP Deprecated:  explode(): Passing null to parameter #2 ($string) of type string is deprecated in /var/www/html/wp-content/plugins/woocommerce-epayco-api/src/Transactions/AbstractPaymentTransaction.php on line 213
[28-Mar-2026 18:11:27 UTC] PHP Warning:  Undefined array key 1 in /var/www/html/wp-content/plugins/woocommerce-epayco-api/src/Transactions/AbstractPaymentTransaction.php on line 213
[28-Mar-2026 18:11:27 UTC] PHP Warning:  Undefined array key "securitycode" in /var/www/html/wp-content/plugins/woocommerce-epayco-api/src/Transactions/AbstractPaymentTransaction.php on line 214
[28-Mar-2026 18:11:27 UTC] PHP Deprecated:  strlen(): Passing null to parameter #1 ($string) of type string is deprecated in /var/www/html/wp-content/plugins/woocommerce-epayco-api/src/Transactions/AbstractPaymentTransaction.php on line 215
[28-Mar-2026 18:11:27 UTC] PHP Deprecated:  strlen(): Passing null to parameter #1 ($string) of type string is deprecated in /var/www/html/wp-content/plugins/woocommerce-epayco-api/src/Transactions/AbstractPaymentTransaction.php on line 217
[28-Mar-2026 18:11:29 UTC] Error en la respuesta de la API de ePayco, código de estado: 503
[28-Mar-2026 18:14:36 UTC] CreditCard mensaje {"cardTokenId":""}
[28-Mar-2026 18:14:36 UTC] PHP Warning:  Undefined array key "" in /var/www/html/wp-content/plugins/woocommerce-epayco-api/src/Transactions/AbstractPaymentTransaction.php on line 195
[28-Mar-2026 18:14:36 UTC] PHP Warning:  Trying to access array offset on null in /var/www/html/wp-content/plugins/woocommerce-epayco-api/src/Transactions/AbstractPaymentTransaction.php on line 195
[28-Mar-2026 18:14:36 UTC] PHP Warning:  Undefined array key "" in /var/www/html/wp-content/plugins/woocommerce-epayco-api/src/Transactions/AbstractPaymentTransaction.php on line 196
[28-Mar-2026 18:14:36 UTC] PHP Warning:  Trying to access array offset on null in /var/www/html/wp-content/plugins/woocommerce-epayco-api/src/Transactions/AbstractPaymentTransaction.php on line 196
[28-Mar-2026 18:14:36 UTC] PHP Warning:  Undefined array key "" in /var/www/html/wp-content/plugins/woocommerce-epayco-api/src/Transactions/AbstractPaymentTransaction.php on line 201
[28-Mar-2026 18:14:36 UTC] PHP Warning:  Trying to access array offset on null in /var/www/html/wp-content/plugins/woocommerce-epayco-api/src/Transactions/AbstractPaymentTransaction.php on line 201
[28-Mar-2026 18:14:36 UTC] PHP Deprecated:  explode(): Passing null to parameter #2 ($string) of type string is deprecated in /var/www/html/wp-content/plugins/woocommerce-epayco-api/src/Transactions/AbstractPaymentTransaction.php on line 202
[28-Mar-2026 18:14:36 UTC] PHP Warning:  Undefined array key 1 in /var/www/html/wp-content/plugins/woocommerce-epayco-api/src/Transactions/AbstractPaymentTransaction.php on line 204
[28-Mar-2026 18:14:36 UTC] PHP Warning:  Undefined array key "" in /var/www/html/wp-content/plugins/woocommerce-epayco-api/src/Transactions/AbstractPaymentTransaction.php on line 205
[28-Mar-2026 18:14:36 UTC] PHP Warning:  Trying to access array offset on null in /var/www/html/wp-content/plugins/woocommerce-epayco-api/src/Transactions/AbstractPaymentTransaction.php on line 205
[28-Mar-2026 18:14:36 UTC] PHP Warning:  Undefined array key "" in /var/www/html/wp-content/plugins/woocommerce-epayco-api/src/Transactions/AbstractPaymentTransaction.php on line 207
[28-Mar-2026 18:14:36 UTC] PHP Warning:  Trying to access array offset on null in /var/www/html/wp-content/plugins/woocommerce-epayco-api/src/Transactions/AbstractPaymentTransaction.php on line 207
[28-Mar-2026 18:14:36 UTC] PHP Warning:  Undefined array key "" in /var/www/html/wp-content/plugins/woocommerce-epayco-api/src/Transactions/AbstractPaymentTransaction.php on line 208
[28-Mar-2026 18:14:36 UTC] PHP Warning:  Trying to access array offset on null in /var/www/html/wp-content/plugins/woocommerce-epayco-api/src/Transactions/AbstractPaymentTransaction.php on line 208
[28-Mar-2026 18:14:36 UTC] PHP Warning:  Undefined array key "identificationTypeError" in /var/www/html/wp-content/plugins/woocommerce-epayco-api/src/Transactions/AbstractPaymentTransaction.php on line 209
[28-Mar-2026 18:14:36 UTC] PHP Warning:  Undefined array key "" in /var/www/html/wp-content/plugins/woocommerce-epayco-api/src/Transactions/AbstractPaymentTransaction.php on line 210
[28-Mar-2026 18:14:36 UTC] PHP Warning:  Trying to access array offset on null in /var/www/html/wp-content/plugins/woocommerce-epayco-api/src/Transactions/AbstractPaymentTransaction.php on line 210
[28-Mar-2026 18:14:36 UTC] PHP Warning:  Undefined array key "" in /var/www/html/wp-content/plugins/woocommerce-epayco-api/src/Transactions/AbstractPaymentTransaction.php on line 211
[28-Mar-2026 18:14:36 UTC] PHP Warning:  Trying to access array offset on null in /var/www/html/wp-content/plugins/woocommerce-epayco-api/src/Transactions/AbstractPaymentTransaction.php on line 211
[28-Mar-2026 18:14:36 UTC] PHP Warning:  Undefined array key "expirationdate" in /var/www/html/wp-content/plugins/woocommerce-epayco-api/src/Transactions/AbstractPaymentTransaction.php on line 212
[28-Mar-2026 18:14:36 UTC] PHP Deprecated:  explode(): Passing null to parameter #2 ($string) of type string is deprecated in /var/www/html/wp-content/plugins/woocommerce-epayco-api/src/Transactions/AbstractPaymentTransaction.php on line 213
[28-Mar-2026 18:14:36 UTC] PHP Warning:  Undefined array key 1 in /var/www/html/wp-content/plugins/woocommerce-epayco-api/src/Transactions/AbstractPaymentTransaction.php on line 213
[28-Mar-2026 18:14:36 UTC] PHP Warning:  Undefined array key "securitycode" in /var/www/html/wp-content/plugins/woocommerce-epayco-api/src/Transactions/AbstractPaymentTransaction.php on line 214
[28-Mar-2026 18:14:36 UTC] PHP Deprecated:  strlen(): Passing null to parameter #1 ($string) of type string is deprecated in /var/www/html/wp-content/plugins/woocommerce-epayco-api/src/Transactions/AbstractPaymentTransaction.php on line 215
[28-Mar-2026 18:14:36 UTC] PHP Deprecated:  strlen(): Passing null to parameter #1 ($string) of type string is deprecated in /var/www/html/wp-content/plugins/woocommerce-epayco-api/src/Transactions/AbstractPaymentTransaction.php on line 217
[28-Mar-2026 18:15:46 UTC] CreditCard mensaje {"cardTokenId":""}
[28-Mar-2026 18:15:46 UTC] PHP Warning:  Undefined array key "" in /var/www/html/wp-content/plugins/woocommerce-epayco-api/src/Transactions/AbstractPaymentTransaction.php on line 195
[28-Mar-2026 18:15:46 UTC] PHP Warning:  Trying to access array offset on null in /var/www/html/wp-content/plugins/woocommerce-epayco-api/src/Transactions/AbstractPaymentTransaction.php on line 195
[28-Mar-2026 18:15:46 UTC] PHP Warning:  Undefined array key "" in /var/www/html/wp-content/plugins/woocommerce-epayco-api/src/Transactions/AbstractPaymentTransaction.php on line 196
[28-Mar-2026 18:15:46 UTC] PHP Warning:  Trying to access array offset on null in /var/www/html/wp-content/plugins/woocommerce-epayco-api/src/Transactions/AbstractPaymentTransaction.php on line 196
[28-Mar-2026 18:15:46 UTC] PHP Warning:  Undefined array key "" in /var/www/html/wp-content/plugins/woocommerce-epayco-api/src/Transactions/AbstractPaymentTransaction.php on line 201
[28-Mar-2026 18:15:46 UTC] PHP Warning:  Trying to access array offset on null in /var/www/html/wp-content/plugins/woocommerce-epayco-api/src/Transactions/AbstractPaymentTransaction.php on line 201
[28-Mar-2026 18:15:46 UTC] PHP Deprecated:  explode(): Passing null to parameter #2 ($string) of type string is deprecated in /var/www/html/wp-content/plugins/woocommerce-epayco-api/src/Transactions/AbstractPaymentTransaction.php on line 202
[28-Mar-2026 18:15:46 UTC] PHP Warning:  Undefined array key 1 in /var/www/html/wp-content/plugins/woocommerce-epayco-api/src/Transactions/AbstractPaymentTransaction.php on line 204
[28-Mar-2026 18:15:46 UTC] PHP Warning:  Undefined array key "" in /var/www/html/wp-content/plugins/woocommerce-epayco-api/src/Transactions/AbstractPaymentTransaction.php on line 205
[28-Mar-2026 18:15:46 UTC] PHP Warning:  Trying to access array offset on null in /var/www/html/wp-content/plugins/woocommerce-epayco-api/src/Transactions/AbstractPaymentTransaction.php on line 205
[28-Mar-2026 18:15:46 UTC] PHP Warning:  Undefined array key "" in /var/www/html/wp-content/plugins/woocommerce-epayco-api/src/Transactions/AbstractPaymentTransaction.php on line 207
[28-Mar-2026 18:15:46 UTC] PHP Warning:  Trying to access array offset on null in /var/www/html/wp-content/plugins/woocommerce-epayco-api/src/Transactions/AbstractPaymentTransaction.php on line 207
[28-Mar-2026 18:15:46 UTC] PHP Warning:  Undefined array key "" in /var/www/html/wp-content/plugins/woocommerce-epayco-api/src/Transactions/AbstractPaymentTransaction.php on line 208
[28-Mar-2026 18:15:46 UTC] PHP Warning:  Trying to access array offset on null in /var/www/html/wp-content/plugins/woocommerce-epayco-api/src/Transactions/AbstractPaymentTransaction.php on line 208
[28-Mar-2026 18:15:46 UTC] PHP Warning:  Undefined array key "identificationTypeError" in /var/www/html/wp-content/plugins/woocommerce-epayco-api/src/Transactions/AbstractPaymentTransaction.php on line 209
[28-Mar-2026 18:15:46 UTC] PHP Warning:  Undefined array key "" in /var/www/html/wp-content/plugins/woocommerce-epayco-api/src/Transactions/AbstractPaymentTransaction.php on line 210
[28-Mar-2026 18:15:46 UTC] PHP Warning:  Trying to access array offset on null in /var/www/html/wp-content/plugins/woocommerce-epayco-api/src/Transactions/AbstractPaymentTransaction.php on line 210
[28-Mar-2026 18:15:46 UTC] PHP Warning:  Undefined array key "" in /var/www/html/wp-content/plugins/woocommerce-epayco-api/src/Transactions/AbstractPaymentTransaction.php on line 211
[28-Mar-2026 18:15:46 UTC] PHP Warning:  Trying to access array offset on null in /var/www/html/wp-content/plugins/woocommerce-epayco-api/src/Transactions/AbstractPaymentTransaction.php on line 211
[28-Mar-2026 18:15:46 UTC] PHP Warning:  Undefined array key "expirationdate" in /var/www/html/wp-content/plugins/woocommerce-epayco-api/src/Transactions/AbstractPaymentTransaction.php on line 212
[28-Mar-2026 18:15:46 UTC] PHP Deprecated:  explode(): Passing null to parameter #2 ($string) of type string is deprecated in /var/www/html/wp-content/plugins/woocommerce-epayco-api/src/Transactions/AbstractPaymentTransaction.php on line 213
[28-Mar-2026 18:15:46 UTC] PHP Warning:  Undefined array key 1 in /var/www/html/wp-content/plugins/woocommerce-epayco-api/src/Transactions/AbstractPaymentTransaction.php on line 213
[28-Mar-2026 18:15:46 UTC] PHP Warning:  Undefined array key "securitycode" in /var/www/html/wp-content/plugins/woocommerce-epayco-api/src/Transactions/AbstractPaymentTransaction.php on line 214
[28-Mar-2026 18:15:46 UTC] PHP Deprecated:  strlen(): Passing null to parameter #1 ($string) of type string is deprecated in /var/www/html/wp-content/plugins/woocommerce-epayco-api/src/Transactions/AbstractPaymentTransaction.php on line 215
[28-Mar-2026 18:15:46 UTC] PHP Deprecated:  strlen(): Passing null to parameter #1 ($string) of type string is deprecated in /var/www/html/wp-content/plugins/woocommerce-epayco-api/src/Transactions/AbstractPaymentTransaction.php on line 217
[28-Mar-2026 18:16:15 UTC] Error en la respuesta de la API de ePayco, código de estado: 503
[28-Mar-2026 18:17:14 UTC] CreditCard mensaje {"name":"Andres QA","card":"4575623182290326","expirationDate":"12\/29","securityCode":"316","installmet":"1","identificationType":"CC","doc_number":"1234123441","address":"calle 109 # 67-112","email":"ricardo.saldarriaga@epayco.com","cellphone":"3184210294","countryType":"CO","country":"Medell\u00edn","cardTokenId":""}
[28-Mar-2026 18:17:16 UTC] PHP Warning:  Undefined array key "countrytype" in /var/www/html/wp-content/plugins/woocommerce-epayco-api/src/Transactions/AbstractPaymentTransaction.php on line 571
[28-Mar-2026 18:20:11 UTC] CreditCard mensaje {"cardTokenId":""}
[28-Mar-2026 18:20:11 UTC] PHP Warning:  Undefined array key "" in /var/www/html/wp-content/plugins/woocommerce-epayco-api/src/Transactions/AbstractPaymentTransaction.php on line 194
[28-Mar-2026 18:20:11 UTC] PHP Warning:  Trying to access array offset on null in /var/www/html/wp-content/plugins/woocommerce-epayco-api/src/Transactions/AbstractPaymentTransaction.php on line 194
[28-Mar-2026 18:20:11 UTC] PHP Warning:  Undefined array key "" in /var/www/html/wp-content/plugins/woocommerce-epayco-api/src/Transactions/AbstractPaymentTransaction.php on line 195
[28-Mar-2026 18:20:11 UTC] PHP Warning:  Trying to access array offset on null in /var/www/html/wp-content/plugins/woocommerce-epayco-api/src/Transactions/AbstractPaymentTransaction.php on line 195
[28-Mar-2026 18:20:11 UTC] PHP Warning:  Undefined array key "" in /var/www/html/wp-content/plugins/woocommerce-epayco-api/src/Transactions/AbstractPaymentTransaction.php on line 200
[28-Mar-2026 18:20:11 UTC] PHP Warning:  Trying to access array offset on null in /var/www/html/wp-content/plugins/woocommerce-epayco-api/src/Transactions/AbstractPaymentTransaction.php on line 200
[28-Mar-2026 18:20:11 UTC] PHP Deprecated:  explode(): Passing null to parameter #2 ($string) of type string is deprecated in /var/www/html/wp-content/plugins/woocommerce-epayco-api/src/Transactions/AbstractPaymentTransaction.php on line 201
[28-Mar-2026 18:20:11 UTC] PHP Warning:  Undefined array key 1 in /var/www/html/wp-content/plugins/woocommerce-epayco-api/src/Transactions/AbstractPaymentTransaction.php on line 203
[28-Mar-2026 18:20:11 UTC] PHP Warning:  Undefined array key "" in /var/www/html/wp-content/plugins/woocommerce-epayco-api/src/Transactions/AbstractPaymentTransaction.php on line 204
[28-Mar-2026 18:20:11 UTC] PHP Warning:  Trying to access array offset on null in /var/www/html/wp-content/plugins/woocommerce-epayco-api/src/Transactions/AbstractPaymentTransaction.php on line 204
[28-Mar-2026 18:20:11 UTC] PHP Warning:  Undefined array key "" in /var/www/html/wp-content/plugins/woocommerce-epayco-api/src/Transactions/AbstractPaymentTransaction.php on line 206
[28-Mar-2026 18:20:11 UTC] PHP Warning:  Trying to access array offset on null in /var/www/html/wp-content/plugins/woocommerce-epayco-api/src/Transactions/AbstractPaymentTransaction.php on line 206
[28-Mar-2026 18:20:11 UTC] PHP Warning:  Undefined array key "" in /var/www/html/wp-content/plugins/woocommerce-epayco-api/src/Transactions/AbstractPaymentTransaction.php on line 207
[28-Mar-2026 18:20:11 UTC] PHP Warning:  Trying to access array offset on null in /var/www/html/wp-content/plugins/woocommerce-epayco-api/src/Transactions/AbstractPaymentTransaction.php on line 207
[28-Mar-2026 18:20:11 UTC] PHP Warning:  Undefined array key "identificationTypeError" in /var/www/html/wp-content/plugins/woocommerce-epayco-api/src/Transactions/AbstractPaymentTransaction.php on line 208
[28-Mar-2026 18:20:11 UTC] PHP Warning:  Undefined array key "" in /var/www/html/wp-content/plugins/woocommerce-epayco-api/src/Transactions/AbstractPaymentTransaction.php on line 209
[28-Mar-2026 18:20:11 UTC] PHP Warning:  Trying to access array offset on null in /var/www/html/wp-content/plugins/woocommerce-epayco-api/src/Transactions/AbstractPaymentTransaction.php on line 209
[28-Mar-2026 18:20:11 UTC] PHP Warning:  Undefined array key "" in /var/www/html/wp-content/plugins/woocommerce-epayco-api/src/Transactions/AbstractPaymentTransaction.php on line 210
[28-Mar-2026 18:20:11 UTC] PHP Warning:  Trying to access array offset on null in /var/www/html/wp-content/plugins/woocommerce-epayco-api/src/Transactions/AbstractPaymentTransaction.php on line 210
[28-Mar-2026 18:20:11 UTC] PHP Warning:  Undefined array key "expirationdate" in /var/www/html/wp-content/plugins/woocommerce-epayco-api/src/Transactions/AbstractPaymentTransaction.php on line 211
[28-Mar-2026 18:20:11 UTC] PHP Deprecated:  explode(): Passing null to parameter #2 ($string) of type string is deprecated in /var/www/html/wp-content/plugins/woocommerce-epayco-api/src/Transactions/AbstractPaymentTransaction.php on line 212
[28-Mar-2026 18:20:11 UTC] PHP Warning:  Undefined array key 1 in /var/www/html/wp-content/plugins/woocommerce-epayco-api/src/Transactions/AbstractPaymentTransaction.php on line 212
[28-Mar-2026 18:20:11 UTC] PHP Warning:  Undefined array key "securitycode" in /var/www/html/wp-content/plugins/woocommerce-epayco-api/src/Transactions/AbstractPaymentTransaction.php on line 213
[28-Mar-2026 18:20:11 UTC] PHP Deprecated:  strlen(): Passing null to parameter #1 ($string) of type string is deprecated in /var/www/html/wp-content/plugins/woocommerce-epayco-api/src/Transactions/AbstractPaymentTransaction.php on line 214
[28-Mar-2026 18:20:11 UTC] PHP Deprecated:  strlen(): Passing null to parameter #1 ($string) of type string is deprecated in /var/www/html/wp-content/plugins/woocommerce-epayco-api/src/Transactions/AbstractPaymentTransaction.php on line 216
[28-Mar-2026 18:21:16 UTC] Error en la respuesta de la API de ePayco, código de estado: 503
[28-Mar-2026 18:22:06 UTC] CreditCard mensaje {"name":"jose saldarriaga","card":"4575623182290326","expirationDate":"07\/31","securityCode":"316","installmet":"1","identificationType":"CC","doc_number":"1234123441","address":"asdasdas, calle 121 12 ccxaa","email":"ricardo.saldarriaga@epayco.com","cellphone":"3184210294","countryType":"CO","country":"Medell\u00edn","cardTokenId":""}
[28-Mar-2026 18:22:08 UTC] PHP Warning:  Undefined array key "countrytype" in /var/www/html/wp-content/plugins/woocommerce-epayco-api/src/Transactions/AbstractPaymentTransaction.php on line 571
[28-Mar-2026 18:22:44 UTC] PHP Warning:  Undefined variable $test_mode_link_src in /var/www/html/wp-content/plugins/woocommerce-epayco-api/templates/public/checkout/pse-checkout.php on line 55
[28-Mar-2026 18:22:44 UTC] PHP Warning:  Undefined variable $test_mode_link_src in /var/www/html/wp-content/plugins/woocommerce-epayco-api/templates/public/checkout/ticket-checkout.php on line 59
[28-Mar-2026 18:22:44 UTC] PHP Warning:  Undefined variable $test_mode_link_src in /var/www/html/wp-content/plugins/woocommerce-epayco-api/templates/public/checkout/daviplata-checkout.php on line 59
[28-Mar-2026 18:22:54 UTC] PHP Warning:  Undefined variable $test_mode_link_src in /var/www/html/wp-content/plugins/woocommerce-epayco-api/templates/public/checkout/pse-checkout.php on line 55
[28-Mar-2026 18:22:54 UTC] PHP Warning:  Undefined variable $test_mode_link_src in /var/www/html/wp-content/plugins/woocommerce-epayco-api/templates/public/checkout/ticket-checkout.php on line 59
[28-Mar-2026 18:22:54 UTC] PHP Warning:  Undefined variable $test_mode_link_src in /var/www/html/wp-content/plugins/woocommerce-epayco-api/templates/public/checkout/daviplata-checkout.php on line 59
[28-Mar-2026 18:23:01 UTC] PHP Warning:  Undefined variable $test_mode_link_src in /var/www/html/wp-content/plugins/woocommerce-epayco-api/templates/public/checkout/pse-checkout.php on line 55
[28-Mar-2026 18:23:01 UTC] PHP Warning:  Undefined variable $test_mode_link_src in /var/www/html/wp-content/plugins/woocommerce-epayco-api/templates/public/checkout/ticket-checkout.php on line 59
[28-Mar-2026 18:23:01 UTC] PHP Warning:  Undefined variable $test_mode_link_src in /var/www/html/wp-content/plugins/woocommerce-epayco-api/templates/public/checkout/daviplata-checkout.php on line 59
[28-Mar-2026 18:23:47 UTC] CreditCard mensaje {"cardtokenid":"1","card":"4575623182290326","securitycode":"123","expirationdate":"12\/29","name":"ricardo saldarriaga","address":"calle 109 # 67-112","email":"ricardo.saldarriaga@epayco.com","identificationtype":"CC","doc_number":"1234123441","countrytype":"CO","cellphonetype":"+57","cellphone":"3184210294","country":"Medell\u00edn","installmet":"1"}
[28-Mar-2026 18:26:13 UTC] Error en la respuesta de la API de ePayco, código de estado: 503
[28-Mar-2026 18:30:09 UTC] PHP Warning:  Undefined array key "" in /var/www/html/wp-content/plugins/woocommerce-epayco-api/src/Gateways/DaviplataGateway.php on line 324
[28-Mar-2026 18:30:09 UTC] PHP Warning:  Trying to access array offset on null in /var/www/html/wp-content/plugins/woocommerce-epayco-api/src/Gateways/DaviplataGateway.php on line 324
[28-Mar-2026 18:30:09 UTC] PHP Deprecated:  Creation of dynamic property Epayco\Woocommerce\Gateways\DaviplataGateway::$transaction is deprecated in /var/www/html/wp-content/plugins/woocommerce-epayco-api/src/Gateways/DaviplataGateway.php on line 327
[28-Mar-2026 18:30:11 UTC] PHP Warning:  Undefined array key "congrats_title" in /var/www/html/wp-content/plugins/woocommerce-epayco-api/src/Gateways/DaviplataGateway.php on line 339
[28-Mar-2026 18:30:11 UTC] PHP Warning:  Undefined array key "congrats_subtitle" in /var/www/html/wp-content/plugins/woocommerce-epayco-api/src/Gateways/DaviplataGateway.php on line 341
[28-Mar-2026 18:31:18 UTC] Error en la respuesta de la API de ePayco, código de estado: 503
[28-Mar-2026 18:31:38 UTC] PHP Warning:  Undefined array key "cellphoneType" in /var/www/html/wp-content/plugins/woocommerce-epayco-api/src/Gateways/DaviplataGateway.php on line 313
[28-Mar-2026 18:31:53 UTC] PHP Warning:  Undefined array key "cellphoneType" in /var/www/html/wp-content/plugins/woocommerce-epayco-api/src/Gateways/DaviplataGateway.php on line 313
[28-Mar-2026 18:32:18 UTC] PHP Warning:  Undefined array key "cellphoneType" in /var/www/html/wp-content/plugins/woocommerce-epayco-api/src/Gateways/DaviplataGateway.php on line 313
[28-Mar-2026 18:32:48 UTC] PHP Warning:  Undefined array key "docs_integration_test" in /var/www/html/wp-content/plugins/woocommerce-epayco-api/templates/admin/settings/settings.php on line 296
[28-Mar-2026 18:32:48 UTC] PHP Deprecated:  preg_replace(): Passing null to parameter #3 ($subject) of type array|string is deprecated in /var/www/html/wp-includes/kses.php on line 2018
[28-Mar-2026 18:33:36 UTC] PHP Warning:  Undefined array key "cellphoneType" in /var/www/html/wp-content/plugins/woocommerce-epayco-api/src/Gateways/DaviplataGateway.php on line 313
[28-Mar-2026 18:35:11 UTC] PHP Warning:  Undefined array key "cellphoneType" in /var/www/html/wp-content/plugins/woocommerce-epayco-api/src/Gateways/DaviplataGateway.php on line 313
[28-Mar-2026 18:36:19 UTC] Error en la respuesta de la API de ePayco, código de estado: 503
[28-Mar-2026 18:36:56 UTC] PHP Warning:  Undefined array key "referencePayco" in /var/www/html/wp-content/plugins/woocommerce-epayco-api/src/Gateways/AbstractGateway.php on line 378
[28-Mar-2026 18:36:56 UTC] PHP Warning:  Undefined array key "status" in /var/www/html/wp-content/plugins/woocommerce-epayco-api/src/Gateways/AbstractGateway.php on line 379
[28-Mar-2026 18:37:09 UTC] PHP Warning:  Undefined array key "cellphoneType" in /var/www/html/wp-content/plugins/woocommerce-epayco-api/src/Gateways/DaviplataGateway.php on line 313
[28-Mar-2026 18:41:12 UTC] Error en la respuesta de la API de ePayco, código de estado: 503
[28-Mar-2026 18:46:34 UTC] Error en la respuesta de la API de ePayco, código de estado: 503
[28-Mar-2026 18:51:26 UTC] Error en la respuesta de la API de ePayco, código de estado: 503
[28-Mar-2026 18:56:42 UTC] Error en la respuesta de la API de ePayco, código de estado: 503
[28-Mar-2026 19:03:21 UTC] Error en la respuesta de la API de ePayco, código de estado: 503
[28-Mar-2026 19:08:42 UTC] Error en la respuesta de la API de ePayco, código de estado: 503
[28-Mar-2026 19:11:24 UTC] Error en la respuesta de la API de ePayco, código de estado: 503
[28-Mar-2026 19:16:38 UTC] Error en la respuesta de la API de ePayco, código de estado: 503
[28-Mar-2026 19:21:25 UTC] Error en la respuesta de la API de ePayco, código de estado: 503
[28-Mar-2026 19:26:39 UTC] Error en la respuesta de la API de ePayco, código de estado: 503
[28-Mar-2026 19:31:28 UTC] Error en la respuesta de la API de ePayco, código de estado: 503
[28-Mar-2026 19:36:41 UTC] Error en la respuesta de la API de ePayco, código de estado: 503
[28-Mar-2026 19:41:32 UTC] Error en la respuesta de la API de ePayco, código de estado: 503
[29-Mar-2026 03:44:30 UTC] Error en la respuesta de la API de ePayco, código de estado: 503
[29-Mar-2026 03:44:34 UTC] PHP Warning:  Undefined array key "docs_integration_test" in /var/www/html/wp-content/plugins/woocommerce-epayco-api/templates/admin/settings/settings.php on line 296
[29-Mar-2026 03:44:34 UTC] PHP Deprecated:  preg_replace(): Passing null to parameter #3 ($subject) of type array|string is deprecated in /var/www/html/wp-includes/kses.php on line 2018
[29-Mar-2026 03:44:37 UTC] PHP Warning:  Cannot modify header information - headers already sent by (output started at /var/www/html/wp-includes/template-canvas.php:13) in /var/www/html/wp-content/plugins/woocommerce-epayco-api/src/Hooks/Authentication.php on line 38
[29-Mar-2026 03:44:40 UTC] PHP Warning:  Cannot modify header information - headers already sent by (output started at /var/www/html/wp-includes/template-canvas.php:13) in /var/www/html/wp-content/plugins/woocommerce-epayco-api/src/Hooks/Authentication.php on line 38
[29-Mar-2026 03:44:44 UTC] PHP Warning:  Cannot modify header information - headers already sent by (output started at /var/www/html/wp-includes/template-canvas.php:13) in /var/www/html/wp-content/plugins/woocommerce-epayco-api/src/Hooks/Authentication.php on line 38
[29-Mar-2026 03:44:48 UTC] PHP Warning:  Cannot modify header information - headers already sent by (output started at /var/www/html/wp-includes/template-canvas.php:13) in /var/www/html/wp-content/plugins/woocommerce-epayco-api/src/Hooks/Authentication.php on line 38
[29-Mar-2026 03:45:43 UTC] PHP Warning:  Undefined array key "cellphoneType" in /var/www/html/wp-content/plugins/woocommerce-epayco-api/src/Gateways/DaviplataGateway.php on line 316
[29-Mar-2026 03:46:59 UTC] Error en la respuesta de la API de ePayco, código de estado: 503
[29-Mar-2026 03:51:24 UTC] Error en la respuesta de la API de ePayco, código de estado: 503
[29-Mar-2026 03:57:01 UTC] Error en la respuesta de la API de ePayco, código de estado: 503
[29-Mar-2026 03:59:31 UTC] PHP Warning:  Undefined array key "cellphoneType" in /var/www/html/wp-content/plugins/woocommerce-epayco-api/src/Gateways/DaviplataGateway.php on line 316
[29-Mar-2026 04:01:17 UTC] Error en la respuesta de la API de ePayco, código de estado: 503
[29-Mar-2026 04:01:53 UTC] PHP Warning:  Undefined array key "cellphoneType" in /var/www/html/wp-content/plugins/woocommerce-epayco-api/src/Gateways/DaviplataGateway.php on line 316
[29-Mar-2026 04:02:11 UTC] PHP Warning:  Undefined array key "cellphoneType" in /var/www/html/wp-content/plugins/woocommerce-epayco-api/src/Gateways/DaviplataGateway.php on line 316
[29-Mar-2026 04:04:15 UTC] PHP Warning:  Undefined array key "cellphoneType" in /var/www/html/wp-content/plugins/woocommerce-epayco-api/src/Gateways/DaviplataGateway.php on line 316
[29-Mar-2026 04:06:02 UTC] PHP Warning:  Undefined array key "cellphoneType" in /var/www/html/wp-content/plugins/woocommerce-epayco-api/src/Gateways/DaviplataGateway.php on line 316
[29-Mar-2026 04:06:12 UTC] Error en la respuesta de la API de ePayco, código de estado: 503
[29-Mar-2026 04:11:57 UTC] Error en la respuesta de la API de ePayco, código de estado: 503
[29-Mar-2026 04:17:33 UTC] Error en la respuesta de la API de ePayco, código de estado: 503
[29-Mar-2026 04:18:13 UTC] PHP Warning:  Undefined array key "" in /var/www/html/wp-content/plugins/woocommerce-epayco-api/src/Gateways/DaviplataGateway.php on line 328
[29-Mar-2026 04:18:13 UTC] PHP Warning:  Trying to access array offset on null in /var/www/html/wp-content/plugins/woocommerce-epayco-api/src/Gateways/DaviplataGateway.php on line 328
[29-Mar-2026 04:18:13 UTC] PHP Deprecated:  Creation of dynamic property Epayco\Woocommerce\Gateways\DaviplataGateway::$transaction is deprecated in /var/www/html/wp-content/plugins/woocommerce-epayco-api/src/Gateways/DaviplataGateway.php on line 331
[29-Mar-2026 04:18:16 UTC] PHP Warning:  Undefined array key "congrats_title" in /var/www/html/wp-content/plugins/woocommerce-epayco-api/src/Gateways/DaviplataGateway.php on line 346
[29-Mar-2026 04:18:16 UTC] PHP Warning:  Undefined array key "congrats_subtitle" in /var/www/html/wp-content/plugins/woocommerce-epayco-api/src/Gateways/DaviplataGateway.php on line 348
[29-Mar-2026 04:19:37 UTC] PHP Warning:  Undefined array key "cellphoneType" in /var/www/html/wp-content/plugins/woocommerce-epayco-api/src/Gateways/DaviplataGateway.php on line 316
[29-Mar-2026 04:21:16 UTC] Error en la respuesta de la API de ePayco, código de estado: 503
[29-Mar-2026 04:22:15 UTC] PHP Warning:  Undefined array key "referencePayco" in /var/www/html/wp-content/plugins/woocommerce-epayco-api/src/Gateways/AbstractGateway.php on line 378
[29-Mar-2026 04:22:15 UTC] PHP Warning:  Undefined array key "status" in /var/www/html/wp-content/plugins/woocommerce-epayco-api/src/Gateways/AbstractGateway.php on line 379
[29-Mar-2026 04:22:24 UTC] PHP Warning:  Undefined array key "cellphoneType" in /var/www/html/wp-content/plugins/woocommerce-epayco-api/src/Gateways/DaviplataGateway.php on line 312
[29-Mar-2026 04:23:36 UTC] PHP Warning:  Undefined array key "cellphoneType" in /var/www/html/wp-content/plugins/woocommerce-epayco-api/src/Gateways/DaviplataGateway.php on line 316
[29-Mar-2026 04:23:41 UTC] PHP Warning:  Undefined array key "cellphoneType" in /var/www/html/wp-content/plugins/woocommerce-epayco-api/src/Gateways/DaviplataGateway.php on line 316
[29-Mar-2026 04:24:47 UTC] PHP Warning:  Undefined array key "" in /var/www/html/wp-content/plugins/woocommerce-epayco-api/src/Gateways/DaviplataGateway.php on line 328
[29-Mar-2026 04:24:47 UTC] PHP Warning:  Trying to access array offset on null in /var/www/html/wp-content/plugins/woocommerce-epayco-api/src/Gateways/DaviplataGateway.php on line 328
[29-Mar-2026 04:24:47 UTC] PHP Deprecated:  Creation of dynamic property Epayco\Woocommerce\Gateways\DaviplataGateway::$transaction is deprecated in /var/www/html/wp-content/plugins/woocommerce-epayco-api/src/Gateways/DaviplataGateway.php on line 331
[29-Mar-2026 04:24:49 UTC] PHP Warning:  Undefined array key "congrats_title" in /var/www/html/wp-content/plugins/woocommerce-epayco-api/src/Gateways/DaviplataGateway.php on line 346
[29-Mar-2026 04:24:49 UTC] PHP Warning:  Undefined array key "congrats_subtitle" in /var/www/html/wp-content/plugins/woocommerce-epayco-api/src/Gateways/DaviplataGateway.php on line 348
[29-Mar-2026 04:26:02 UTC] PHP Warning:  Undefined array key "" in /var/www/html/wp-content/plugins/woocommerce-epayco-api/src/Gateways/DaviplataGateway.php on line 324
[29-Mar-2026 04:26:02 UTC] PHP Warning:  Trying to access array offset on null in /var/www/html/wp-content/plugins/woocommerce-epayco-api/src/Gateways/DaviplataGateway.php on line 324
[29-Mar-2026 04:26:02 UTC] PHP Deprecated:  Creation of dynamic property Epayco\Woocommerce\Gateways\DaviplataGateway::$transaction is deprecated in /var/www/html/wp-content/plugins/woocommerce-epayco-api/src/Gateways/DaviplataGateway.php on line 327
[29-Mar-2026 04:26:06 UTC] PHP Warning:  Undefined array key "congrats_title" in /var/www/html/wp-content/plugins/woocommerce-epayco-api/src/Gateways/DaviplataGateway.php on line 342
[29-Mar-2026 04:26:06 UTC] PHP Warning:  Undefined array key "congrats_subtitle" in /var/www/html/wp-content/plugins/woocommerce-epayco-api/src/Gateways/DaviplataGateway.php on line 344
[29-Mar-2026 04:26:21 UTC] Error en la respuesta de la API de ePayco, código de estado: 503
[29-Mar-2026 04:27:52 UTC] PHP Warning:  Undefined array key "referencePayco" in /var/www/html/wp-content/plugins/woocommerce-epayco-api/src/Gateways/AbstractGateway.php on line 378
[29-Mar-2026 04:27:52 UTC] PHP Warning:  Undefined array key "status" in /var/www/html/wp-content/plugins/woocommerce-epayco-api/src/Gateways/AbstractGateway.php on line 379
[29-Mar-2026 04:29:58 UTC] CreditCard mensaje {"name":"ricardo saldarriaga","card":"4575623182290326","expirationDate":"12\/29","securityCode":"316","installmet":"1","identificationType":"CC","doc_number":"1234123441","address":"calle 109 # 67-112","email":"ricardo.saldarriaga@epayco.com","cellphone":"3184210294","cellphoneType":"+57","countryType":"CO","country":"Medell\u00edn","cardTokenId":""}
[29-Mar-2026 04:30:01 UTC] PHP Warning:  Undefined array key "countrytype" in /var/www/html/wp-content/plugins/woocommerce-epayco-api/src/Transactions/AbstractPaymentTransaction.php on line 570
[29-Mar-2026 04:30:08 UTC] PHP Warning:  Undefined array key "success" in /var/www/html/wp-content/plugins/woocommerce-epayco-api/src/Gateways/CreditCardGateway.php on line 334
[29-Mar-2026 04:30:08 UTC] Respuesta inv��lida al obtener m��todos de pago
[29-Mar-2026 04:30:08 UTC] order_key was called incorrectly. Order properties should not be accessed directly. Backtrace: require('wp-blog-header.php'), require_once('wp-includes/template-loader.php'), do_action('template_redirect'), WP_Hook->do_action, WP_Hook->apply_filters, WC_AJAX::do_wc_ajax, do_action('wc_ajax_checkout'), WP_Hook->do_action, WP_Hook->apply_filters, WC_AJAX::checkout, WC_Checkout->process_checkout, WC_Checkout->process_order_payment, Epayco\Woocommerce\Gateways\CreditCardGateway->process_payment, Epayco\Woocommerce\Gateways\AbstractGateway->returnFail, WC_Abstract_Legacy_Order->__get, wc_doing_it_wrong. This message was added in version 3.0.
[29-Mar-2026 04:30:08 UTC] The woocommerce_get_page_id function is deprecated since version 3.0. Replace with wc_get_page_id.
[29-Mar-2026 04:30:08 UTC] The wc_get_page_id argument is deprecated since version 2.1. The "pay" and "thanks" pages are no-longer used - an endpoint is added to the checkout instead. To get a valid link use the WC_Order::get_checkout_payment_url() or WC_Order::get_checkout_order_received_url() methods instead.
[29-Mar-2026 04:31:36 UTC] CreditCard mensaje {"name":"ricardo saldarriaga","card":"4575623182290326","expirationDate":"12\/29","securityCode":"316","installmet":"1","identificationType":"CC","doc_number":"12114723219","address":"calle 109 # 67-112","email":"ricardo.saldarriaga@epayco.com","cellphone":"3184210294","cellphoneType":"+57","countryType":"CO","country":"Medell\u00edn","cardTokenId":""}
[29-Mar-2026 04:31:37 UTC] PHP Warning:  Undefined array key "countrytype" in /var/www/html/wp-content/plugins/woocommerce-epayco-api/src/Transactions/AbstractPaymentTransaction.php on line 573
[29-Mar-2026 04:31:54 UTC] PHP Warning:  Undefined variable $test_mode_link_src in /var/www/html/wp-content/plugins/woocommerce-epayco-api/templates/public/checkout/pse-checkout.php on line 55
[29-Mar-2026 04:31:54 UTC] PHP Warning:  Undefined variable $test_mode_link_src in /var/www/html/wp-content/plugins/woocommerce-epayco-api/templates/public/checkout/ticket-checkout.php on line 59
[29-Mar-2026 04:31:54 UTC] PHP Warning:  Undefined variable $test_mode_link_src in /var/www/html/wp-content/plugins/woocommerce-epayco-api/templates/public/checkout/daviplata-checkout.php on line 59
[29-Mar-2026 04:32:03 UTC] PHP Warning:  Undefined variable $test_mode_link_src in /var/www/html/wp-content/plugins/woocommerce-epayco-api/templates/public/checkout/pse-checkout.php on line 55
[29-Mar-2026 04:32:03 UTC] PHP Warning:  Undefined variable $test_mode_link_src in /var/www/html/wp-content/plugins/woocommerce-epayco-api/templates/public/checkout/ticket-checkout.php on line 59
[29-Mar-2026 04:32:03 UTC] PHP Warning:  Undefined variable $test_mode_link_src in /var/www/html/wp-content/plugins/woocommerce-epayco-api/templates/public/checkout/daviplata-checkout.php on line 59
[29-Mar-2026 04:32:05 UTC] PHP Warning:  Undefined variable $test_mode_link_src in /var/www/html/wp-content/plugins/woocommerce-epayco-api/templates/public/checkout/pse-checkout.php on line 55
[29-Mar-2026 04:32:05 UTC] PHP Warning:  Undefined variable $test_mode_link_src in /var/www/html/wp-content/plugins/woocommerce-epayco-api/templates/public/checkout/ticket-checkout.php on line 59
[29-Mar-2026 04:32:05 UTC] PHP Warning:  Undefined variable $test_mode_link_src in /var/www/html/wp-content/plugins/woocommerce-epayco-api/templates/public/checkout/daviplata-checkout.php on line 59
[29-Mar-2026 04:32:06 UTC] PHP Warning:  Undefined variable $test_mode_link_src in /var/www/html/wp-content/plugins/woocommerce-epayco-api/templates/public/checkout/pse-checkout.php on line 55
[29-Mar-2026 04:32:06 UTC] PHP Warning:  Undefined variable $test_mode_link_src in /var/www/html/wp-content/plugins/woocommerce-epayco-api/templates/public/checkout/ticket-checkout.php on line 59
[29-Mar-2026 04:32:06 UTC] PHP Warning:  Undefined variable $test_mode_link_src in /var/www/html/wp-content/plugins/woocommerce-epayco-api/templates/public/checkout/daviplata-checkout.php on line 59
[29-Mar-2026 04:32:10 UTC] PHP Warning:  Undefined variable $test_mode_link_src in /var/www/html/wp-content/plugins/woocommerce-epayco-api/templates/public/checkout/pse-checkout.php on line 55
[29-Mar-2026 04:32:10 UTC] PHP Warning:  Undefined variable $test_mode_link_src in /var/www/html/wp-content/plugins/woocommerce-epayco-api/templates/public/checkout/ticket-checkout.php on line 59
[29-Mar-2026 04:32:10 UTC] PHP Warning:  Undefined variable $test_mode_link_src in /var/www/html/wp-content/plugins/woocommerce-epayco-api/templates/public/checkout/daviplata-checkout.php on line 59
[29-Mar-2026 04:32:15 UTC] Error en la respuesta de la API de ePayco, código de estado: 503
[29-Mar-2026 04:32:33 UTC] CreditCard mensaje {"cardtokenid":"1","card":"4575623182290326","securitycode":"316","expirationdate":"12\/29","name":"ricardo saldarriaga","address":"calle 109 # 67-112","email":"ricardo.saldarriaga@epayco.com","identificationtype":"CC","doc_number":"12114723219","countrytype":"CO","cellphonetype":"+57","cellphone":"3184210294","country":"Medell\u00edn","installmet":"1"}
[29-Mar-2026 04:32:59 UTC] PHP Warning:  Undefined array key "referencePayco" in /var/www/html/wp-content/plugins/woocommerce-epayco-api/src/Gateways/AbstractGateway.php on line 378
[29-Mar-2026 04:32:59 UTC] PHP Warning:  Undefined array key "status" in /var/www/html/wp-content/plugins/woocommerce-epayco-api/src/Gateways/AbstractGateway.php on line 379
[29-Mar-2026 04:33:12 UTC] PHP Warning:  Undefined variable $test_mode_link_src in /var/www/html/wp-content/plugins/woocommerce-epayco-api/templates/public/checkout/pse-checkout.php on line 55
[29-Mar-2026 04:33:12 UTC] PHP Warning:  Undefined variable $test_mode_link_src in /var/www/html/wp-content/plugins/woocommerce-epayco-api/templates/public/checkout/ticket-checkout.php on line 59
[29-Mar-2026 04:33:12 UTC] PHP Warning:  Undefined variable $test_mode_link_src in /var/www/html/wp-content/plugins/woocommerce-epayco-api/templates/public/checkout/daviplata-checkout.php on line 59
[29-Mar-2026 04:33:15 UTC] PHP Warning:  Undefined variable $test_mode_link_src in /var/www/html/wp-content/plugins/woocommerce-epayco-api/templates/public/checkout/pse-checkout.php on line 55
[29-Mar-2026 04:33:15 UTC] PHP Warning:  Undefined variable $test_mode_link_src in /var/www/html/wp-content/plugins/woocommerce-epayco-api/templates/public/checkout/ticket-checkout.php on line 59
[29-Mar-2026 04:33:15 UTC] PHP Warning:  Undefined variable $test_mode_link_src in /var/www/html/wp-content/plugins/woocommerce-epayco-api/templates/public/checkout/daviplata-checkout.php on line 59
[29-Mar-2026 04:33:17 UTC] PHP Warning:  Undefined variable $test_mode_link_src in /var/www/html/wp-content/plugins/woocommerce-epayco-api/templates/public/checkout/pse-checkout.php on line 55
[29-Mar-2026 04:33:17 UTC] PHP Warning:  Undefined variable $test_mode_link_src in /var/www/html/wp-content/plugins/woocommerce-epayco-api/templates/public/checkout/ticket-checkout.php on line 59
[29-Mar-2026 04:33:17 UTC] PHP Warning:  Undefined variable $test_mode_link_src in /var/www/html/wp-content/plugins/woocommerce-epayco-api/templates/public/checkout/daviplata-checkout.php on line 59
[29-Mar-2026 04:33:21 UTC] PHP Warning:  Undefined variable $test_mode_link_src in /var/www/html/wp-content/plugins/woocommerce-epayco-api/templates/public/checkout/pse-checkout.php on line 55
[29-Mar-2026 04:33:21 UTC] PHP Warning:  Undefined variable $test_mode_link_src in /var/www/html/wp-content/plugins/woocommerce-epayco-api/templates/public/checkout/ticket-checkout.php on line 59
[29-Mar-2026 04:33:21 UTC] PHP Warning:  Undefined variable $test_mode_link_src in /var/www/html/wp-content/plugins/woocommerce-epayco-api/templates/public/checkout/daviplata-checkout.php on line 59
[29-Mar-2026 04:33:41 UTC] CreditCard mensaje {"cardtokenid":"1","card":"4575623182290326","securitycode":"316","expirationdate":"12\/29","name":"ricardo saldarriaga","address":"calle 109 # 67-112","email":"ricardo.saldarriaga@epayco.com","identificationtype":"CC","doc_number":"12114723219","countrytype":"CO","cellphonetype":"+57","cellphone":"3184210294","country":"Medell\u00edn","installmet":"1"}
[29-Mar-2026 04:34:19 UTC] PHP Warning:  Undefined variable $test_mode_link_src in /var/www/html/wp-content/plugins/woocommerce-epayco-api/templates/public/checkout/pse-checkout.php on line 55
[29-Mar-2026 04:34:19 UTC] PHP Warning:  Undefined variable $test_mode_link_src in /var/www/html/wp-content/plugins/woocommerce-epayco-api/templates/public/checkout/ticket-checkout.php on line 59
[29-Mar-2026 04:34:19 UTC] PHP Warning:  Undefined variable $test_mode_link_src in /var/www/html/wp-content/plugins/woocommerce-epayco-api/templates/public/checkout/daviplata-checkout.php on line 59
[29-Mar-2026 04:34:21 UTC] PHP Warning:  Undefined variable $test_mode_link_src in /var/www/html/wp-content/plugins/woocommerce-epayco-api/templates/public/checkout/pse-checkout.php on line 55
[29-Mar-2026 04:34:21 UTC] PHP Warning:  Undefined variable $test_mode_link_src in /var/www/html/wp-content/plugins/woocommerce-epayco-api/templates/public/checkout/ticket-checkout.php on line 59
[29-Mar-2026 04:34:21 UTC] PHP Warning:  Undefined variable $test_mode_link_src in /var/www/html/wp-content/plugins/woocommerce-epayco-api/templates/public/checkout/daviplata-checkout.php on line 59
[29-Mar-2026 04:34:23 UTC] PHP Warning:  Undefined variable $test_mode_link_src in /var/www/html/wp-content/plugins/woocommerce-epayco-api/templates/public/checkout/pse-checkout.php on line 55
[29-Mar-2026 04:34:23 UTC] PHP Warning:  Undefined variable $test_mode_link_src in /var/www/html/wp-content/plugins/woocommerce-epayco-api/templates/public/checkout/ticket-checkout.php on line 59
[29-Mar-2026 04:34:23 UTC] PHP Warning:  Undefined variable $test_mode_link_src in /var/www/html/wp-content/plugins/woocommerce-epayco-api/templates/public/checkout/daviplata-checkout.php on line 59
[29-Mar-2026 04:34:45 UTC] CreditCard mensaje {"name":"ricardo saldarriaga","expirationDate":"12\/29","securityCode":"316","installmet":"1","identificationType":"CC","doc_number":"12114723219","address":"calle 109 # 67-112","email":"ricardo.saldarriaga@epayco.com","cellphone":"3184210294","cellphoneType":"+57","countryType":"CO","country":"Medell\u00edn","cardTokenId":""}
[29-Mar-2026 04:34:45 UTC] PHP Warning:  Undefined array key "card" in /var/www/html/wp-content/plugins/woocommerce-epayco-api/src/Transactions/AbstractPaymentTransaction.php on line 224
[29-Mar-2026 04:34:45 UTC] Respuesta inv��lida al obtener m��todos de pago
[29-Mar-2026 04:34:45 UTC] order_key was called incorrectly. Order properties should not be accessed directly. Backtrace: require('wp-blog-header.php'), require_once('wp-includes/template-loader.php'), do_action('template_redirect'), WP_Hook->do_action, WP_Hook->apply_filters, WC_AJAX::do_wc_ajax, do_action('wc_ajax_checkout'), WP_Hook->do_action, WP_Hook->apply_filters, WC_AJAX::checkout, WC_Checkout->process_checkout, WC_Checkout->process_order_payment, Epayco\Woocommerce\Gateways\CreditCardGateway->process_payment, Epayco\Woocommerce\Gateways\AbstractGateway->returnFail, WC_Abstract_Legacy_Order->__get, wc_doing_it_wrong. This message was added in version 3.0.
[29-Mar-2026 04:34:45 UTC] The woocommerce_get_page_id function is deprecated since version 3.0. Replace with wc_get_page_id.
[29-Mar-2026 04:34:45 UTC] The wc_get_page_id argument is deprecated since version 2.1. The "pay" and "thanks" pages are no-longer used - an endpoint is added to the checkout instead. To get a valid link use the WC_Order::get_checkout_payment_url() or WC_Order::get_checkout_order_received_url() methods instead.
[29-Mar-2026 04:34:51 UTC] CreditCard mensaje {"name":"ricardo saldarriaga","expirationDate":"12\/29","securityCode":"316","installmet":"1","identificationType":"CC","doc_number":"12114723219","address":"calle 109 # 67-112","email":"ricardo.saldarriaga@epayco.com","cellphone":"3184210294","cellphoneType":"+57","countryType":"CO","country":"Medell\u00edn","cardTokenId":""}
[29-Mar-2026 04:34:51 UTC] PHP Warning:  Undefined array key "card" in /var/www/html/wp-content/plugins/woocommerce-epayco-api/src/Transactions/AbstractPaymentTransaction.php on line 224
[29-Mar-2026 04:34:52 UTC] Respuesta inv��lida al obtener m��todos de pago
[29-Mar-2026 04:34:52 UTC] order_key was called incorrectly. Order properties should not be accessed directly. Backtrace: require('wp-blog-header.php'), require_once('wp-includes/template-loader.php'), do_action('template_redirect'), WP_Hook->do_action, WP_Hook->apply_filters, WC_AJAX::do_wc_ajax, do_action('wc_ajax_checkout'), WP_Hook->do_action, WP_Hook->apply_filters, WC_AJAX::checkout, WC_Checkout->process_checkout, WC_Checkout->process_order_payment, Epayco\Woocommerce\Gateways\CreditCardGateway->process_payment, Epayco\Woocommerce\Gateways\AbstractGateway->returnFail, WC_Abstract_Legacy_Order->__get, wc_doing_it_wrong. This message was added in version 3.0.
[29-Mar-2026 04:34:52 UTC] The woocommerce_get_page_id function is deprecated since version 3.0. Replace with wc_get_page_id.
[29-Mar-2026 04:34:52 UTC] The wc_get_page_id argument is deprecated since version 2.1. The "pay" and "thanks" pages are no-longer used - an endpoint is added to the checkout instead. To get a valid link use the WC_Order::get_checkout_payment_url() or WC_Order::get_checkout_order_received_url() methods instead.
[29-Mar-2026 04:35:00 UTC] CreditCard mensaje {"name":"ricardo saldarriaga","card":"4575623182290326","expirationDate":"12\/29","securityCode":"316","installmet":"1","identificationType":"CC","doc_number":"12114723219","address":"calle 109 # 67-112","email":"ricardo.saldarriaga@epayco.com","cellphone":"3184210294","cellphoneType":"+57","countryType":"CO","country":"Medell\u00edn","cardTokenId":""}
[29-Mar-2026 04:35:01 UTC] PHP Warning:  Undefined array key "countrytype" in /var/www/html/wp-content/plugins/woocommerce-epayco-api/src/Transactions/AbstractPaymentTransaction.php on line 573
[29-Mar-2026 04:35:27 UTC] PHP Warning:  Undefined variable $test_mode_link_src in /var/www/html/wp-content/plugins/woocommerce-epayco-api/templates/public/checkout/pse-checkout.php on line 55
[29-Mar-2026 04:35:27 UTC] PHP Warning:  Undefined variable $test_mode_link_src in /var/www/html/wp-content/plugins/woocommerce-epayco-api/templates/public/checkout/ticket-checkout.php on line 59
[29-Mar-2026 04:35:27 UTC] PHP Warning:  Undefined variable $test_mode_link_src in /var/www/html/wp-content/plugins/woocommerce-epayco-api/templates/public/checkout/daviplata-checkout.php on line 59
[29-Mar-2026 04:35:32 UTC] PHP Warning:  Undefined variable $test_mode_link_src in /var/www/html/wp-content/plugins/woocommerce-epayco-api/templates/public/checkout/pse-checkout.php on line 55
[29-Mar-2026 04:35:32 UTC] PHP Warning:  Undefined variable $test_mode_link_src in /var/www/html/wp-content/plugins/woocommerce-epayco-api/templates/public/checkout/ticket-checkout.php on line 59
[29-Mar-2026 04:35:32 UTC] PHP Warning:  Undefined variable $test_mode_link_src in /var/www/html/wp-content/plugins/woocommerce-epayco-api/templates/public/checkout/daviplata-checkout.php on line 59
[29-Mar-2026 04:35:34 UTC] PHP Warning:  Undefined variable $test_mode_link_src in /var/www/html/wp-content/plugins/woocommerce-epayco-api/templates/public/checkout/pse-checkout.php on line 55
[29-Mar-2026 04:35:34 UTC] PHP Warning:  Undefined variable $test_mode_link_src in /var/www/html/wp-content/plugins/woocommerce-epayco-api/templates/public/checkout/ticket-checkout.php on line 59
[29-Mar-2026 04:35:34 UTC] PHP Warning:  Undefined variable $test_mode_link_src in /var/www/html/wp-content/plugins/woocommerce-epayco-api/templates/public/checkout/daviplata-checkout.php on line 59
[29-Mar-2026 04:35:39 UTC] PHP Warning:  Undefined variable $test_mode_link_src in /var/www/html/wp-content/plugins/woocommerce-epayco-api/templates/public/checkout/pse-checkout.php on line 55
[29-Mar-2026 04:35:39 UTC] PHP Warning:  Undefined variable $test_mode_link_src in /var/www/html/wp-content/plugins/woocommerce-epayco-api/templates/public/checkout/pse-checkout.php on line 55
[29-Mar-2026 04:35:39 UTC] PHP Warning:  Undefined variable $test_mode_link_src in /var/www/html/wp-content/plugins/woocommerce-epayco-api/templates/public/checkout/ticket-checkout.php on line 59
[29-Mar-2026 04:35:39 UTC] PHP Warning:  Undefined variable $test_mode_link_src in /var/www/html/wp-content/plugins/woocommerce-epayco-api/templates/public/checkout/daviplata-checkout.php on line 59
[29-Mar-2026 04:35:40 UTC] PHP Warning:  Undefined variable $test_mode_link_src in /var/www/html/wp-content/plugins/woocommerce-epayco-api/templates/public/checkout/pse-checkout.php on line 55
[29-Mar-2026 04:35:41 UTC] PHP Warning:  Undefined variable $test_mode_link_src in /var/www/html/wp-content/plugins/woocommerce-epayco-api/templates/public/checkout/pse-checkout.php on line 55
[29-Mar-2026 04:35:41 UTC] PHP Warning:  Undefined variable $test_mode_link_src in /var/www/html/wp-content/plugins/woocommerce-epayco-api/templates/public/checkout/ticket-checkout.php on line 59
[29-Mar-2026 04:35:41 UTC] PHP Warning:  Undefined variable $test_mode_link_src in /var/www/html/wp-content/plugins/woocommerce-epayco-api/templates/public/checkout/daviplata-checkout.php on line 59
[29-Mar-2026 04:36:34 UTC] PHP Warning:  Undefined array key 0 in /var/www/html/wp-content/plugins/woocommerce-epayco-api/src/Transactions/AbstractPaymentTransaction.php on line 1185
[29-Mar-2026 04:36:34 UTC] PHP Warning:  Trying to access array offset on null in /var/www/html/wp-content/plugins/woocommerce-epayco-api/src/Transactions/AbstractPaymentTransaction.php on line 1185
[29-Mar-2026 04:36:34 UTC] PHP Warning:  Undefined array key 0 in /var/www/html/wp-content/plugins/woocommerce-epayco-api/src/Transactions/AbstractPaymentTransaction.php on line 1186
[29-Mar-2026 04:36:34 UTC] PHP Warning:  Trying to access array offset on null in /var/www/html/wp-content/plugins/woocommerce-epayco-api/src/Transactions/AbstractPaymentTransaction.php on line 1186
[29-Mar-2026 04:36:34 UTC] PHP Warning:  Undefined array key 0 in /var/www/html/wp-content/plugins/woocommerce-epayco-api/src/Transactions/AbstractPaymentTransaction.php on line 1187
[29-Mar-2026 04:36:34 UTC] PHP Warning:  Trying to access array offset on null in /var/www/html/wp-content/plugins/woocommerce-epayco-api/src/Transactions/AbstractPaymentTransaction.php on line 1187
[29-Mar-2026 04:36:34 UTC] PHP Warning:  Undefined array key 0 in /var/www/html/wp-content/plugins/woocommerce-epayco-api/src/Transactions/AbstractPaymentTransaction.php on line 1188
[29-Mar-2026 04:36:34 UTC] PHP Warning:  Trying to access array offset on null in /var/www/html/wp-content/plugins/woocommerce-epayco-api/src/Transactions/AbstractPaymentTransaction.php on line 1188
[29-Mar-2026 04:36:34 UTC] PHP Warning:  Undefined array key 0 in /var/www/html/wp-content/plugins/woocommerce-epayco-api/src/Transactions/AbstractPaymentTransaction.php on line 1189
[29-Mar-2026 04:36:34 UTC] PHP Warning:  Trying to access array offset on null in /var/www/html/wp-content/plugins/woocommerce-epayco-api/src/Transactions/AbstractPaymentTransaction.php on line 1189
[29-Mar-2026 04:36:34 UTC] PHP Warning:  Undefined array key 0 in /var/www/html/wp-content/plugins/woocommerce-epayco-api/src/Transactions/AbstractPaymentTransaction.php on line 1190
[29-Mar-2026 04:36:34 UTC] PHP Warning:  Trying to access array offset on null in /var/www/html/wp-content/plugins/woocommerce-epayco-api/src/Transactions/AbstractPaymentTransaction.php on line 1190
[29-Mar-2026 04:36:34 UTC] PHP Warning:  Undefined array key 0 in /var/www/html/wp-content/plugins/woocommerce-epayco-api/src/Transactions/AbstractPaymentTransaction.php on line 1191
[29-Mar-2026 04:36:34 UTC] PHP Warning:  Trying to access array offset on null in /var/www/html/wp-content/plugins/woocommerce-epayco-api/src/Transactions/AbstractPaymentTransaction.php on line 1191
[29-Mar-2026 04:36:34 UTC] PHP Warning:  Undefined array key 0 in /var/www/html/wp-content/plugins/woocommerce-epayco-api/src/Transactions/AbstractPaymentTransaction.php on line 1192
[29-Mar-2026 04:36:34 UTC] PHP Warning:  Trying to access array offset on null in /var/www/html/wp-content/plugins/woocommerce-epayco-api/src/Transactions/AbstractPaymentTransaction.php on line 1192
[29-Mar-2026 04:36:34 UTC] PHP Warning:  Undefined array key 0 in /var/www/html/wp-content/plugins/woocommerce-epayco-api/src/Transactions/AbstractPaymentTransaction.php on line 1193
[29-Mar-2026 04:36:34 UTC] PHP Warning:  Trying to access array offset on null in /var/www/html/wp-content/plugins/woocommerce-epayco-api/src/Transactions/AbstractPaymentTransaction.php on line 1193
[29-Mar-2026 04:36:34 UTC] PHP Warning:  Undefined array key 0 in /var/www/html/wp-content/plugins/woocommerce-epayco-api/src/Transactions/AbstractPaymentTransaction.php on line 1194
[29-Mar-2026 04:36:34 UTC] PHP Warning:  Trying to access array offset on null in /var/www/html/wp-content/plugins/woocommerce-epayco-api/src/Transactions/AbstractPaymentTransaction.php on line 1194
[29-Mar-2026 04:36:34 UTC] PHP Warning:  Undefined array key 0 in /var/www/html/wp-content/plugins/woocommerce-epayco-api/src/Transactions/AbstractPaymentTransaction.php on line 1195
[29-Mar-2026 04:36:34 UTC] PHP Warning:  Trying to access array offset on null in /var/www/html/wp-content/plugins/woocommerce-epayco-api/src/Transactions/AbstractPaymentTransaction.php on line 1195
[29-Mar-2026 04:36:34 UTC] PHP Warning:  Undefined array key 0 in /var/www/html/wp-content/plugins/woocommerce-epayco-api/src/Transactions/AbstractPaymentTransaction.php on line 1196
[29-Mar-2026 04:36:34 UTC] PHP Warning:  Trying to access array offset on null in /var/www/html/wp-content/plugins/woocommerce-epayco-api/src/Transactions/AbstractPaymentTransaction.php on line 1196
[29-Mar-2026 04:36:34 UTC] PHP Warning:  Undefined array key 0 in /var/www/html/wp-content/plugins/woocommerce-epayco-api/src/Transactions/AbstractPaymentTransaction.php on line 1197
[29-Mar-2026 04:36:34 UTC] PHP Warning:  Trying to access array offset on null in /var/www/html/wp-content/plugins/woocommerce-epayco-api/src/Transactions/AbstractPaymentTransaction.php on line 1197
[29-Mar-2026 04:36:34 UTC] PHP Warning:  Undefined array key 0 in /var/www/html/wp-content/plugins/woocommerce-epayco-api/src/Transactions/AbstractPaymentTransaction.php on line 1198
[29-Mar-2026 04:36:34 UTC] PHP Warning:  Trying to access array offset on null in /var/www/html/wp-content/plugins/woocommerce-epayco-api/src/Transactions/AbstractPaymentTransaction.php on line 1198
[29-Mar-2026 04:36:34 UTC] PHP Warning:  Undefined array key 0 in /var/www/html/wp-content/plugins/woocommerce-epayco-api/src/Transactions/AbstractPaymentTransaction.php on line 1199
[29-Mar-2026 04:36:34 UTC] PHP Warning:  Trying to access array offset on null in /var/www/html/wp-content/plugins/woocommerce-epayco-api/src/Transactions/AbstractPaymentTransaction.php on line 1199
[29-Mar-2026 04:36:34 UTC] PHP Warning:  Undefined array key 0 in /var/www/html/wp-content/plugins/woocommerce-epayco-api/src/Transactions/AbstractPaymentTransaction.php on line 1200
[29-Mar-2026 04:36:34 UTC] PHP Warning:  Trying to access array offset on null in /var/www/html/wp-content/plugins/woocommerce-epayco-api/src/Transactions/AbstractPaymentTransaction.php on line 1200
[29-Mar-2026 04:36:34 UTC] PHP Warning:  Undefined variable $expirationDate in /var/www/html/wp-content/plugins/woocommerce-epayco-api/templates/public/order/order-received.php on line 25
[29-Mar-2026 04:36:34 UTC] PHP Warning:  Undefined variable $codeProject in /var/www/html/wp-content/plugins/woocommerce-epayco-api/templates/public/order/order-received.php on line 26
[29-Mar-2026 04:36:34 UTC] PHP Warning:  Undefined variable $pin in /var/www/html/wp-content/plugins/woocommerce-epayco-api/templates/public/order/order-received.php on line 27
[29-Mar-2026 04:36:34 UTC] PHP Warning:  Undefined variable $expirationDate in /var/www/html/wp-content/plugins/woocommerce-epayco-api/templates/public/order/order-received.php on line 31
[29-Mar-2026 04:36:34 UTC] PHP Warning:  Undefined variable $codeProject in /var/www/html/wp-content/plugins/woocommerce-epayco-api/templates/public/order/order-received.php on line 32
[29-Mar-2026 04:36:34 UTC] PHP Warning:  Undefined variable $pin in /var/www/html/wp-content/plugins/woocommerce-epayco-api/templates/public/order/order-received.php on line 33
[29-Mar-2026 04:37:35 UTC] PHP Warning:  Undefined variable $test_mode_link_src in /var/www/html/wp-content/plugins/woocommerce-epayco-api/templates/public/checkout/pse-checkout.php on line 55
[29-Mar-2026 04:37:35 UTC] PHP Warning:  Undefined variable $test_mode_link_src in /var/www/html/wp-content/plugins/woocommerce-epayco-api/templates/public/checkout/ticket-checkout.php on line 59
[29-Mar-2026 04:37:35 UTC] PHP Warning:  Undefined variable $test_mode_link_src in /var/www/html/wp-content/plugins/woocommerce-epayco-api/templates/public/checkout/daviplata-checkout.php on line 59
[29-Mar-2026 04:37:41 UTC] PHP Warning:  Undefined variable $test_mode_link_src in /var/www/html/wp-content/plugins/woocommerce-epayco-api/templates/public/checkout/pse-checkout.php on line 55
[29-Mar-2026 04:37:41 UTC] PHP Warning:  Undefined variable $test_mode_link_src in /var/www/html/wp-content/plugins/woocommerce-epayco-api/templates/public/checkout/ticket-checkout.php on line 59
[29-Mar-2026 04:37:41 UTC] PHP Warning:  Undefined variable $test_mode_link_src in /var/www/html/wp-content/plugins/woocommerce-epayco-api/templates/public/checkout/daviplata-checkout.php on line 59
[29-Mar-2026 04:37:43 UTC] PHP Warning:  Undefined variable $test_mode_link_src in /var/www/html/wp-content/plugins/woocommerce-epayco-api/templates/public/checkout/pse-checkout.php on line 55
[29-Mar-2026 04:37:43 UTC] PHP Warning:  Undefined variable $test_mode_link_src in /var/www/html/wp-content/plugins/woocommerce-epayco-api/templates/public/checkout/ticket-checkout.php on line 59
[29-Mar-2026 04:37:43 UTC] PHP Warning:  Undefined variable $test_mode_link_src in /var/www/html/wp-content/plugins/woocommerce-epayco-api/templates/public/checkout/daviplata-checkout.php on line 59
[29-Mar-2026 04:37:44 UTC] PHP Warning:  Undefined variable $test_mode_link_src in /var/www/html/wp-content/plugins/woocommerce-epayco-api/templates/public/checkout/pse-checkout.php on line 55
[29-Mar-2026 04:37:44 UTC] PHP Warning:  Undefined variable $test_mode_link_src in /var/www/html/wp-content/plugins/woocommerce-epayco-api/templates/public/checkout/ticket-checkout.php on line 59
[29-Mar-2026 04:37:44 UTC] PHP Warning:  Undefined variable $test_mode_link_src in /var/www/html/wp-content/plugins/woocommerce-epayco-api/templates/public/checkout/daviplata-checkout.php on line 59
[29-Mar-2026 04:37:52 UTC] PHP Warning:  Undefined variable $test_mode_link_src in /var/www/html/wp-content/plugins/woocommerce-epayco-api/templates/public/checkout/pse-checkout.php on line 55
[29-Mar-2026 04:37:52 UTC] PHP Warning:  Undefined variable $test_mode_link_src in /var/www/html/wp-content/plugins/woocommerce-epayco-api/templates/public/checkout/ticket-checkout.php on line 59
[29-Mar-2026 04:37:52 UTC] PHP Warning:  Undefined variable $test_mode_link_src in /var/www/html/wp-content/plugins/woocommerce-epayco-api/templates/public/checkout/daviplata-checkout.php on line 59
[29-Mar-2026 04:38:37 UTC] PHP Warning:  Undefined variable $expirationDate in /var/www/html/wp-content/plugins/woocommerce-epayco-api/templates/public/order/order-received.php on line 25
[29-Mar-2026 04:38:37 UTC] PHP Warning:  Undefined variable $codeProject in /var/www/html/wp-content/plugins/woocommerce-epayco-api/templates/public/order/order-received.php on line 26
[29-Mar-2026 04:38:37 UTC] PHP Warning:  Undefined variable $pin in /var/www/html/wp-content/plugins/woocommerce-epayco-api/templates/public/order/order-received.php on line 27
[29-Mar-2026 04:38:37 UTC] PHP Warning:  Undefined variable $expirationDate in /var/www/html/wp-content/plugins/woocommerce-epayco-api/templates/public/order/order-received.php on line 31
[29-Mar-2026 04:38:37 UTC] PHP Warning:  Undefined variable $codeProject in /var/www/html/wp-content/plugins/woocommerce-epayco-api/templates/public/order/order-received.php on line 32
[29-Mar-2026 04:38:37 UTC] PHP Warning:  Undefined variable $pin in /var/www/html/wp-content/plugins/woocommerce-epayco-api/templates/public/order/order-received.php on line 33
[29-Mar-2026 04:38:50 UTC] PHP Warning:  Undefined variable $test_mode_link_src in /var/www/html/wp-content/plugins/woocommerce-epayco-api/templates/public/checkout/pse-checkout.php on line 55
[29-Mar-2026 04:38:50 UTC] PHP Warning:  Undefined variable $test_mode_link_src in /var/www/html/wp-content/plugins/woocommerce-epayco-api/templates/public/checkout/ticket-checkout.php on line 59
[29-Mar-2026 04:38:50 UTC] PHP Warning:  Undefined variable $test_mode_link_src in /var/www/html/wp-content/plugins/woocommerce-epayco-api/templates/public/checkout/daviplata-checkout.php on line 59
[29-Mar-2026 04:38:52 UTC] PHP Warning:  Undefined variable $test_mode_link_src in /var/www/html/wp-content/plugins/woocommerce-epayco-api/templates/public/checkout/pse-checkout.php on line 55
[29-Mar-2026 04:38:52 UTC] PHP Warning:  Undefined variable $test_mode_link_src in /var/www/html/wp-content/plugins/woocommerce-epayco-api/templates/public/checkout/ticket-checkout.php on line 59
[29-Mar-2026 04:38:52 UTC] PHP Warning:  Undefined variable $test_mode_link_src in /var/www/html/wp-content/plugins/woocommerce-epayco-api/templates/public/checkout/daviplata-checkout.php on line 59
[29-Mar-2026 04:38:54 UTC] PHP Warning:  Undefined variable $test_mode_link_src in /var/www/html/wp-content/plugins/woocommerce-epayco-api/templates/public/checkout/pse-checkout.php on line 55
[29-Mar-2026 04:38:54 UTC] PHP Warning:  Undefined variable $test_mode_link_src in /var/www/html/wp-content/plugins/woocommerce-epayco-api/templates/public/checkout/ticket-checkout.php on line 59
[29-Mar-2026 04:38:54 UTC] PHP Warning:  Undefined variable $test_mode_link_src in /var/www/html/wp-content/plugins/woocommerce-epayco-api/templates/public/checkout/daviplata-checkout.php on line 59
[29-Mar-2026 04:38:59 UTC] PHP Warning:  Undefined variable $test_mode_link_src in /var/www/html/wp-content/plugins/woocommerce-epayco-api/templates/public/checkout/pse-checkout.php on line 55
[29-Mar-2026 04:38:59 UTC] PHP Warning:  Undefined variable $test_mode_link_src in /var/www/html/wp-content/plugins/woocommerce-epayco-api/templates/public/checkout/ticket-checkout.php on line 59
[29-Mar-2026 04:38:59 UTC] PHP Warning:  Undefined variable $test_mode_link_src in /var/www/html/wp-content/plugins/woocommerce-epayco-api/templates/public/checkout/daviplata-checkout.php on line 59
[29-Mar-2026 04:39:53 UTC] PHP Warning:  Undefined array key "x_ref_payco" in /var/www/html/wp-content/plugins/woocommerce-epayco-api/src/Gateways/AbstractGateway.php on line 331
[29-Mar-2026 04:39:54 UTC] Error en la respuesta de la API de ePayco, código de estado: 503
[29-Mar-2026 04:40:15 UTC] PHP Fatal error:  Uncaught Exception: ID del pedido no válido en la llamada a read_multiple() in /var/www/html/wp-content/plugins/woocommerce/src/Internal/DataStores/Orders/OrdersTableDataStore.php:1357
Stack trace:
#0 /var/www/html/wp-content/plugins/woocommerce/src/Internal/DataStores/Orders/OrdersTableDataStore.php(1342): Automattic\WooCommerce\Internal\DataStores\Orders\OrdersTableDataStore->read_multiple(Array)
#1 /var/www/html/wp-content/plugins/woocommerce/includes/class-wc-data-store.php(159): Automattic\WooCommerce\Internal\DataStores\Orders\OrdersTableDataStore->read(Object(WC_Order))
#2 /var/www/html/wp-content/plugins/woocommerce/includes/abstracts/abstract-wc-order.php(141): WC_Data_Store->read(Object(WC_Order))
#3 /var/www/html/wp-content/plugins/woocommerce-epayco-api/src/Gateways/AbstractGateway.php(328): WC_Abstract_Order->__construct('73')
#4 /var/www/html/wp-includes/class-wp-hook.php(341): Epayco\Woocommerce\Gateways\AbstractGateway->webhook('')
#5 /var/www/html/wp-includes/class-wp-hook.php(365): WP_Hook->apply_filters('', Array)
#6 /var/www/html/wp-includes/plugin.php(522): WP_Hook->do_action(Array)
#7 /var/www/html/wp-content/plugins/woocommerce/src/Internal/Utilities/LegacyRestApiStub.php(166): do_action('woocommerce_api...')
#8 /var/www/html/wp-content/plugins/woocommerce/src/Internal/Utilities/LegacyRestApiStub.php(95): Automattic\WooCommerce\Internal\Utilities\LegacyRestApiStub::maybe_process_wc_api_query_var()
#9 /var/www/html/wp-includes/class-wp-hook.php(341): Automattic\WooCommerce\Internal\Utilities\LegacyRestApiStub::parse_legacy_rest_api_request(Object(WP))
#10 /var/www/html/wp-includes/class-wp-hook.php(365): WP_Hook->apply_filters(NULL, Array)
#11 /var/www/html/wp-includes/plugin.php(570): WP_Hook->do_action(Array)
#12 /var/www/html/wp-includes/class-wp.php(418): do_action_ref_array('parse_request', Array)
#13 /var/www/html/wp-includes/class-wp.php(821): WP->parse_request('')
#14 /var/www/html/wp-includes/functions.php(1343): WP->main('')
#15 /var/www/html/wp-blog-header.php(16): wp()
#16 /var/www/html/index.php(17): require('/var/www/html/w...')
#17 {main}
  thrown in /var/www/html/wp-content/plugins/woocommerce/src/Internal/DataStores/Orders/OrdersTableDataStore.php on line 1357
[29-Mar-2026 04:40:18 UTC] PHP Fatal error:  Uncaught Exception: ID del pedido no válido en la llamada a read_multiple() in /var/www/html/wp-content/plugins/woocommerce/src/Internal/DataStores/Orders/OrdersTableDataStore.php:1357
Stack trace:
#0 /var/www/html/wp-content/plugins/woocommerce/src/Internal/DataStores/Orders/OrdersTableDataStore.php(1342): Automattic\WooCommerce\Internal\DataStores\Orders\OrdersTableDataStore->read_multiple(Array)
#1 /var/www/html/wp-content/plugins/woocommerce/includes/class-wc-data-store.php(159): Automattic\WooCommerce\Internal\DataStores\Orders\OrdersTableDataStore->read(Object(WC_Order))
#2 /var/www/html/wp-content/plugins/woocommerce/includes/abstracts/abstract-wc-order.php(141): WC_Data_Store->read(Object(WC_Order))
#3 /var/www/html/wp-content/plugins/woocommerce-epayco-api/src/Gateways/AbstractGateway.php(328): WC_Abstract_Order->__construct('73')
#4 /var/www/html/wp-includes/class-wp-hook.php(341): Epayco\Woocommerce\Gateways\AbstractGateway->webhook('')
#5 /var/www/html/wp-includes/class-wp-hook.php(365): WP_Hook->apply_filters('', Array)
#6 /var/www/html/wp-includes/plugin.php(522): WP_Hook->do_action(Array)
#7 /var/www/html/wp-content/plugins/woocommerce/src/Internal/Utilities/LegacyRestApiStub.php(166): do_action('woocommerce_api...')
#8 /var/www/html/wp-content/plugins/woocommerce/src/Internal/Utilities/LegacyRestApiStub.php(95): Automattic\WooCommerce\Internal\Utilities\LegacyRestApiStub::maybe_process_wc_api_query_var()
#9 /var/www/html/wp-includes/class-wp-hook.php(341): Automattic\WooCommerce\Internal\Utilities\LegacyRestApiStub::parse_legacy_rest_api_request(Object(WP))
#10 /var/www/html/wp-includes/class-wp-hook.php(365): WP_Hook->apply_filters(NULL, Array)
#11 /var/www/html/wp-includes/plugin.php(570): WP_Hook->do_action(Array)
#12 /var/www/html/wp-includes/class-wp.php(418): do_action_ref_array('parse_request', Array)
#13 /var/www/html/wp-includes/class-wp.php(821): WP->parse_request('')
#14 /var/www/html/wp-includes/functions.php(1343): WP->main('')
#15 /var/www/html/wp-blog-header.php(16): wp()
#16 /var/www/html/index.php(17): require('/var/www/html/w...')
#17 {main}
  thrown in /var/www/html/wp-content/plugins/woocommerce/src/Internal/DataStores/Orders/OrdersTableDataStore.php on line 1357
[29-Mar-2026 04:40:32 UTC] PHP Warning:  Undefined array key "x_ref_payco" in /var/www/html/wp-content/plugins/woocommerce-epayco-api/src/Gateways/AbstractGateway.php on line 331
[29-Mar-2026 04:41:13 UTC] Error en la respuesta de la API de ePayco, código de estado: 503
[29-Mar-2026 04:41:29 UTC] PHP Warning:  Undefined array key "x_ref_payco" in /var/www/html/wp-content/plugins/woocommerce-epayco-api/src/Gateways/AbstractGateway.php on line 331
[29-Mar-2026 04:41:48 UTC] PHP Warning:  Undefined variable $test_mode_link_src in /var/www/html/wp-content/plugins/woocommerce-epayco-api/templates/public/checkout/pse-checkout.php on line 55
[29-Mar-2026 04:41:48 UTC] PHP Warning:  Undefined variable $test_mode_link_src in /var/www/html/wp-content/plugins/woocommerce-epayco-api/templates/public/checkout/ticket-checkout.php on line 59
[29-Mar-2026 04:41:48 UTC] PHP Warning:  Undefined variable $test_mode_link_src in /var/www/html/wp-content/plugins/woocommerce-epayco-api/templates/public/checkout/daviplata-checkout.php on line 59
[29-Mar-2026 04:41:50 UTC] PHP Warning:  Undefined variable $test_mode_link_src in /var/www/html/wp-content/plugins/woocommerce-epayco-api/templates/public/checkout/pse-checkout.php on line 55
[29-Mar-2026 04:41:50 UTC] PHP Warning:  Undefined variable $test_mode_link_src in /var/www/html/wp-content/plugins/woocommerce-epayco-api/templates/public/checkout/ticket-checkout.php on line 59
[29-Mar-2026 04:41:50 UTC] PHP Warning:  Undefined variable $test_mode_link_src in /var/www/html/wp-content/plugins/woocommerce-epayco-api/templates/public/checkout/daviplata-checkout.php on line 59
[29-Mar-2026 04:41:52 UTC] PHP Warning:  Undefined variable $test_mode_link_src in /var/www/html/wp-content/plugins/woocommerce-epayco-api/templates/public/checkout/pse-checkout.php on line 55
[29-Mar-2026 04:41:52 UTC] PHP Warning:  Undefined variable $test_mode_link_src in /var/www/html/wp-content/plugins/woocommerce-epayco-api/templates/public/checkout/ticket-checkout.php on line 59
[29-Mar-2026 04:41:52 UTC] PHP Warning:  Undefined variable $test_mode_link_src in /var/www/html/wp-content/plugins/woocommerce-epayco-api/templates/public/checkout/daviplata-checkout.php on line 59
[29-Mar-2026 04:41:56 UTC] PHP Warning:  Undefined variable $test_mode_link_src in /var/www/html/wp-content/plugins/woocommerce-epayco-api/templates/public/checkout/ticket-checkout.php on line 59
[29-Mar-2026 04:41:57 UTC] PHP Warning:  Undefined variable $test_mode_link_src in /var/www/html/wp-content/plugins/woocommerce-epayco-api/templates/public/checkout/ticket-checkout.php on line 59
[29-Mar-2026 04:43:26 UTC] PHP Warning:  Undefined array key "x_ref_payco" in /var/www/html/wp-content/plugins/woocommerce-epayco-api/src/Gateways/AbstractGateway.php on line 331
[29-Mar-2026 04:44:13 UTC] PHP Warning:  Undefined variable $test_mode_link_src in /var/www/html/wp-content/plugins/woocommerce-epayco-api/templates/public/checkout/pse-checkout.php on line 55
[29-Mar-2026 04:44:13 UTC] PHP Warning:  Undefined variable $test_mode_link_src in /var/www/html/wp-content/plugins/woocommerce-epayco-api/templates/public/checkout/ticket-checkout.php on line 59
[29-Mar-2026 04:44:13 UTC] PHP Warning:  Undefined variable $test_mode_link_src in /var/www/html/wp-content/plugins/woocommerce-epayco-api/templates/public/checkout/daviplata-checkout.php on line 59
[29-Mar-2026 04:44:15 UTC] PHP Warning:  Undefined variable $test_mode_link_src in /var/www/html/wp-content/plugins/woocommerce-epayco-api/templates/public/checkout/pse-checkout.php on line 55
[29-Mar-2026 04:44:15 UTC] PHP Warning:  Undefined variable $test_mode_link_src in /var/www/html/wp-content/plugins/woocommerce-epayco-api/templates/public/checkout/ticket-checkout.php on line 59
[29-Mar-2026 04:44:15 UTC] PHP Warning:  Undefined variable $test_mode_link_src in /var/www/html/wp-content/plugins/woocommerce-epayco-api/templates/public/checkout/daviplata-checkout.php on line 59
[29-Mar-2026 04:44:17 UTC] PHP Warning:  Undefined variable $test_mode_link_src in /var/www/html/wp-content/plugins/woocommerce-epayco-api/templates/public/checkout/pse-checkout.php on line 55
[29-Mar-2026 04:44:17 UTC] PHP Warning:  Undefined variable $test_mode_link_src in /var/www/html/wp-content/plugins/woocommerce-epayco-api/templates/public/checkout/ticket-checkout.php on line 59
[29-Mar-2026 04:44:17 UTC] PHP Warning:  Undefined variable $test_mode_link_src in /var/www/html/wp-content/plugins/woocommerce-epayco-api/templates/public/checkout/daviplata-checkout.php on line 59
[29-Mar-2026 04:44:18 UTC] PHP Warning:  Undefined variable $test_mode_link_src in /var/www/html/wp-content/plugins/woocommerce-epayco-api/templates/public/checkout/daviplata-checkout.php on line 59
[29-Mar-2026 04:44:22 UTC] PHP Warning:  Undefined variable $test_mode_link_src in /var/www/html/wp-content/plugins/woocommerce-epayco-api/templates/public/checkout/daviplata-checkout.php on line 59
[29-Mar-2026 04:44:23 UTC] PHP Warning:  Undefined variable $test_mode_link_src in /var/www/html/wp-content/plugins/woocommerce-epayco-api/templates/public/checkout/daviplata-checkout.php on line 59
[29-Mar-2026 04:44:36 UTC] PHP Warning:  Undefined array key "" in /var/www/html/wp-content/plugins/woocommerce-epayco-api/src/Gateways/DaviplataGateway.php on line 324
[29-Mar-2026 04:44:36 UTC] PHP Warning:  Trying to access array offset on null in /var/www/html/wp-content/plugins/woocommerce-epayco-api/src/Gateways/DaviplataGateway.php on line 324
[29-Mar-2026 04:44:36 UTC] PHP Deprecated:  Creation of dynamic property Epayco\Woocommerce\Gateways\DaviplataGateway::$transaction is deprecated in /var/www/html/wp-content/plugins/woocommerce-epayco-api/src/Gateways/DaviplataGateway.php on line 327
[29-Mar-2026 04:44:38 UTC] Respuesta inv��lida al obtener m��todos de pago mensaje Error Error inesperado

[29-Mar-2026 04:44:38 UTC] order_key was called incorrectly. Order properties should not be accessed directly. Backtrace: require('wp-blog-header.php'), require_once('wp-includes/template-loader.php'), do_action('template_redirect'), WP_Hook->do_action, WP_Hook->apply_filters, WC_AJAX::do_wc_ajax, do_action('wc_ajax_checkout'), WP_Hook->do_action, WP_Hook->apply_filters, WC_AJAX::checkout, WC_Checkout->process_checkout, WC_Checkout->process_order_payment, Epayco\Woocommerce\Gateways\DaviplataGateway->process_payment, Epayco\Woocommerce\Gateways\AbstractGateway->returnFail, WC_Abstract_Legacy_Order->__get, wc_doing_it_wrong. This message was added in version 3.0.
[29-Mar-2026 04:44:38 UTC] The woocommerce_get_page_id function is deprecated since version 3.0. Replace with wc_get_page_id.
[29-Mar-2026 04:44:38 UTC] The wc_get_page_id argument is deprecated since version 2.1. The "pay" and "thanks" pages are no-longer used - an endpoint is added to the checkout instead. To get a valid link use the WC_Order::get_checkout_payment_url() or WC_Order::get_checkout_order_received_url() methods instead.
[29-Mar-2026 04:45:15 UTC] PHP Warning:  Undefined array key "" in /var/www/html/wp-content/plugins/woocommerce-epayco-api/src/Gateways/DaviplataGateway.php on line 324
[29-Mar-2026 04:45:15 UTC] PHP Warning:  Trying to access array offset on null in /var/www/html/wp-content/plugins/woocommerce-epayco-api/src/Gateways/DaviplataGateway.php on line 324
[29-Mar-2026 04:45:15 UTC] PHP Deprecated:  Creation of dynamic property Epayco\Woocommerce\Gateways\DaviplataGateway::$transaction is deprecated in /var/www/html/wp-content/plugins/woocommerce-epayco-api/src/Gateways/DaviplataGateway.php on line 327
[29-Mar-2026 04:45:17 UTC] PHP Warning:  Undefined array key "congrats_title" in /var/www/html/wp-content/plugins/woocommerce-epayco-api/src/Gateways/DaviplataGateway.php on line 342
[29-Mar-2026 04:45:17 UTC] PHP Warning:  Undefined array key "congrats_subtitle" in /var/www/html/wp-content/plugins/woocommerce-epayco-api/src/Gateways/DaviplataGateway.php on line 344
[29-Mar-2026 04:45:46 UTC] PHP Warning:  Undefined array key "x_ref_payco" in /var/www/html/wp-content/plugins/woocommerce-epayco-api/src/Gateways/AbstractGateway.php on line 331
[29-Mar-2026 04:46:48 UTC] PHP Warning:  Undefined array key "" in /var/www/html/wp-content/plugins/woocommerce-epayco-api/src/Gateways/DaviplataGateway.php on line 324
[29-Mar-2026 04:46:48 UTC] PHP Warning:  Trying to access array offset on null in /var/www/html/wp-content/plugins/woocommerce-epayco-api/src/Gateways/DaviplataGateway.php on line 324
[29-Mar-2026 04:46:48 UTC] PHP Deprecated:  Creation of dynamic property Epayco\Woocommerce\Gateways\DaviplataGateway::$transaction is deprecated in /var/www/html/wp-content/plugins/woocommerce-epayco-api/src/Gateways/DaviplataGateway.php on line 327
[29-Mar-2026 04:46:50 UTC] PHP Warning:  Undefined array key "congrats_title" in /var/www/html/wp-content/plugins/woocommerce-epayco-api/src/Gateways/DaviplataGateway.php on line 342
[29-Mar-2026 04:46:50 UTC] PHP Warning:  Undefined array key "congrats_subtitle" in /var/www/html/wp-content/plugins/woocommerce-epayco-api/src/Gateways/DaviplataGateway.php on line 344
[29-Mar-2026 04:47:11 UTC] PHP Warning:  Undefined array key "x_ref_payco" in /var/www/html/wp-content/plugins/woocommerce-epayco-api/src/Gateways/AbstractGateway.php on line 331
[29-Mar-2026 04:47:19 UTC] Error en la respuesta de la API de ePayco, código de estado: 503
[29-Mar-2026 04:48:31 UTC] PHP Fatal error:  Uncaught Error: Access to undeclared static property Epayco\Woocommerce\Gateways\CheckoutGateway::$logger in /var/www/html/wp-content/plugins/woocommerce-epayco-api/src/Gateways/CheckoutGateway.php:753
Stack trace:
#0 /var/www/html/wp-content/plugins/woocommerce-epayco-api/src/Gateways/CheckoutGateway.php(723): Epayco\Woocommerce\Gateways\CheckoutGateway->epayco_realizar_llamada_api('login', Array, Array)
#1 /var/www/html/wp-content/plugins/woocommerce-epayco-api/src/Gateways/CheckoutGateway.php(321): Epayco\Woocommerce\Gateways\CheckoutGateway->epyacoBerarToken()
#2 /var/www/html/wp-content/plugins/woocommerce-epayco-api/src/Gateways/CheckoutGateway.php(507): Epayco\Woocommerce\Gateways\CheckoutGateway->generate_epayco_form(81)
#3 /var/www/html/wp-includes/class-wp-hook.php(341): Epayco\Woocommerce\Gateways\CheckoutGateway->receiptPage(81)
#4 /var/www/html/wp-includes/class-wp-hook.php(365): WP_Hook->apply_filters('', Array)
#5 /var/www/html/wp-includes/plugin.php(522): WP_Hook->do_action(Array)
#6 /var/www/html/wp-content/plugins/woocommerce/templates/checkout/order-receipt.php(44): do_action('woocommerce_rec...', 81)
#7 /var/www/html/wp-content/plugins/woocommerce/includes/wc-core-functions.php(350): include('/var/www/html/w...')
#8 /var/www/html/wp-content/plugins/woocommerce/includes/shortcodes/class-wc-shortcode-checkout.php(243): wc_get_template('checkout/order-...', Array)
#9 /var/www/html/wp-content/plugins/woocommerce/includes/shortcodes/class-wc-shortcode-checkout.php(62): WC_Shortcode_Checkout::order_pay(81)
#10 /var/www/html/wp-content/plugins/woocommerce/includes/class-wc-shortcodes.php(75): WC_Shortcode_Checkout::output(Array)
#11 /var/www/html/wp-content/plugins/woocommerce/includes/class-wc-shortcodes.php(98): WC_Shortcodes::shortcode_wrapper(Array, Array)
#12 /var/www/html/wp-includes/shortcodes.php(434): WC_Shortcodes::checkout(Array, '', 'woocommerce_che...')
#13 [internal function]: do_shortcode_tag(Array)
#14 /var/www/html/wp-includes/shortcodes.php(273): preg_replace_callback('/\\[(\\[?)(woocom...', 'do_shortcode_ta...', '[woocommerce_ch...')
#15 /var/www/html/wp-content/plugins/woocommerce/src/Blocks/BlockTypes/Checkout.php(230): do_shortcode('[woocommerce_ch...')
#16 /var/www/html/wp-content/plugins/woocommerce/src/Blocks/BlockTypes/AbstractBlock.php(98): Automattic\WooCommerce\Blocks\BlockTypes\Checkout->render(Array, '\n<div class="wp...', Object(WP_Block))
#17 /var/www/html/wp-includes/class-wp-block.php(599): Automattic\WooCommerce\Blocks\BlockTypes\AbstractBlock->render_callback(Array, '\n<div class="wp...', Object(WP_Block))
#18 /var/www/html/wp-includes/blocks.php(2383): WP_Block->render()
#19 /var/www/html/wp-includes/blocks.php(2466): render_block(Array)
#20 /var/www/html/wp-includes/class-wp-hook.php(341): do_blocks('<!-- wp:woocomm...')
#21 /var/www/html/wp-includes/plugin.php(205): WP_Hook->apply_filters('<!-- wp:woocomm...', Array)
#22 /var/www/html/wp-includes/blocks/post-content.php(50): apply_filters('the_content', '<!-- wp:woocomm...')
#23 /var/www/html/wp-includes/class-wp-block.php(599): render_block_core_post_content(Array, '<!-- wp:woocomm...', Object(WP_Block))
#24 /var/www/html/wp-includes/class-wp-block.php(579): WP_Block->render()
#25 /var/www/html/wp-includes/class-wp-block.php(579): WP_Block->render()
#26 /var/www/html/wp-includes/blocks.php(2383): WP_Block->render()
#27 /var/www/html/wp-includes/blocks.php(2466): render_block(Array)
#28 /var/www/html/wp-includes/block-template.php(291): do_blocks('<!-- wp:templat...')
#29 /var/www/html/wp-includes/template-canvas.php(12): get_the_block_template_html()
#30 /var/www/html/wp-includes/template-loader.php(132): include('/var/www/html/w...')
#31 /var/www/html/wp-blog-header.php(19): require_once('/var/www/html/w...')
#32 /var/www/html/index.php(17): require('/var/www/html/w...')
#33 {main}
  thrown in /var/www/html/wp-content/plugins/woocommerce-epayco-api/src/Gateways/CheckoutGateway.php on line 753
[29-Mar-2026 04:51:50 UTC] Error en la respuesta de la API de ePayco, código de estado: 503
[29-Mar-2026 04:52:15 UTC] PHP Parse error:  syntax error, unexpected single-quoted string " <div class="loader-container">" in /var/www/html/wp-content/plugins/woocommerce-epayco-api/src/Gateways/CheckoutGateway.php on line 474
[29-Mar-2026 04:52:15 UTC] PHP Notice:  La función _load_textdomain_just_in_time ha sido llamada <strong>de forma incorrecta</strong>. La carga de traducciones para el dominio <code>woocommerce</code> se activó demasiado pronto. Esto suele indicar que algún código en el plugin o tema se está ejecutando antes de tiempo. Las traducciones deben cargarse en la acción <code>init</code> o más tarde. Por favor, visita <a href="https://developer.wordpress.org/advanced-administration/debug/debug-wordpress/">Depuración en WordPress</a> para más información. (Este mensaje se añadió en la versión 6.7.0.) in /var/www/html/wp-includes/functions.php on line 6131
[29-Mar-2026 04:52:19 UTC] PHP Parse error:  syntax error, unexpected single-quoted string " <div class="loader-container">" in /var/www/html/wp-content/plugins/woocommerce-epayco-api/src/Gateways/CheckoutGateway.php on line 474
[29-Mar-2026 04:52:19 UTC] PHP Notice:  La función _load_textdomain_just_in_time ha sido llamada <strong>de forma incorrecta</strong>. La carga de traducciones para el dominio <code>woocommerce</code> se activó demasiado pronto. Esto suele indicar que algún código en el plugin o tema se está ejecutando antes de tiempo. Las traducciones deben cargarse en la acción <code>init</code> o más tarde. Por favor, visita <a href="https://developer.wordpress.org/advanced-administration/debug/debug-wordpress/">Depuración en WordPress</a> para más información. (Este mensaje se añadió en la versión 6.7.0.) in /var/www/html/wp-includes/functions.php on line 6131
[29-Mar-2026 04:52:50 UTC] PHP Warning:  Undefined array key "referencePayco" in /var/www/html/wp-content/plugins/woocommerce-epayco-api/src/Gateways/AbstractGateway.php on line 378
[29-Mar-2026 04:52:50 UTC] PHP Warning:  Undefined array key "status" in /var/www/html/wp-content/plugins/woocommerce-epayco-api/src/Gateways/AbstractGateway.php on line 379
[29-Mar-2026 04:52:50 UTC] PHP Warning:  Undefined array key "referencePayco" in /var/www/html/wp-content/plugins/woocommerce-epayco-api/src/Gateways/AbstractGateway.php on line 378
[29-Mar-2026 04:52:50 UTC] PHP Warning:  Undefined array key "status" in /var/www/html/wp-content/plugins/woocommerce-epayco-api/src/Gateways/AbstractGateway.php on line 379
[29-Mar-2026 04:54:44 UTC] PHP Warning:  Undefined array key "epayco_lang" in /var/www/html/wp-content/plugins/woocommerce-epayco-api/src/Gateways/CheckoutGateway.php on line 479
[29-Mar-2026 04:54:44 UTC] PHP Fatal error:  Uncaught Error: Class "Epayco\Woocommerce\Gateways\WC_Order" not found in /var/www/html/wp-content/plugins/woocommerce-epayco-api/src/Gateways/CheckoutGateway.php:272
Stack trace:
#0 /var/www/html/wp-content/plugins/woocommerce-epayco-api/src/Gateways/CheckoutGateway.php(491): Epayco\Woocommerce\Gateways\CheckoutGateway->generate_epayco_form(81)
#1 /var/www/html/wp-includes/class-wp-hook.php(341): Epayco\Woocommerce\Gateways\CheckoutGateway->receiptPage(81)
#2 /var/www/html/wp-includes/class-wp-hook.php(365): WP_Hook->apply_filters('', Array)
#3 /var/www/html/wp-includes/plugin.php(522): WP_Hook->do_action(Array)
#4 /var/www/html/wp-content/plugins/woocommerce/templates/checkout/order-receipt.php(44): do_action('woocommerce_rec...', 81)
#5 /var/www/html/wp-content/plugins/woocommerce/includes/wc-core-functions.php(350): include('/var/www/html/w...')
#6 /var/www/html/wp-content/plugins/woocommerce/includes/shortcodes/class-wc-shortcode-checkout.php(243): wc_get_template('checkout/order-...', Array)
#7 /var/www/html/wp-content/plugins/woocommerce/includes/shortcodes/class-wc-shortcode-checkout.php(62): WC_Shortcode_Checkout::order_pay(81)
#8 /var/www/html/wp-content/plugins/woocommerce/includes/class-wc-shortcodes.php(75): WC_Shortcode_Checkout::output(Array)
#9 /var/www/html/wp-content/plugins/woocommerce/includes/class-wc-shortcodes.php(98): WC_Shortcodes::shortcode_wrapper(Array, Array)
#10 /var/www/html/wp-includes/shortcodes.php(434): WC_Shortcodes::checkout(Array, '', 'woocommerce_che...')
#11 [internal function]: do_shortcode_tag(Array)
#12 /var/www/html/wp-includes/shortcodes.php(273): preg_replace_callback('/\\[(\\[?)(woocom...', 'do_shortcode_ta...', '[woocommerce_ch...')
#13 /var/www/html/wp-content/plugins/woocommerce/src/Blocks/BlockTypes/Checkout.php(230): do_shortcode('[woocommerce_ch...')
#14 /var/www/html/wp-content/plugins/woocommerce/src/Blocks/BlockTypes/AbstractBlock.php(98): Automattic\WooCommerce\Blocks\BlockTypes\Checkout->render(Array, '\n<div class="wp...', Object(WP_Block))
#15 /var/www/html/wp-includes/class-wp-block.php(599): Automattic\WooCommerce\Blocks\BlockTypes\AbstractBlock->render_callback(Array, '\n<div class="wp...', Object(WP_Block))
#16 /var/www/html/wp-includes/blocks.php(2383): WP_Block->render()
#17 /var/www/html/wp-includes/blocks.php(2466): render_block(Array)
#18 /var/www/html/wp-includes/class-wp-hook.php(341): do_blocks('<!-- wp:woocomm...')
#19 /var/www/html/wp-includes/plugin.php(205): WP_Hook->apply_filters('<!-- wp:woocomm...', Array)
#20 /var/www/html/wp-includes/blocks/post-content.php(50): apply_filters('the_content', '<!-- wp:woocomm...')
#21 /var/www/html/wp-includes/class-wp-block.php(599): render_block_core_post_content(Array, '<!-- wp:woocomm...', Object(WP_Block))
#22 /var/www/html/wp-includes/class-wp-block.php(579): WP_Block->render()
#23 /var/www/html/wp-includes/class-wp-block.php(579): WP_Block->render()
#24 /var/www/html/wp-includes/blocks.php(2383): WP_Block->render()
#25 /var/www/html/wp-includes/blocks.php(2466): render_block(Array)
#26 /var/www/html/wp-includes/block-template.php(291): do_blocks('<!-- wp:templat...')
#27 /var/www/html/wp-includes/template-canvas.php(12): get_the_block_template_html()
#28 /var/www/html/wp-includes/template-loader.php(132): include('/var/www/html/w...')
#29 /var/www/html/wp-blog-header.php(19): require_once('/var/www/html/w...')
#30 /var/www/html/index.php(17): require('/var/www/html/w...')
#31 {main}
  thrown in /var/www/html/wp-content/plugins/woocommerce-epayco-api/src/Gateways/CheckoutGateway.php on line 272
[29-Mar-2026 04:55:52 UTC] PHP Warning:  Undefined array key "epayco_lang" in /var/www/html/wp-content/plugins/woocommerce-epayco-api/src/Gateways/CheckoutGateway.php on line 479
[29-Mar-2026 04:55:52 UTC] PHP Fatal error:  Uncaught Error: Class "Epayco\Woocommerce\Gateways\WC_Order" not found in /var/www/html/wp-content/plugins/woocommerce-epayco-api/src/Gateways/CheckoutGateway.php:272
Stack trace:
#0 /var/www/html/wp-content/plugins/woocommerce-epayco-api/src/Gateways/CheckoutGateway.php(491): Epayco\Woocommerce\Gateways\CheckoutGateway->generate_epayco_form(82)
#1 /var/www/html/wp-includes/class-wp-hook.php(341): Epayco\Woocommerce\Gateways\CheckoutGateway->receiptPage(82)
#2 /var/www/html/wp-includes/class-wp-hook.php(365): WP_Hook->apply_filters('', Array)
#3 /var/www/html/wp-includes/plugin.php(522): WP_Hook->do_action(Array)
#4 /var/www/html/wp-content/plugins/woocommerce/templates/checkout/order-receipt.php(44): do_action('woocommerce_rec...', 82)
#5 /var/www/html/wp-content/plugins/woocommerce/includes/wc-core-functions.php(350): include('/var/www/html/w...')
#6 /var/www/html/wp-content/plugins/woocommerce/includes/shortcodes/class-wc-shortcode-checkout.php(243): wc_get_template('checkout/order-...', Array)
#7 /var/www/html/wp-content/plugins/woocommerce/includes/shortcodes/class-wc-shortcode-checkout.php(62): WC_Shortcode_Checkout::order_pay(82)
#8 /var/www/html/wp-content/plugins/woocommerce/includes/class-wc-shortcodes.php(75): WC_Shortcode_Checkout::output(Array)
#9 /var/www/html/wp-content/plugins/woocommerce/includes/class-wc-shortcodes.php(98): WC_Shortcodes::shortcode_wrapper(Array, Array)
#10 /var/www/html/wp-includes/shortcodes.php(434): WC_Shortcodes::checkout(Array, '', 'woocommerce_che...')
#11 [internal function]: do_shortcode_tag(Array)
#12 /var/www/html/wp-includes/shortcodes.php(273): preg_replace_callback('/\\[(\\[?)(woocom...', 'do_shortcode_ta...', '[woocommerce_ch...')
#13 /var/www/html/wp-content/plugins/woocommerce/src/Blocks/BlockTypes/Checkout.php(230): do_shortcode('[woocommerce_ch...')
#14 /var/www/html/wp-content/plugins/woocommerce/src/Blocks/BlockTypes/AbstractBlock.php(98): Automattic\WooCommerce\Blocks\BlockTypes\Checkout->render(Array, '\n<div class="wp...', Object(WP_Block))
#15 /var/www/html/wp-includes/class-wp-block.php(599): Automattic\WooCommerce\Blocks\BlockTypes\AbstractBlock->render_callback(Array, '\n<div class="wp...', Object(WP_Block))
#16 /var/www/html/wp-includes/blocks.php(2383): WP_Block->render()
#17 /var/www/html/wp-includes/blocks.php(2466): render_block(Array)
#18 /var/www/html/wp-includes/class-wp-hook.php(341): do_blocks('<!-- wp:woocomm...')
#19 /var/www/html/wp-includes/plugin.php(205): WP_Hook->apply_filters('<!-- wp:woocomm...', Array)
#20 /var/www/html/wp-includes/blocks/post-content.php(50): apply_filters('the_content', '<!-- wp:woocomm...')
#21 /var/www/html/wp-includes/class-wp-block.php(599): render_block_core_post_content(Array, '<!-- wp:woocomm...', Object(WP_Block))
#22 /var/www/html/wp-includes/class-wp-block.php(579): WP_Block->render()
#23 /var/www/html/wp-includes/class-wp-block.php(579): WP_Block->render()
#24 /var/www/html/wp-includes/blocks.php(2383): WP_Block->render()
#25 /var/www/html/wp-includes/blocks.php(2466): render_block(Array)
#26 /var/www/html/wp-includes/block-template.php(291): do_blocks('<!-- wp:templat...')
#27 /var/www/html/wp-includes/template-canvas.php(12): get_the_block_template_html()
#28 /var/www/html/wp-includes/template-loader.php(132): include('/var/www/html/w...')
#29 /var/www/html/wp-blog-header.php(19): require_once('/var/www/html/w...')
#30 /var/www/html/index.php(17): require('/var/www/html/w...')
#31 {main}
  thrown in /var/www/html/wp-content/plugins/woocommerce-epayco-api/src/Gateways/CheckoutGateway.php on line 272
[29-Mar-2026 04:56:18 UTC] Error en la respuesta de la API de ePayco, código de estado: 503
[29-Mar-2026 04:58:09 UTC] PHP Warning:  Undefined array key "epayco_lang" in /var/www/html/wp-content/plugins/woocommerce-epayco-api/src/Gateways/CheckoutGateway.php on line 480
[29-Mar-2026 04:58:09 UTC] PHP Warning:  Undefined array key "epayco_testmode" in /var/www/html/wp-content/plugins/woocommerce-epayco-api/src/Gateways/CheckoutGateway.php on line 303
[29-Mar-2026 04:58:09 UTC] PHP Warning:  Undefined array key "epayco_lang" in /var/www/html/wp-content/plugins/woocommerce-epayco-api/src/Gateways/CheckoutGateway.php on line 310
[29-Mar-2026 04:58:09 UTC] PHP Fatal error:  Uncaught Error: Class "Epayco\Woocommerce\Gateways\EpaycoOrder" not found in /var/www/html/wp-content/plugins/woocommerce-epayco-api/src/Gateways/CheckoutGateway.php:323
Stack trace:
#0 /var/www/html/wp-content/plugins/woocommerce-epayco-api/src/Gateways/CheckoutGateway.php(492): Epayco\Woocommerce\Gateways\CheckoutGateway->generate_epayco_form(82)
#1 /var/www/html/wp-includes/class-wp-hook.php(341): Epayco\Woocommerce\Gateways\CheckoutGateway->receiptPage(82)
#2 /var/www/html/wp-includes/class-wp-hook.php(365): WP_Hook->apply_filters('', Array)
#3 /var/www/html/wp-includes/plugin.php(522): WP_Hook->do_action(Array)
#4 /var/www/html/wp-content/plugins/woocommerce/templates/checkout/order-receipt.php(44): do_action('woocommerce_rec...', 82)
#5 /var/www/html/wp-content/plugins/woocommerce/includes/wc-core-functions.php(350): include('/var/www/html/w...')
#6 /var/www/html/wp-content/plugins/woocommerce/includes/shortcodes/class-wc-shortcode-checkout.php(243): wc_get_template('checkout/order-...', Array)
#7 /var/www/html/wp-content/plugins/woocommerce/includes/shortcodes/class-wc-shortcode-checkout.php(62): WC_Shortcode_Checkout::order_pay(82)
#8 /var/www/html/wp-content/plugins/woocommerce/includes/class-wc-shortcodes.php(75): WC_Shortcode_Checkout::output(Array)
#9 /var/www/html/wp-content/plugins/woocommerce/includes/class-wc-shortcodes.php(98): WC_Shortcodes::shortcode_wrapper(Array, Array)
#10 /var/www/html/wp-includes/shortcodes.php(434): WC_Shortcodes::checkout(Array, '', 'woocommerce_che...')
#11 [internal function]: do_shortcode_tag(Array)
#12 /var/www/html/wp-includes/shortcodes.php(273): preg_replace_callback('/\\[(\\[?)(woocom...', 'do_shortcode_ta...', '[woocommerce_ch...')
#13 /var/www/html/wp-content/plugins/woocommerce/src/Blocks/BlockTypes/Checkout.php(230): do_shortcode('[woocommerce_ch...')
#14 /var/www/html/wp-content/plugins/woocommerce/src/Blocks/BlockTypes/AbstractBlock.php(98): Automattic\WooCommerce\Blocks\BlockTypes\Checkout->render(Array, '\n<div class="wp...', Object(WP_Block))
#15 /var/www/html/wp-includes/class-wp-block.php(599): Automattic\WooCommerce\Blocks\BlockTypes\AbstractBlock->render_callback(Array, '\n<div class="wp...', Object(WP_Block))
#16 /var/www/html/wp-includes/blocks.php(2383): WP_Block->render()
#17 /var/www/html/wp-includes/blocks.php(2466): render_block(Array)
#18 /var/www/html/wp-includes/class-wp-hook.php(341): do_blocks('<!-- wp:woocomm...')
#19 /var/www/html/wp-includes/plugin.php(205): WP_Hook->apply_filters('<!-- wp:woocomm...', Array)
#20 /var/www/html/wp-includes/blocks/post-content.php(50): apply_filters('the_content', '<!-- wp:woocomm...')
#21 /var/www/html/wp-includes/class-wp-block.php(599): render_block_core_post_content(Array, '<!-- wp:woocomm...', Object(WP_Block))
#22 /var/www/html/wp-includes/class-wp-block.php(579): WP_Block->render()
#23 /var/www/html/wp-includes/class-wp-block.php(579): WP_Block->render()
#24 /var/www/html/wp-includes/blocks.php(2383): WP_Block->render()
#25 /var/www/html/wp-includes/blocks.php(2466): render_block(Array)
#26 /var/www/html/wp-includes/block-template.php(291): do_blocks('<!-- wp:templat...')
#27 /var/www/html/wp-includes/template-canvas.php(12): get_the_block_template_html()
#28 /var/www/html/wp-includes/template-loader.php(132): include('/var/www/html/w...')
#29 /var/www/html/wp-blog-header.php(19): require_once('/var/www/html/w...')
#30 /var/www/html/index.php(17): require('/var/www/html/w...')
#31 {main}
  thrown in /var/www/html/wp-content/plugins/woocommerce-epayco-api/src/Gateways/CheckoutGateway.php on line 323
[29-Mar-2026 04:58:53 UTC] PHP Warning:  Undefined array key "epayco_lang" in /var/www/html/wp-content/plugins/woocommerce-epayco-api/src/Gateways/CheckoutGateway.php on line 480
[29-Mar-2026 04:58:53 UTC] PHP Warning:  Undefined array key "epayco_testmode" in /var/www/html/wp-content/plugins/woocommerce-epayco-api/src/Gateways/CheckoutGateway.php on line 303
[29-Mar-2026 04:58:53 UTC] PHP Warning:  Undefined array key "epayco_lang" in /var/www/html/wp-content/plugins/woocommerce-epayco-api/src/Gateways/CheckoutGateway.php on line 310
[29-Mar-2026 04:58:54 UTC] PHP Warning:  Undefined array key "sessionId" in /var/www/html/wp-content/plugins/woocommerce-epayco-api/src/Gateways/CheckoutGateway.php on line 422
[29-Mar-2026 05:00:14 UTC] PHP Warning:  Undefined array key "epayco_lang" in /var/www/html/wp-content/plugins/woocommerce-epayco-api/src/Gateways/CheckoutGateway.php on line 480
[29-Mar-2026 05:00:14 UTC] PHP Warning:  Undefined array key "epayco_testmode" in /var/www/html/wp-content/plugins/woocommerce-epayco-api/src/Gateways/CheckoutGateway.php on line 303
[29-Mar-2026 05:00:14 UTC] PHP Warning:  Undefined array key "epayco_lang" in /var/www/html/wp-content/plugins/woocommerce-epayco-api/src/Gateways/CheckoutGateway.php on line 310
[29-Mar-2026 05:00:15 UTC] PHP Warning:  Undefined array key "sessionId" in /var/www/html/wp-content/plugins/woocommerce-epayco-api/src/Gateways/CheckoutGateway.php on line 422
[29-Mar-2026 05:00:38 UTC] PHP Warning:  Undefined array key "epayco_lang" in /var/www/html/wp-content/plugins/woocommerce-epayco-api/src/Gateways/CheckoutGateway.php on line 480
[29-Mar-2026 05:00:38 UTC] PHP Warning:  Undefined array key "epayco_testmode" in /var/www/html/wp-content/plugins/woocommerce-epayco-api/src/Gateways/CheckoutGateway.php on line 303
[29-Mar-2026 05:00:38 UTC] PHP Warning:  Undefined array key "epayco_lang" in /var/www/html/wp-content/plugins/woocommerce-epayco-api/src/Gateways/CheckoutGateway.php on line 310
[29-Mar-2026 05:00:39 UTC] PHP Warning:  Undefined array key "sessionId" in /var/www/html/wp-content/plugins/woocommerce-epayco-api/src/Gateways/CheckoutGateway.php on line 422
[29-Mar-2026 05:01:16 UTC] Error en la respuesta de la API de ePayco, código de estado: 503
[29-Mar-2026 05:01:53 UTC] PHP Warning:  Undefined array key "epayco_lang" in /var/www/html/wp-content/plugins/woocommerce-epayco-api/src/Gateways/CheckoutGateway.php on line 480
[29-Mar-2026 05:01:53 UTC] PHP Warning:  Undefined array key "epayco_testmode" in /var/www/html/wp-content/plugins/woocommerce-epayco-api/src/Gateways/CheckoutGateway.php on line 303
[29-Mar-2026 05:01:53 UTC] PHP Warning:  Undefined array key "epayco_lang" in /var/www/html/wp-content/plugins/woocommerce-epayco-api/src/Gateways/CheckoutGateway.php on line 310
[29-Mar-2026 05:01:54 UTC] PHP Warning:  Undefined array key "sessionId" in /var/www/html/wp-content/plugins/woocommerce-epayco-api/src/Gateways/CheckoutGateway.php on line 422
[29-Mar-2026 05:03:18 UTC] PHP Warning:  Undefined array key "epayco_lang" in /var/www/html/wp-content/plugins/woocommerce-epayco-api/src/Gateways/CheckoutGateway.php on line 480
[29-Mar-2026 05:03:18 UTC] PHP Warning:  Undefined array key "epayco_testmode" in /var/www/html/wp-content/plugins/woocommerce-epayco-api/src/Gateways/CheckoutGateway.php on line 303
[29-Mar-2026 05:03:18 UTC] PHP Fatal error:  Uncaught Error: Call to undefined method Epayco\Woocommerce\Gateways\CheckoutGateway::getCustomerIp() in /var/www/html/wp-content/plugins/woocommerce-epayco-api/src/Gateways/CheckoutGateway.php:309
Stack trace:
#0 /var/www/html/wp-content/plugins/woocommerce-epayco-api/src/Gateways/CheckoutGateway.php(492): Epayco\Woocommerce\Gateways\CheckoutGateway->generate_epayco_form(82)
#1 /var/www/html/wp-includes/class-wp-hook.php(341): Epayco\Woocommerce\Gateways\CheckoutGateway->receiptPage(82)
#2 /var/www/html/wp-includes/class-wp-hook.php(365): WP_Hook->apply_filters('', Array)
#3 /var/www/html/wp-includes/plugin.php(522): WP_Hook->do_action(Array)
#4 /var/www/html/wp-content/plugins/woocommerce/templates/checkout/order-receipt.php(44): do_action('woocommerce_rec...', 82)
#5 /var/www/html/wp-content/plugins/woocommerce/includes/wc-core-functions.php(350): include('/var/www/html/w...')
#6 /var/www/html/wp-content/plugins/woocommerce/includes/shortcodes/class-wc-shortcode-checkout.php(243): wc_get_template('checkout/order-...', Array)
#7 /var/www/html/wp-content/plugins/woocommerce/includes/shortcodes/class-wc-shortcode-checkout.php(62): WC_Shortcode_Checkout::order_pay(82)
#8 /var/www/html/wp-content/plugins/woocommerce/includes/class-wc-shortcodes.php(75): WC_Shortcode_Checkout::output(Array)
#9 /var/www/html/wp-content/plugins/woocommerce/includes/class-wc-shortcodes.php(98): WC_Shortcodes::shortcode_wrapper(Array, Array)
#10 /var/www/html/wp-includes/shortcodes.php(434): WC_Shortcodes::checkout(Array, '', 'woocommerce_che...')
#11 [internal function]: do_shortcode_tag(Array)
#12 /var/www/html/wp-includes/shortcodes.php(273): preg_replace_callback('/\\[(\\[?)(woocom...', 'do_shortcode_ta...', '[woocommerce_ch...')
#13 /var/www/html/wp-content/plugins/woocommerce/src/Blocks/BlockTypes/Checkout.php(230): do_shortcode('[woocommerce_ch...')
#14 /var/www/html/wp-content/plugins/woocommerce/src/Blocks/BlockTypes/AbstractBlock.php(98): Automattic\WooCommerce\Blocks\BlockTypes\Checkout->render(Array, '\n<div class="wp...', Object(WP_Block))
#15 /var/www/html/wp-includes/class-wp-block.php(599): Automattic\WooCommerce\Blocks\BlockTypes\AbstractBlock->render_callback(Array, '\n<div class="wp...', Object(WP_Block))
#16 /var/www/html/wp-includes/blocks.php(2383): WP_Block->render()
#17 /var/www/html/wp-includes/blocks.php(2466): render_block(Array)
#18 /var/www/html/wp-includes/class-wp-hook.php(341): do_blocks('<!-- wp:woocomm...')
#19 /var/www/html/wp-includes/plugin.php(205): WP_Hook->apply_filters('<!-- wp:woocomm...', Array)
#20 /var/www/html/wp-includes/blocks/post-content.php(50): apply_filters('the_content', '<!-- wp:woocomm...')
#21 /var/www/html/wp-includes/class-wp-block.php(599): render_block_core_post_content(Array, '<!-- wp:woocomm...', Object(WP_Block))
#22 /var/www/html/wp-includes/class-wp-block.php(579): WP_Block->render()
#23 /var/www/html/wp-includes/class-wp-block.php(579): WP_Block->render()
#24 /var/www/html/wp-includes/blocks.php(2383): WP_Block->render()
#25 /var/www/html/wp-includes/blocks.php(2466): render_block(Array)
#26 /var/www/html/wp-includes/block-template.php(291): do_blocks('<!-- wp:templat...')
#27 /var/www/html/wp-includes/template-canvas.php(12): get_the_block_template_html()
#28 /var/www/html/wp-includes/template-loader.php(132): include('/var/www/html/w...')
#29 /var/www/html/wp-blog-header.php(19): require_once('/var/www/html/w...')
#30 /var/www/html/index.php(17): require('/var/www/html/w...')
#31 {main}
  thrown in /var/www/html/wp-content/plugins/woocommerce-epayco-api/src/Gateways/CheckoutGateway.php on line 309
[29-Mar-2026 05:06:05 UTC] PHP Warning:  Undefined array key "epayco_lang" in /var/www/html/wp-content/plugins/woocommerce-epayco-api/src/Gateways/CheckoutGateway.php on line 481
[29-Mar-2026 05:06:05 UTC] PHP Warning:  Undefined array key "epayco_testmode" in /var/www/html/wp-content/plugins/woocommerce-epayco-api/src/Gateways/CheckoutGateway.php on line 304
[29-Mar-2026 05:06:05 UTC] PHP Fatal error:  Uncaught Error: Non-static method Epayco\Woocommerce\Transactions\AbstractPaymentTransaction::getCustomerIp() cannot be called statically in /var/www/html/wp-content/plugins/woocommerce-epayco-api/src/Gateways/CheckoutGateway.php:310
Stack trace:
#0 /var/www/html/wp-content/plugins/woocommerce-epayco-api/src/Gateways/CheckoutGateway.php(493): Epayco\Woocommerce\Gateways\CheckoutGateway->generate_epayco_form(82)
#1 /var/www/html/wp-includes/class-wp-hook.php(341): Epayco\Woocommerce\Gateways\CheckoutGateway->receiptPage(82)
#2 /var/www/html/wp-includes/class-wp-hook.php(365): WP_Hook->apply_filters('', Array)
#3 /var/www/html/wp-includes/plugin.php(522): WP_Hook->do_action(Array)
#4 /var/www/html/wp-content/plugins/woocommerce/templates/checkout/order-receipt.php(44): do_action('woocommerce_rec...', 82)
#5 /var/www/html/wp-content/plugins/woocommerce/includes/wc-core-functions.php(350): include('/var/www/html/w...')
#6 /var/www/html/wp-content/plugins/woocommerce/includes/shortcodes/class-wc-shortcode-checkout.php(243): wc_get_template('checkout/order-...', Array)
#7 /var/www/html/wp-content/plugins/woocommerce/includes/shortcodes/class-wc-shortcode-checkout.php(62): WC_Shortcode_Checkout::order_pay(82)
#8 /var/www/html/wp-content/plugins/woocommerce/includes/class-wc-shortcodes.php(75): WC_Shortcode_Checkout::output(Array)
#9 /var/www/html/wp-content/plugins/woocommerce/includes/class-wc-shortcodes.php(98): WC_Shortcodes::shortcode_wrapper(Array, Array)
#10 /var/www/html/wp-includes/shortcodes.php(434): WC_Shortcodes::checkout(Array, '', 'woocommerce_che...')
#11 [internal function]: do_shortcode_tag(Array)
#12 /var/www/html/wp-includes/shortcodes.php(273): preg_replace_callback('/\\[(\\[?)(woocom...', 'do_shortcode_ta...', '[woocommerce_ch...')
#13 /var/www/html/wp-content/plugins/woocommerce/src/Blocks/BlockTypes/Checkout.php(230): do_shortcode('[woocommerce_ch...')
#14 /var/www/html/wp-content/plugins/woocommerce/src/Blocks/BlockTypes/AbstractBlock.php(98): Automattic\WooCommerce\Blocks\BlockTypes\Checkout->render(Array, '\n<div class="wp...', Object(WP_Block))
#15 /var/www/html/wp-includes/class-wp-block.php(599): Automattic\WooCommerce\Blocks\BlockTypes\AbstractBlock->render_callback(Array, '\n<div class="wp...', Object(WP_Block))
#16 /var/www/html/wp-includes/blocks.php(2383): WP_Block->render()
#17 /var/www/html/wp-includes/blocks.php(2466): render_block(Array)
#18 /var/www/html/wp-includes/class-wp-hook.php(341): do_blocks('<!-- wp:woocomm...')
#19 /var/www/html/wp-includes/plugin.php(205): WP_Hook->apply_filters('<!-- wp:woocomm...', Array)
#20 /var/www/html/wp-includes/blocks/post-content.php(50): apply_filters('the_content', '<!-- wp:woocomm...')
#21 /var/www/html/wp-includes/class-wp-block.php(599): render_block_core_post_content(Array, '<!-- wp:woocomm...', Object(WP_Block))
#22 /var/www/html/wp-includes/class-wp-block.php(579): WP_Block->render()
#23 /var/www/html/wp-includes/class-wp-block.php(579): WP_Block->render()
#24 /var/www/html/wp-includes/blocks.php(2383): WP_Block->render()
#25 /var/www/html/wp-includes/blocks.php(2466): render_block(Array)
#26 /var/www/html/wp-includes/block-template.php(291): do_blocks('<!-- wp:templat...')
#27 /var/www/html/wp-includes/template-canvas.php(12): get_the_block_template_html()
#28 /var/www/html/wp-includes/template-loader.php(132): include('/var/www/html/w...')
#29 /var/www/html/wp-blog-header.php(19): require_once('/var/www/html/w...')
#30 /var/www/html/index.php(17): require('/var/www/html/w...')
#31 {main}
  thrown in /var/www/html/wp-content/plugins/woocommerce-epayco-api/src/Gateways/CheckoutGateway.php on line 310
[29-Mar-2026 05:06:15 UTC] PHP Warning:  Undefined array key "epayco_lang" in /var/www/html/wp-content/plugins/woocommerce-epayco-api/src/Gateways/CheckoutGateway.php on line 481
[29-Mar-2026 05:06:15 UTC] PHP Warning:  Undefined array key "epayco_testmode" in /var/www/html/wp-content/plugins/woocommerce-epayco-api/src/Gateways/CheckoutGateway.php on line 304
[29-Mar-2026 05:06:15 UTC] PHP Fatal error:  Uncaught Error: Call to undefined method Epayco\Woocommerce\Gateways\CheckoutGateway::getCustomerIp() in /var/www/html/wp-content/plugins/woocommerce-epayco-api/src/Gateways/CheckoutGateway.php:310
Stack trace:
#0 /var/www/html/wp-content/plugins/woocommerce-epayco-api/src/Gateways/CheckoutGateway.php(493): Epayco\Woocommerce\Gateways\CheckoutGateway->generate_epayco_form(82)
#1 /var/www/html/wp-includes/class-wp-hook.php(341): Epayco\Woocommerce\Gateways\CheckoutGateway->receiptPage(82)
#2 /var/www/html/wp-includes/class-wp-hook.php(365): WP_Hook->apply_filters('', Array)
#3 /var/www/html/wp-includes/plugin.php(522): WP_Hook->do_action(Array)
#4 /var/www/html/wp-content/plugins/woocommerce/templates/checkout/order-receipt.php(44): do_action('woocommerce_rec...', 82)
#5 /var/www/html/wp-content/plugins/woocommerce/includes/wc-core-functions.php(350): include('/var/www/html/w...')
#6 /var/www/html/wp-content/plugins/woocommerce/includes/shortcodes/class-wc-shortcode-checkout.php(243): wc_get_template('checkout/order-...', Array)
#7 /var/www/html/wp-content/plugins/woocommerce/includes/shortcodes/class-wc-shortcode-checkout.php(62): WC_Shortcode_Checkout::order_pay(82)
#8 /var/www/html/wp-content/plugins/woocommerce/includes/class-wc-shortcodes.php(75): WC_Shortcode_Checkout::output(Array)
#9 /var/www/html/wp-content/plugins/woocommerce/includes/class-wc-shortcodes.php(98): WC_Shortcodes::shortcode_wrapper(Array, Array)
#10 /var/www/html/wp-includes/shortcodes.php(434): WC_Shortcodes::checkout(Array, '', 'woocommerce_che...')
#11 [internal function]: do_shortcode_tag(Array)
#12 /var/www/html/wp-includes/shortcodes.php(273): preg_replace_callback('/\\[(\\[?)(woocom...', 'do_shortcode_ta...', '[woocommerce_ch...')
#13 /var/www/html/wp-content/plugins/woocommerce/src/Blocks/BlockTypes/Checkout.php(230): do_shortcode('[woocommerce_ch...')
#14 /var/www/html/wp-content/plugins/woocommerce/src/Blocks/BlockTypes/AbstractBlock.php(98): Automattic\WooCommerce\Blocks\BlockTypes\Checkout->render(Array, '\n<div class="wp...', Object(WP_Block))
#15 /var/www/html/wp-includes/class-wp-block.php(599): Automattic\WooCommerce\Blocks\BlockTypes\AbstractBlock->render_callback(Array, '\n<div class="wp...', Object(WP_Block))
#16 /var/www/html/wp-includes/blocks.php(2383): WP_Block->render()
#17 /var/www/html/wp-includes/blocks.php(2466): render_block(Array)
#18 /var/www/html/wp-includes/class-wp-hook.php(341): do_blocks('<!-- wp:woocomm...')
#19 /var/www/html/wp-includes/plugin.php(205): WP_Hook->apply_filters('<!-- wp:woocomm...', Array)
#20 /var/www/html/wp-includes/blocks/post-content.php(50): apply_filters('the_content', '<!-- wp:woocomm...')
#21 /var/www/html/wp-includes/class-wp-block.php(599): render_block_core_post_content(Array, '<!-- wp:woocomm...', Object(WP_Block))
#22 /var/www/html/wp-includes/class-wp-block.php(579): WP_Block->render()
#23 /var/www/html/wp-includes/class-wp-block.php(579): WP_Block->render()
#24 /var/www/html/wp-includes/blocks.php(2383): WP_Block->render()
#25 /var/www/html/wp-includes/blocks.php(2466): render_block(Array)
#26 /var/www/html/wp-includes/block-template.php(291): do_blocks('<!-- wp:templat...')
#27 /var/www/html/wp-includes/template-canvas.php(12): get_the_block_template_html()
#28 /var/www/html/wp-includes/template-loader.php(132): include('/var/www/html/w...')
#29 /var/www/html/wp-blog-header.php(19): require_once('/var/www/html/w...')
#30 /var/www/html/index.php(17): require('/var/www/html/w...')
#31 {main}
  thrown in /var/www/html/wp-content/plugins/woocommerce-epayco-api/src/Gateways/CheckoutGateway.php on line 310
[29-Mar-2026 05:06:17 UTC] Error en la respuesta de la API de ePayco, código de estado: 503
[29-Mar-2026 05:07:53 UTC] PHP Parse error:  syntax error, unexpected token ";" in /var/www/html/wp-content/plugins/woocommerce-epayco-api/src/Gateways/CheckoutGateway.php on line 310
[29-Mar-2026 05:07:53 UTC] PHP Notice:  La función _load_textdomain_just_in_time ha sido llamada <strong>de forma incorrecta</strong>. La carga de traducciones para el dominio <code>woocommerce</code> se activó demasiado pronto. Esto suele indicar que algún código en el plugin o tema se está ejecutando antes de tiempo. Las traducciones deben cargarse en la acción <code>init</code> o más tarde. Por favor, visita <a href="https://developer.wordpress.org/advanced-administration/debug/debug-wordpress/">Depuración en WordPress</a> para más información. (Este mensaje se añadió en la versión 6.7.0.) in /var/www/html/wp-includes/functions.php on line 6131
[29-Mar-2026 05:08:07 UTC] PHP Parse error:  syntax error, unexpected token ";" in /var/www/html/wp-content/plugins/woocommerce-epayco-api/src/Gateways/CheckoutGateway.php on line 310
[29-Mar-2026 05:08:07 UTC] PHP Notice:  La función _load_textdomain_just_in_time ha sido llamada <strong>de forma incorrecta</strong>. La carga de traducciones para el dominio <code>woocommerce</code> se activó demasiado pronto. Esto suele indicar que algún código en el plugin o tema se está ejecutando antes de tiempo. Las traducciones deben cargarse en la acción <code>init</code> o más tarde. Por favor, visita <a href="https://developer.wordpress.org/advanced-administration/debug/debug-wordpress/">Depuración en WordPress</a> para más información. (Este mensaje se añadió en la versión 6.7.0.) in /var/www/html/wp-includes/functions.php on line 6131
[29-Mar-2026 05:08:22 UTC] PHP Parse error:  syntax error, unexpected token ";" in /var/www/html/wp-content/plugins/woocommerce-epayco-api/src/Gateways/CheckoutGateway.php on line 310
[29-Mar-2026 05:08:22 UTC] PHP Notice:  La función _load_textdomain_just_in_time ha sido llamada <strong>de forma incorrecta</strong>. La carga de traducciones para el dominio <code>woocommerce</code> se activó demasiado pronto. Esto suele indicar que algún código en el plugin o tema se está ejecutando antes de tiempo. Las traducciones deben cargarse en la acción <code>init</code> o más tarde. Por favor, visita <a href="https://developer.wordpress.org/advanced-administration/debug/debug-wordpress/">Depuración en WordPress</a> para más información. (Este mensaje se añadió en la versión 6.7.0.) in /var/www/html/wp-includes/functions.php on line 6131
[29-Mar-2026 05:08:54 UTC] PHP Parse error:  syntax error, unexpected token ";" in /var/www/html/wp-content/plugins/woocommerce-epayco-api/src/Gateways/CheckoutGateway.php on line 310
[29-Mar-2026 05:08:54 UTC] PHP Notice:  La función _load_textdomain_just_in_time ha sido llamada <strong>de forma incorrecta</strong>. La carga de traducciones para el dominio <code>woocommerce</code> se activó demasiado pronto. Esto suele indicar que algún código en el plugin o tema se está ejecutando antes de tiempo. Las traducciones deben cargarse en la acción <code>init</code> o más tarde. Por favor, visita <a href="https://developer.wordpress.org/advanced-administration/debug/debug-wordpress/">Depuración en WordPress</a> para más información. (Este mensaje se añadió en la versión 6.7.0.) in /var/www/html/wp-includes/functions.php on line 6131
[29-Mar-2026 05:10:54 UTC] PHP Parse error:  syntax error, unexpected double-quoted string ", ", expecting "]" in /var/www/html/wp-content/plugins/woocommerce-epayco-api/src/Gateways/AbstractGateway.php on line 1090
[29-Mar-2026 05:10:54 UTC] PHP Notice:  La función _load_textdomain_just_in_time ha sido llamada <strong>de forma incorrecta</strong>. La carga de traducciones para el dominio <code>woocommerce</code> se activó demasiado pronto. Esto suele indicar que algún código en el plugin o tema se está ejecutando antes de tiempo. Las traducciones deben cargarse en la acción <code>init</code> o más tarde. Por favor, visita <a href="https://developer.wordpress.org/advanced-administration/debug/debug-wordpress/">Depuración en WordPress</a> para más información. (Este mensaje se añadió en la versión 6.7.0.) in /var/www/html/wp-includes/functions.php on line 6131
[29-Mar-2026 05:11:09 UTC] PHP Parse error:  syntax error, unexpected double-quoted string ", ", expecting "]" in /var/www/html/wp-content/plugins/woocommerce-epayco-api/src/Gateways/AbstractGateway.php on line 1090
[29-Mar-2026 05:11:09 UTC] PHP Notice:  La función _load_textdomain_just_in_time ha sido llamada <strong>de forma incorrecta</strong>. La carga de traducciones para el dominio <code>woocommerce</code> se activó demasiado pronto. Esto suele indicar que algún código en el plugin o tema se está ejecutando antes de tiempo. Las traducciones deben cargarse en la acción <code>init</code> o más tarde. Por favor, visita <a href="https://developer.wordpress.org/advanced-administration/debug/debug-wordpress/">Depuración en WordPress</a> para más información. (Este mensaje se añadió en la versión 6.7.0.) in /var/www/html/wp-includes/functions.php on line 6131
[29-Mar-2026 05:11:11 UTC] PHP Parse error:  syntax error, unexpected double-quoted string ", ", expecting "]" in /var/www/html/wp-content/plugins/woocommerce-epayco-api/src/Gateways/AbstractGateway.php on line 1090
[29-Mar-2026 05:11:11 UTC] PHP Notice:  La función _load_textdomain_just_in_time ha sido llamada <strong>de forma incorrecta</strong>. La carga de traducciones para el dominio <code>woocommerce</code> se activó demasiado pronto. Esto suele indicar que algún código en el plugin o tema se está ejecutando antes de tiempo. Las traducciones deben cargarse en la acción <code>init</code> o más tarde. Por favor, visita <a href="https://developer.wordpress.org/advanced-administration/debug/debug-wordpress/">Depuración en WordPress</a> para más información. (Este mensaje se añadió en la versión 6.7.0.) in /var/www/html/wp-includes/functions.php on line 6131
[29-Mar-2026 05:11:13 UTC] PHP Parse error:  syntax error, unexpected double-quoted string ", ", expecting "]" in /var/www/html/wp-content/plugins/woocommerce-epayco-api/src/Gateways/AbstractGateway.php on line 1090
[29-Mar-2026 05:11:13 UTC] PHP Notice:  La función _load_textdomain_just_in_time ha sido llamada <strong>de forma incorrecta</strong>. La carga de traducciones para el dominio <code>woocommerce</code> se activó demasiado pronto. Esto suele indicar que algún código en el plugin o tema se está ejecutando antes de tiempo. Las traducciones deben cargarse en la acción <code>init</code> o más tarde. Por favor, visita <a href="https://developer.wordpress.org/advanced-administration/debug/debug-wordpress/">Depuración en WordPress</a> para más información. (Este mensaje se añadió en la versión 6.7.0.) in /var/www/html/wp-includes/functions.php on line 6131
[29-Mar-2026 05:11:13 UTC] PHP Parse error:  syntax error, unexpected double-quoted string ", ", expecting "]" in /var/www/html/wp-content/plugins/woocommerce-epayco-api/src/Gateways/AbstractGateway.php on line 1090
[29-Mar-2026 05:11:14 UTC] PHP Notice:  La función _load_textdomain_just_in_time ha sido llamada <strong>de forma incorrecta</strong>. La carga de traducciones para el dominio <code>woocommerce</code> se activó demasiado pronto. Esto suele indicar que algún código en el plugin o tema se está ejecutando antes de tiempo. Las traducciones deben cargarse en la acción <code>init</code> o más tarde. Por favor, visita <a href="https://developer.wordpress.org/advanced-administration/debug/debug-wordpress/">Depuración en WordPress</a> para más información. (Este mensaje se añadió en la versión 6.7.0.) in /var/www/html/wp-includes/functions.php on line 6131
[29-Mar-2026 05:11:14 UTC] PHP Parse error:  syntax error, unexpected double-quoted string ", ", expecting "]" in /var/www/html/wp-content/plugins/woocommerce-epayco-api/src/Gateways/AbstractGateway.php on line 1090
[29-Mar-2026 05:11:14 UTC] PHP Notice:  La función _load_textdomain_just_in_time ha sido llamada <strong>de forma incorrecta</strong>. La carga de traducciones para el dominio <code>woocommerce</code> se activó demasiado pronto. Esto suele indicar que algún código en el plugin o tema se está ejecutando antes de tiempo. Las traducciones deben cargarse en la acción <code>init</code> o más tarde. Por favor, visita <a href="https://developer.wordpress.org/advanced-administration/debug/debug-wordpress/">Depuración en WordPress</a> para más información. (Este mensaje se añadió en la versión 6.7.0.) in /var/www/html/wp-includes/functions.php on line 6131
[29-Mar-2026 05:11:16 UTC] PHP Parse error:  syntax error, unexpected double-quoted string ", ", expecting "]" in /var/www/html/wp-content/plugins/woocommerce-epayco-api/src/Gateways/AbstractGateway.php on line 1090
[29-Mar-2026 05:11:16 UTC] PHP Notice:  La función _load_textdomain_just_in_time ha sido llamada <strong>de forma incorrecta</strong>. La carga de traducciones para el dominio <code>woocommerce</code> se activó demasiado pronto. Esto suele indicar que algún código en el plugin o tema se está ejecutando antes de tiempo. Las traducciones deben cargarse en la acción <code>init</code> o más tarde. Por favor, visita <a href="https://developer.wordpress.org/advanced-administration/debug/debug-wordpress/">Depuración en WordPress</a> para más información. (Este mensaje se añadió en la versión 6.7.0.) in /var/www/html/wp-includes/functions.php on line 6131
[29-Mar-2026 05:11:17 UTC] PHP Parse error:  syntax error, unexpected double-quoted string ", ", expecting "]" in /var/www/html/wp-content/plugins/woocommerce-epayco-api/src/Gateways/AbstractGateway.php on line 1090
[29-Mar-2026 05:11:17 UTC] PHP Notice:  La función _load_textdomain_just_in_time ha sido llamada <strong>de forma incorrecta</strong>. La carga de traducciones para el dominio <code>woocommerce</code> se activó demasiado pronto. Esto suele indicar que algún código en el plugin o tema se está ejecutando antes de tiempo. Las traducciones deben cargarse en la acción <code>init</code> o más tarde. Por favor, visita <a href="https://developer.wordpress.org/advanced-administration/debug/debug-wordpress/">Depuración en WordPress</a> para más información. (Este mensaje se añadió en la versión 6.7.0.) in /var/www/html/wp-includes/functions.php on line 6131
[29-Mar-2026 05:11:38 UTC] Error en la respuesta de la API de ePayco, código de estado: 503
[29-Mar-2026 05:11:42 UTC] PHP Warning:  Undefined array key "epayco_lang" in /var/www/html/wp-content/plugins/woocommerce-epayco-api/src/Gateways/CheckoutGateway.php on line 481
[29-Mar-2026 05:11:42 UTC] PHP Warning:  Undefined array key "epayco_testmode" in /var/www/html/wp-content/plugins/woocommerce-epayco-api/src/Gateways/CheckoutGateway.php on line 304
[29-Mar-2026 05:11:42 UTC] PHP Fatal error:  Uncaught Error: Class "Epayco\Woocommerce\Gateways\WC_Geolocation" not found in /var/www/html/wp-content/plugins/woocommerce-epayco-api/src/Gateways/CheckoutGateway.php:310
Stack trace:
#0 /var/www/html/wp-content/plugins/woocommerce-epayco-api/src/Gateways/CheckoutGateway.php(493): Epayco\Woocommerce\Gateways\CheckoutGateway->generate_epayco_form(82)
#1 /var/www/html/wp-includes/class-wp-hook.php(341): Epayco\Woocommerce\Gateways\CheckoutGateway->receiptPage(82)
#2 /var/www/html/wp-includes/class-wp-hook.php(365): WP_Hook->apply_filters('', Array)
#3 /var/www/html/wp-includes/plugin.php(522): WP_Hook->do_action(Array)
#4 /var/www/html/wp-content/plugins/woocommerce/templates/checkout/order-receipt.php(44): do_action('woocommerce_rec...', 82)
#5 /var/www/html/wp-content/plugins/woocommerce/includes/wc-core-functions.php(350): include('/var/www/html/w...')
#6 /var/www/html/wp-content/plugins/woocommerce/includes/shortcodes/class-wc-shortcode-checkout.php(243): wc_get_template('checkout/order-...', Array)
#7 /var/www/html/wp-content/plugins/woocommerce/includes/shortcodes/class-wc-shortcode-checkout.php(62): WC_Shortcode_Checkout::order_pay(82)
#8 /var/www/html/wp-content/plugins/woocommerce/includes/class-wc-shortcodes.php(75): WC_Shortcode_Checkout::output(Array)
#9 /var/www/html/wp-content/plugins/woocommerce/includes/class-wc-shortcodes.php(98): WC_Shortcodes::shortcode_wrapper(Array, Array)
#10 /var/www/html/wp-includes/shortcodes.php(434): WC_Shortcodes::checkout(Array, '', 'woocommerce_che...')
#11 [internal function]: do_shortcode_tag(Array)
#12 /var/www/html/wp-includes/shortcodes.php(273): preg_replace_callback('/\\[(\\[?)(woocom...', 'do_shortcode_ta...', '[woocommerce_ch...')
#13 /var/www/html/wp-content/plugins/woocommerce/src/Blocks/BlockTypes/Checkout.php(230): do_shortcode('[woocommerce_ch...')
#14 /var/www/html/wp-content/plugins/woocommerce/src/Blocks/BlockTypes/AbstractBlock.php(98): Automattic\WooCommerce\Blocks\BlockTypes\Checkout->render(Array, '\n<div class="wp...', Object(WP_Block))
#15 /var/www/html/wp-includes/class-wp-block.php(599): Automattic\WooCommerce\Blocks\BlockTypes\AbstractBlock->render_callback(Array, '\n<div class="wp...', Object(WP_Block))
#16 /var/www/html/wp-includes/blocks.php(2383): WP_Block->render()
#17 /var/www/html/wp-includes/blocks.php(2466): render_block(Array)
#18 /var/www/html/wp-includes/class-wp-hook.php(341): do_blocks('<!-- wp:woocomm...')
#19 /var/www/html/wp-includes/plugin.php(205): WP_Hook->apply_filters('<!-- wp:woocomm...', Array)
#20 /var/www/html/wp-includes/blocks/post-content.php(50): apply_filters('the_content', '<!-- wp:woocomm...')
#21 /var/www/html/wp-includes/class-wp-block.php(599): render_block_core_post_content(Array, '<!-- wp:woocomm...', Object(WP_Block))
#22 /var/www/html/wp-includes/class-wp-block.php(579): WP_Block->render()
#23 /var/www/html/wp-includes/class-wp-block.php(579): WP_Block->render()
#24 /var/www/html/wp-includes/blocks.php(2383): WP_Block->render()
#25 /var/www/html/wp-includes/blocks.php(2466): render_block(Array)
#26 /var/www/html/wp-includes/block-template.php(291): do_blocks('<!-- wp:templat...')
#27 /var/www/html/wp-includes/template-canvas.php(12): get_the_block_template_html()
#28 /var/www/html/wp-includes/template-loader.php(132): include('/var/www/html/w...')
#29 /var/www/html/wp-blog-header.php(19): require_once('/var/www/html/w...')
#30 /var/www/html/index.php(17): require('/var/www/html/w...')
#31 {main}
  thrown in /var/www/html/wp-content/plugins/woocommerce-epayco-api/src/Gateways/CheckoutGateway.php on line 310
[29-Mar-2026 05:12:27 UTC] PHP Warning:  Undefined array key "epayco_lang" in /var/www/html/wp-content/plugins/woocommerce-epayco-api/src/Gateways/CheckoutGateway.php on line 481
[29-Mar-2026 05:12:27 UTC] PHP Warning:  Undefined array key "epayco_testmode" in /var/www/html/wp-content/plugins/woocommerce-epayco-api/src/Gateways/CheckoutGateway.php on line 304
[29-Mar-2026 05:12:27 UTC] PHP Fatal error:  Uncaught Error: Class "Epayco\Woocommerce\Gateways\WC_Geolocation" not found in /var/www/html/wp-content/plugins/woocommerce-epayco-api/src/Gateways/CheckoutGateway.php:310
Stack trace:
#0 /var/www/html/wp-content/plugins/woocommerce-epayco-api/src/Gateways/CheckoutGateway.php(493): Epayco\Woocommerce\Gateways\CheckoutGateway->generate_epayco_form(82)
#1 /var/www/html/wp-includes/class-wp-hook.php(341): Epayco\Woocommerce\Gateways\CheckoutGateway->receiptPage(82)
#2 /var/www/html/wp-includes/class-wp-hook.php(365): WP_Hook->apply_filters('', Array)
#3 /var/www/html/wp-includes/plugin.php(522): WP_Hook->do_action(Array)
#4 /var/www/html/wp-content/plugins/woocommerce/templates/checkout/order-receipt.php(44): do_action('woocommerce_rec...', 82)
#5 /var/www/html/wp-content/plugins/woocommerce/includes/wc-core-functions.php(350): include('/var/www/html/w...')
#6 /var/www/html/wp-content/plugins/woocommerce/includes/shortcodes/class-wc-shortcode-checkout.php(243): wc_get_template('checkout/order-...', Array)
#7 /var/www/html/wp-content/plugins/woocommerce/includes/shortcodes/class-wc-shortcode-checkout.php(62): WC_Shortcode_Checkout::order_pay(82)
#8 /var/www/html/wp-content/plugins/woocommerce/includes/class-wc-shortcodes.php(75): WC_Shortcode_Checkout::output(Array)
#9 /var/www/html/wp-content/plugins/woocommerce/includes/class-wc-shortcodes.php(98): WC_Shortcodes::shortcode_wrapper(Array, Array)
#10 /var/www/html/wp-includes/shortcodes.php(434): WC_Shortcodes::checkout(Array, '', 'woocommerce_che...')
#11 [internal function]: do_shortcode_tag(Array)
#12 /var/www/html/wp-includes/shortcodes.php(273): preg_replace_callback('/\\[(\\[?)(woocom...', 'do_shortcode_ta...', '[woocommerce_ch...')
#13 /var/www/html/wp-content/plugins/woocommerce/src/Blocks/BlockTypes/Checkout.php(230): do_shortcode('[woocommerce_ch...')
#14 /var/www/html/wp-content/plugins/woocommerce/src/Blocks/BlockTypes/AbstractBlock.php(98): Automattic\WooCommerce\Blocks\BlockTypes\Checkout->render(Array, '\n<div class="wp...', Object(WP_Block))
#15 /var/www/html/wp-includes/class-wp-block.php(599): Automattic\WooCommerce\Blocks\BlockTypes\AbstractBlock->render_callback(Array, '\n<div class="wp...', Object(WP_Block))
#16 /var/www/html/wp-includes/blocks.php(2383): WP_Block->render()
#17 /var/www/html/wp-includes/blocks.php(2466): render_block(Array)
#18 /var/www/html/wp-includes/class-wp-hook.php(341): do_blocks('<!-- wp:woocomm...')
#19 /var/www/html/wp-includes/plugin.php(205): WP_Hook->apply_filters('<!-- wp:woocomm...', Array)
#20 /var/www/html/wp-includes/blocks/post-content.php(50): apply_filters('the_content', '<!-- wp:woocomm...')
#21 /var/www/html/wp-includes/class-wp-block.php(599): render_block_core_post_content(Array, '<!-- wp:woocomm...', Object(WP_Block))
#22 /var/www/html/wp-includes/class-wp-block.php(579): WP_Block->render()
#23 /var/www/html/wp-includes/class-wp-block.php(579): WP_Block->render()
#24 /var/www/html/wp-includes/blocks.php(2383): WP_Block->render()
#25 /var/www/html/wp-includes/blocks.php(2466): render_block(Array)
#26 /var/www/html/wp-includes/block-template.php(291): do_blocks('<!-- wp:templat...')
#27 /var/www/html/wp-includes/template-canvas.php(12): get_the_block_template_html()
#28 /var/www/html/wp-includes/template-loader.php(132): include('/var/www/html/w...')
#29 /var/www/html/wp-blog-header.php(19): require_once('/var/www/html/w...')
#30 /var/www/html/index.php(17): require('/var/www/html/w...')
#31 {main}
  thrown in /var/www/html/wp-content/plugins/woocommerce-epayco-api/src/Gateways/CheckoutGateway.php on line 310
[29-Mar-2026 05:12:56 UTC] PHP Warning:  Undefined array key "epayco_lang" in /var/www/html/wp-content/plugins/woocommerce-epayco-api/src/Gateways/CheckoutGateway.php on line 480
[29-Mar-2026 05:12:56 UTC] PHP Warning:  Undefined array key "epayco_testmode" in /var/www/html/wp-content/plugins/woocommerce-epayco-api/src/Gateways/CheckoutGateway.php on line 303
[29-Mar-2026 05:12:56 UTC] PHP Warning:  Undefined array key "epayco_lang" in /var/www/html/wp-content/plugins/woocommerce-epayco-api/src/Gateways/CheckoutGateway.php on line 310
[29-Mar-2026 05:12:56 UTC] PHP Warning:  Undefined array key "sessionId" in /var/www/html/wp-content/plugins/woocommerce-epayco-api/src/Gateways/CheckoutGateway.php on line 422
[29-Mar-2026 05:14:03 UTC] PHP Warning:  Undefined array key "epayco_lang" in /var/www/html/wp-content/plugins/woocommerce-epayco-api/src/Gateways/CheckoutGateway.php on line 484
[29-Mar-2026 05:14:03 UTC] PHP Warning:  Undefined array key "epayco_testmode" in /var/www/html/wp-content/plugins/woocommerce-epayco-api/src/Gateways/CheckoutGateway.php on line 303
[29-Mar-2026 05:14:03 UTC] PHP Warning:  Undefined array key "epayco_lang" in /var/www/html/wp-content/plugins/woocommerce-epayco-api/src/Gateways/CheckoutGateway.php on line 310
[29-Mar-2026 05:14:04 UTC] PHP Warning:  Undefined array key "sessionId" in /var/www/html/wp-content/plugins/woocommerce-epayco-api/src/Gateways/CheckoutGateway.php on line 426
[29-Mar-2026 05:14:30 UTC] PHP Warning:  Undefined array key "epayco_lang" in /var/www/html/wp-content/plugins/woocommerce-epayco-api/src/Gateways/CheckoutGateway.php on line 484
[29-Mar-2026 05:14:30 UTC] PHP Warning:  Undefined array key "epayco_testmode" in /var/www/html/wp-content/plugins/woocommerce-epayco-api/src/Gateways/CheckoutGateway.php on line 303
[29-Mar-2026 05:14:30 UTC] PHP Warning:  Undefined array key "epayco_lang" in /var/www/html/wp-content/plugins/woocommerce-epayco-api/src/Gateways/CheckoutGateway.php on line 310
[29-Mar-2026 05:14:31 UTC] PHP Warning:  Undefined array key "sessionId" in /var/www/html/wp-content/plugins/woocommerce-epayco-api/src/Gateways/CheckoutGateway.php on line 426
[29-Mar-2026 05:15:38 UTC] PHP Warning:  Undefined array key "docs_integration_test" in /var/www/html/wp-content/plugins/woocommerce-epayco-api/templates/admin/settings/settings.php on line 296
[29-Mar-2026 05:15:38 UTC] PHP Deprecated:  preg_replace(): Passing null to parameter #3 ($subject) of type array|string is deprecated in /var/www/html/wp-includes/kses.php on line 2018
[29-Mar-2026 05:16:39 UTC] Error en la respuesta de la API de ePayco, código de estado: 503
[29-Mar-2026 05:18:40 UTC] PHP Fatal error:  Uncaught Exception: ID del pedido no válido en la llamada a read_multiple() in /var/www/html/wp-content/plugins/woocommerce/src/Internal/DataStores/Orders/OrdersTableDataStore.php:1357
Stack trace:
#0 /var/www/html/wp-content/plugins/woocommerce/src/Internal/DataStores/Orders/OrdersTableDataStore.php(1342): Automattic\WooCommerce\Internal\DataStores\Orders\OrdersTableDataStore->read_multiple(Array)
#1 /var/www/html/wp-content/plugins/woocommerce/includes/class-wc-data-store.php(159): Automattic\WooCommerce\Internal\DataStores\Orders\OrdersTableDataStore->read(Object(WC_Order))
#2 /var/www/html/wp-content/plugins/woocommerce/includes/abstracts/abstract-wc-order.php(141): WC_Data_Store->read(Object(WC_Order))
#3 /var/www/html/wp-content/plugins/woocommerce-epayco-api/src/Hooks/Order.php(272): WC_Abstract_Order->__construct('752026032904410...')
#4 /var/www/html/wp-content/plugins/woocommerce-epayco-api/src/Hooks/Order.php(159): Epayco\Woocommerce\Hooks\Order->getMetaboxData(Object(Automattic\WooCommerce\Admin\Overrides\Order))
#5 /var/www/html/wp-includes/class-wp-hook.php(341): Epayco\Woocommerce\Hooks\Order->Epayco\Woocommerce\Hooks\{closure}(Object(Automattic\WooCommerce\Admin\Overrides\Order))
#6 /var/www/html/wp-includes/class-wp-hook.php(365): WP_Hook->apply_filters('', Array)
#7 /var/www/html/wp-includes/plugin.php(522): WP_Hook->do_action(Array)
#8 /var/www/html/wp-content/plugins/woocommerce/src/Internal/Admin/Orders/Edit.php(180): do_action('add_meta_boxes_...', Object(Automattic\WooCommerce\Admin\Overrides\Order))
#9 /var/www/html/wp-content/plugins/woocommerce/src/Internal/Admin/Orders/PageController.php(352): Automattic\WooCommerce\Internal\Admin\Orders\Edit->setup(Object(Automattic\WooCommerce\Admin\Overrides\Order))
#10 /var/www/html/wp-content/plugins/woocommerce/src/Internal/Admin/Orders/PageController.php(368): Automattic\WooCommerce\Internal\Admin\Orders\PageController->prepare_order_edit_form()
#11 /var/www/html/wp-content/plugins/woocommerce/src/Internal/Admin/Orders/PageController.php(167): Automattic\WooCommerce\Internal\Admin\Orders\PageController->setup_action_edit_order()
#12 /var/www/html/wp-includes/class-wp-hook.php(341): Automattic\WooCommerce\Internal\Admin\Orders\PageController->handle_load_page_action('')
#13 /var/www/html/wp-includes/class-wp-hook.php(365): WP_Hook->apply_filters('', Array)
#14 /var/www/html/wp-includes/plugin.php(522): WP_Hook->do_action(Array)
#15 /var/www/html/wp-admin/admin.php(242): do_action('load-woocommerc...')
#16 {main}
  thrown in /var/www/html/wp-content/plugins/woocommerce/src/Internal/DataStores/Orders/OrdersTableDataStore.php on line 1357
[29-Mar-2026 05:19:09 UTC] PHP Fatal error:  Uncaught Exception: ID del pedido no válido en la llamada a read_multiple() in /var/www/html/wp-content/plugins/woocommerce/src/Internal/DataStores/Orders/OrdersTableDataStore.php:1357
Stack trace:
#0 /var/www/html/wp-content/plugins/woocommerce/src/Internal/DataStores/Orders/OrdersTableDataStore.php(1342): Automattic\WooCommerce\Internal\DataStores\Orders\OrdersTableDataStore->read_multiple(Array)
#1 /var/www/html/wp-content/plugins/woocommerce/includes/class-wc-data-store.php(159): Automattic\WooCommerce\Internal\DataStores\Orders\OrdersTableDataStore->read(Object(WC_Order))
#2 /var/www/html/wp-content/plugins/woocommerce/includes/abstracts/abstract-wc-order.php(141): WC_Data_Store->read(Object(WC_Order))
#3 /var/www/html/wp-content/plugins/woocommerce-epayco-api/src/Hooks/Order.php(272): WC_Abstract_Order->__construct('802026032904464...')
#4 /var/www/html/wp-content/plugins/woocommerce-epayco-api/src/Hooks/Order.php(159): Epayco\Woocommerce\Hooks\Order->getMetaboxData(Object(Automattic\WooCommerce\Admin\Overrides\Order))
#5 /var/www/html/wp-includes/class-wp-hook.php(341): Epayco\Woocommerce\Hooks\Order->Epayco\Woocommerce\Hooks\{closure}(Object(Automattic\WooCommerce\Admin\Overrides\Order))
#6 /var/www/html/wp-includes/class-wp-hook.php(365): WP_Hook->apply_filters('', Array)
#7 /var/www/html/wp-includes/plugin.php(522): WP_Hook->do_action(Array)
#8 /var/www/html/wp-content/plugins/woocommerce/src/Internal/Admin/Orders/Edit.php(180): do_action('add_meta_boxes_...', Object(Automattic\WooCommerce\Admin\Overrides\Order))
#9 /var/www/html/wp-content/plugins/woocommerce/src/Internal/Admin/Orders/PageController.php(352): Automattic\WooCommerce\Internal\Admin\Orders\Edit->setup(Object(Automattic\WooCommerce\Admin\Overrides\Order))
#10 /var/www/html/wp-content/plugins/woocommerce/src/Internal/Admin/Orders/PageController.php(368): Automattic\WooCommerce\Internal\Admin\Orders\PageController->prepare_order_edit_form()
#11 /var/www/html/wp-content/plugins/woocommerce/src/Internal/Admin/Orders/PageController.php(167): Automattic\WooCommerce\Internal\Admin\Orders\PageController->setup_action_edit_order()
#12 /var/www/html/wp-includes/class-wp-hook.php(341): Automattic\WooCommerce\Internal\Admin\Orders\PageController->handle_load_page_action('')
#13 /var/www/html/wp-includes/class-wp-hook.php(365): WP_Hook->apply_filters('', Array)
#14 /var/www/html/wp-includes/plugin.php(522): WP_Hook->do_action(Array)
#15 /var/www/html/wp-admin/admin.php(242): do_action('load-woocommerc...')
#16 {main}
  thrown in /var/www/html/wp-content/plugins/woocommerce/src/Internal/DataStores/Orders/OrdersTableDataStore.php on line 1357
[29-Mar-2026 05:20:11 UTC] PHP Warning:  Undefined array key "docs_integration_test" in /var/www/html/wp-content/plugins/woocommerce-epayco-api/templates/admin/settings/settings.php on line 296
[29-Mar-2026 05:20:11 UTC] PHP Deprecated:  preg_replace(): Passing null to parameter #3 ($subject) of type array|string is deprecated in /var/www/html/wp-includes/kses.php on line 2018
[29-Mar-2026 05:21:16 UTC] Error en la respuesta de la API de ePayco, código de estado: 503
[29-Mar-2026 18:12:00 UTC] PHP Warning:  Undefined array key "docs_integration_test" in /var/www/html/wp-content/plugins/woocommerce-epayco-api/templates/admin/settings/settings.php on line 296
[29-Mar-2026 18:12:00 UTC] PHP Deprecated:  preg_replace(): Passing null to parameter #3 ($subject) of type array|string is deprecated in /var/www/html/wp-includes/kses.php on line 2018
[29-Mar-2026 18:12:22 UTC] Error en la respuesta de la API de ePayco, código de estado: 503
[29-Mar-2026 18:16:22 UTC] Error en la respuesta de la API de ePayco, código de estado: 503
[29-Mar-2026 18:21:10 UTC] Error en la respuesta de la API de ePayco, código de estado: 503
[29-Mar-2026 18:27:21 UTC] Error en la respuesta de la API de ePayco, código de estado: 503
[29-Mar-2026 18:31:21 UTC] Error en la respuesta de la API de ePayco, código de estado: 503
[29-Mar-2026 18:36:12 UTC] Error en la respuesta de la API de ePayco, código de estado: 503
[29-Mar-2026 18:41:23 UTC] Error en la respuesta de la API de ePayco, código de estado: 503
[29-Mar-2026 18:46:16 UTC] Error en la respuesta de la API de ePayco, código de estado: 503
[29-Mar-2026 18:51:27 UTC] Error en la respuesta de la API de ePayco, código de estado: 503
[29-Mar-2026 18:56:27 UTC] PHP Fatal error:  Uncaught Error: Cannot use object of type stdClass as array in /var/www/html/wp-content/plugins/woocommerce-epayco-api/src/Hooks/Authentication.php:25
Stack trace:
#0 /var/www/html/wp-content/plugins/woocommerce-epayco-api/src/Gateways/AbstractGateway.php(223): Epayco\Woocommerce\Hooks\Authentication->Auth(true)
#1 /var/www/html/wp-content/plugins/woocommerce-epayco-api/src/Gateways/CreditCardGateway.php(188): Epayco\Woocommerce\Gateways\AbstractGateway->registerCheckoutScripts()
#2 /var/www/html/wp-content/plugins/woocommerce-epayco-api/src/Gateways/AbstractGateway.php(161): Epayco\Woocommerce\Gateways\CreditCardGateway->registerCheckoutScripts()
#3 /var/www/html/wp-content/plugins/woocommerce-epayco-api/src/Gateways/CreditCardGateway.php(173): Epayco\Woocommerce\Gateways\AbstractGateway->payment_scripts('woo-epayco-cred...')
#4 /var/www/html/wp-content/plugins/woocommerce-epayco-api/src/Gateways/CreditCardGateway.php(59): Epayco\Woocommerce\Gateways\CreditCardGateway->payment_scripts('woo-epayco-cred...')
#5 /var/www/html/wp-content/plugins/woocommerce/includes/class-wc-payment-gateways.php(101): Epayco\Woocommerce\Gateways\CreditCardGateway->__construct()
#6 /var/www/html/wp-content/plugins/woocommerce/includes/class-wc-payment-gateways.php(77): WC_Payment_Gateways->init()
#7 /var/www/html/wp-content/plugins/woocommerce/includes/class-wc-payment-gateways.php(50): WC_Payment_Gateways->__construct()
#8 /var/www/html/wp-content/plugins/woocommerce/includes/class-woocommerce.php(1274): WC_Payment_Gateways::instance()
#9 /var/www/html/wp-content/plugins/woocommerce-epayco-api/src/Blocks/AbstractBlock.php(171): WooCommerce->payment_gateways()
#10 /var/www/html/wp-content/plugins/woocommerce-epayco-api/src/Blocks/AbstractBlock.php(46): Epayco\Woocommerce\Blocks\AbstractBlock->setGateway()
#11 /var/www/html/wp-content/plugins/woocommerce-epayco-api/src/Blocks/CheckoutBlock.php(21): Epayco\Woocommerce\Blocks\AbstractBlock->__construct()
#12 /var/www/html/wp-content/plugins/woocommerce-epayco-api/src/WoocommerceEpayco.php(199): Epayco\Woocommerce\Blocks\CheckoutBlock->__construct()
#13 /var/www/html/wp-includes/class-wp-hook.php(341): Epayco\Woocommerce\WoocommerceEpayco->Epayco\Woocommerce\{closure}(Object(Automattic\WooCommerce\Blocks\Payments\PaymentMethodRegistry))
#14 /var/www/html/wp-includes/class-wp-hook.php(365): WP_Hook->apply_filters('', Array)
#15 /var/www/html/wp-includes/plugin.php(522): WP_Hook->do_action(Array)
#16 /var/www/html/wp-content/plugins/woocommerce/src/Blocks/Integrations/IntegrationRegistry.php(50): do_action('woocommerce_blo...', Object(Automattic\WooCommerce\Blocks\Payments\PaymentMethodRegistry))
#17 /var/www/html/wp-includes/class-wp-hook.php(341): Automattic\WooCommerce\Blocks\Integrations\IntegrationRegistry->initialize('')
#18 /var/www/html/wp-includes/class-wp-hook.php(365): WP_Hook->apply_filters(NULL, Array)
#19 /var/www/html/wp-includes/plugin.php(522): WP_Hook->do_action(Array)
#20 /var/www/html/wp-settings.php(742): do_action('init')
#21 /var/www/html/wp-config.php(139): require_once('/var/www/html/w...')
#22 /var/www/html/wp-load.php(50): require_once('/var/www/html/w...')
#23 /var/www/html/wp-cron.php(46): require_once('/var/www/html/w...')
#24 {main}
  thrown in /var/www/html/wp-content/plugins/woocommerce-epayco-api/src/Hooks/Authentication.php on line 25
[29-Mar-2026 18:57:30 UTC] Error en la respuesta de la API de ePayco, código de estado: 503
[29-Mar-2026 19:01:32 UTC] Error en la respuesta de la API de ePayco, código de estado: 503
[29-Mar-2026 19:06:15 UTC] Error en la respuesta de la API de ePayco, código de estado: 503
[29-Mar-2026 19:06:30 UTC] PHP Fatal error:  Uncaught Exception: ID del pedido no válido en la llamada a read_multiple() in /var/www/html/wp-content/plugins/woocommerce/src/Internal/DataStores/Orders/OrdersTableDataStore.php:1357
Stack trace:
#0 /var/www/html/wp-content/plugins/woocommerce/src/Internal/DataStores/Orders/OrdersTableDataStore.php(1342): Automattic\WooCommerce\Internal\DataStores\Orders\OrdersTableDataStore->read_multiple(Array)
#1 /var/www/html/wp-content/plugins/woocommerce/includes/class-wc-data-store.php(159): Automattic\WooCommerce\Internal\DataStores\Orders\OrdersTableDataStore->read(Object(WC_Order))
#2 /var/www/html/wp-content/plugins/woocommerce/includes/abstracts/abstract-wc-order.php(141): WC_Data_Store->read(Object(WC_Order))
#3 /var/www/html/wp-content/plugins/woocommerce-epayco-api/src/Hooks/Order.php(272): WC_Abstract_Order->__construct('802026032904464...')
#4 /var/www/html/wp-content/plugins/woocommerce-epayco-api/src/Hooks/Order.php(159): Epayco\Woocommerce\Hooks\Order->getMetaboxData(Object(Automattic\WooCommerce\Admin\Overrides\Order))
#5 /var/www/html/wp-includes/class-wp-hook.php(341): Epayco\Woocommerce\Hooks\Order->Epayco\Woocommerce\Hooks\{closure}(Object(Automattic\WooCommerce\Admin\Overrides\Order))
#6 /var/www/html/wp-includes/class-wp-hook.php(365): WP_Hook->apply_filters('', Array)
#7 /var/www/html/wp-includes/plugin.php(522): WP_Hook->do_action(Array)
#8 /var/www/html/wp-content/plugins/woocommerce/src/Internal/Admin/Orders/Edit.php(180): do_action('add_meta_boxes_...', Object(Automattic\WooCommerce\Admin\Overrides\Order))
#9 /var/www/html/wp-content/plugins/woocommerce/src/Internal/Admin/Orders/PageController.php(352): Automattic\WooCommerce\Internal\Admin\Orders\Edit->setup(Object(Automattic\WooCommerce\Admin\Overrides\Order))
#10 /var/www/html/wp-content/plugins/woocommerce/src/Internal/Admin/Orders/PageController.php(368): Automattic\WooCommerce\Internal\Admin\Orders\PageController->prepare_order_edit_form()
#11 /var/www/html/wp-content/plugins/woocommerce/src/Internal/Admin/Orders/PageController.php(167): Automattic\WooCommerce\Internal\Admin\Orders\PageController->setup_action_edit_order()
#12 /var/www/html/wp-includes/class-wp-hook.php(341): Automattic\WooCommerce\Internal\Admin\Orders\PageController->handle_load_page_action('')
#13 /var/www/html/wp-includes/class-wp-hook.php(365): WP_Hook->apply_filters('', Array)
#14 /var/www/html/wp-includes/plugin.php(522): WP_Hook->do_action(Array)
#15 /var/www/html/wp-admin/admin.php(242): do_action('load-woocommerc...')
#16 {main}
  thrown in /var/www/html/wp-content/plugins/woocommerce/src/Internal/DataStores/Orders/OrdersTableDataStore.php on line 1357
[29-Mar-2026 19:07:49 UTC] PHP Warning:  Undefined variable $test_mode_link_src in /var/www/html/wp-content/plugins/woocommerce-epayco-api/templates/public/checkout/pse-checkout.php on line 55
[29-Mar-2026 19:07:49 UTC] PHP Warning:  Undefined variable $test_mode_link_src in /var/www/html/wp-content/plugins/woocommerce-epayco-api/templates/public/checkout/ticket-checkout.php on line 59
[29-Mar-2026 19:07:49 UTC] PHP Warning:  Undefined variable $test_mode_link_src in /var/www/html/wp-content/plugins/woocommerce-epayco-api/templates/public/checkout/daviplata-checkout.php on line 59
[29-Mar-2026 19:09:18 UTC] PHP Fatal error:  Uncaught Exception: ID del pedido no válido en la llamada a read_multiple() in /var/www/html/wp-content/plugins/woocommerce/src/Internal/DataStores/Orders/OrdersTableDataStore.php:1357
Stack trace:
#0 /var/www/html/wp-content/plugins/woocommerce/src/Internal/DataStores/Orders/OrdersTableDataStore.php(1342): Automattic\WooCommerce\Internal\DataStores\Orders\OrdersTableDataStore->read_multiple(Array)
#1 /var/www/html/wp-content/plugins/woocommerce/includes/class-wc-data-store.php(159): Automattic\WooCommerce\Internal\DataStores\Orders\OrdersTableDataStore->read(Object(WC_Order))
#2 /var/www/html/wp-content/plugins/woocommerce/includes/abstracts/abstract-wc-order.php(141): WC_Data_Store->read(Object(WC_Order))
#3 /var/www/html/wp-content/plugins/woocommerce-epayco-api/src/Hooks/Order.php(272): WC_Abstract_Order->__construct('832026032919082...')
#4 /var/www/html/wp-content/plugins/woocommerce-epayco-api/src/Hooks/Order.php(159): Epayco\Woocommerce\Hooks\Order->getMetaboxData(Object(Automattic\WooCommerce\Admin\Overrides\Order))
#5 /var/www/html/wp-includes/class-wp-hook.php(341): Epayco\Woocommerce\Hooks\Order->Epayco\Woocommerce\Hooks\{closure}(Object(Automattic\WooCommerce\Admin\Overrides\Order))
#6 /var/www/html/wp-includes/class-wp-hook.php(365): WP_Hook->apply_filters('', Array)
#7 /var/www/html/wp-includes/plugin.php(522): WP_Hook->do_action(Array)
#8 /var/www/html/wp-content/plugins/woocommerce/src/Internal/Admin/Orders/Edit.php(180): do_action('add_meta_boxes_...', Object(Automattic\WooCommerce\Admin\Overrides\Order))
#9 /var/www/html/wp-content/plugins/woocommerce/src/Internal/Admin/Orders/PageController.php(352): Automattic\WooCommerce\Internal\Admin\Orders\Edit->setup(Object(Automattic\WooCommerce\Admin\Overrides\Order))
#10 /var/www/html/wp-content/plugins/woocommerce/src/Internal/Admin/Orders/PageController.php(368): Automattic\WooCommerce\Internal\Admin\Orders\PageController->prepare_order_edit_form()
#11 /var/www/html/wp-content/plugins/woocommerce/src/Internal/Admin/Orders/PageController.php(167): Automattic\WooCommerce\Internal\Admin\Orders\PageController->setup_action_edit_order()
#12 /var/www/html/wp-includes/class-wp-hook.php(341): Automattic\WooCommerce\Internal\Admin\Orders\PageController->handle_load_page_action('')
#13 /var/www/html/wp-includes/class-wp-hook.php(365): WP_Hook->apply_filters('', Array)
#14 /var/www/html/wp-includes/plugin.php(522): WP_Hook->do_action(Array)
#15 /var/www/html/wp-admin/admin.php(242): do_action('load-woocommerc...')
#16 {main}
  thrown in /var/www/html/wp-content/plugins/woocommerce/src/Internal/DataStores/Orders/OrdersTableDataStore.php on line 1357
[29-Mar-2026 19:11:37 UTC] Error en la respuesta de la API de ePayco, código de estado: 503
[29-Mar-2026 19:12:43 UTC] PHP Fatal error:  Uncaught Exception: ID del pedido no válido en la llamada a read_multiple() in /var/www/html/wp-content/plugins/woocommerce/src/Internal/DataStores/Orders/OrdersTableDataStore.php:1357
Stack trace:
#0 /var/www/html/wp-content/plugins/woocommerce/src/Internal/DataStores/Orders/OrdersTableDataStore.php(1342): Automattic\WooCommerce\Internal\DataStores\Orders\OrdersTableDataStore->read_multiple(Array)
#1 /var/www/html/wp-content/plugins/woocommerce/includes/class-wc-data-store.php(159): Automattic\WooCommerce\Internal\DataStores\Orders\OrdersTableDataStore->read(Object(WC_Order))
#2 /var/www/html/wp-content/plugins/woocommerce/includes/abstracts/abstract-wc-order.php(141): WC_Data_Store->read(Object(WC_Order))
#3 /var/www/html/wp-content/plugins/woocommerce-epayco-api/src/Hooks/Order.php(272): WC_Abstract_Order->__construct('832026032919082...')
#4 /var/www/html/wp-content/plugins/woocommerce-epayco-api/src/Hooks/Order.php(159): Epayco\Woocommerce\Hooks\Order->getMetaboxData(Object(Automattic\WooCommerce\Admin\Overrides\Order))
#5 /var/www/html/wp-includes/class-wp-hook.php(341): Epayco\Woocommerce\Hooks\Order->Epayco\Woocommerce\Hooks\{closure}(Object(Automattic\WooCommerce\Admin\Overrides\Order))
#6 /var/www/html/wp-includes/class-wp-hook.php(365): WP_Hook->apply_filters('', Array)
#7 /var/www/html/wp-includes/plugin.php(522): WP_Hook->do_action(Array)
#8 /var/www/html/wp-content/plugins/woocommerce/src/Internal/Admin/Orders/Edit.php(180): do_action('add_meta_boxes_...', Object(Automattic\WooCommerce\Admin\Overrides\Order))
#9 /var/www/html/wp-content/plugins/woocommerce/src/Internal/Admin/Orders/PageController.php(352): Automattic\WooCommerce\Internal\Admin\Orders\Edit->setup(Object(Automattic\WooCommerce\Admin\Overrides\Order))
#10 /var/www/html/wp-content/plugins/woocommerce/src/Internal/Admin/Orders/PageController.php(368): Automattic\WooCommerce\Internal\Admin\Orders\PageController->prepare_order_edit_form()
#11 /var/www/html/wp-content/plugins/woocommerce/src/Internal/Admin/Orders/PageController.php(167): Automattic\WooCommerce\Internal\Admin\Orders\PageController->setup_action_edit_order()
#12 /var/www/html/wp-includes/class-wp-hook.php(341): Automattic\WooCommerce\Internal\Admin\Orders\PageController->handle_load_page_action('')
#13 /var/www/html/wp-includes/class-wp-hook.php(365): WP_Hook->apply_filters('', Array)
#14 /var/www/html/wp-includes/plugin.php(522): WP_Hook->do_action(Array)
#15 /var/www/html/wp-admin/admin.php(242): do_action('load-woocommerc...')
#16 {main}
  thrown in /var/www/html/wp-content/plugins/woocommerce/src/Internal/DataStores/Orders/OrdersTableDataStore.php on line 1357
[29-Mar-2026 19:16:26 UTC] PHP Parse error:  syntax error, unexpected token "*" in /var/www/html/wp-content/plugins/woocommerce-epayco-api/src/Hooks/Order.php on line 170
[29-Mar-2026 19:16:26 UTC] PHP Notice:  La función _load_textdomain_just_in_time ha sido llamada <strong>de forma incorrecta</strong>. La carga de traducciones para el dominio <code>woocommerce</code> se activó demasiado pronto. Esto suele indicar que algún código en el plugin o tema se está ejecutando antes de tiempo. Las traducciones deben cargarse en la acción <code>init</code> o más tarde. Por favor, visita <a href="https://developer.wordpress.org/advanced-administration/debug/debug-wordpress/">Depuración en WordPress</a> para más información. (Este mensaje se añadió en la versión 6.7.0.) in /var/www/html/wp-includes/functions.php on line 6131
[29-Mar-2026 19:16:29 UTC] PHP Parse error:  Unclosed '{' on line 24 does not match ')' in /var/www/html/wp-content/plugins/woocommerce-epayco-api/src/Hooks/Order.php on line 170
[29-Mar-2026 19:16:29 UTC] PHP Notice:  La función _load_textdomain_just_in_time ha sido llamada <strong>de forma incorrecta</strong>. La carga de traducciones para el dominio <code>woocommerce</code> se activó demasiado pronto. Esto suele indicar que algún código en el plugin o tema se está ejecutando antes de tiempo. Las traducciones deben cargarse en la acción <code>init</code> o más tarde. Por favor, visita <a href="https://developer.wordpress.org/advanced-administration/debug/debug-wordpress/">Depuración en WordPress</a> para más información. (Este mensaje se añadió en la versión 6.7.0.) in /var/www/html/wp-includes/functions.php on line 6131
[29-Mar-2026 19:16:30 UTC] PHP Parse error:  Unclosed '{' on line 24 does not match ')' in /var/www/html/wp-content/plugins/woocommerce-epayco-api/src/Hooks/Order.php on line 170
[29-Mar-2026 19:16:30 UTC] PHP Notice:  La función _load_textdomain_just_in_time ha sido llamada <strong>de forma incorrecta</strong>. La carga de traducciones para el dominio <code>woocommerce</code> se activó demasiado pronto. Esto suele indicar que algún código en el plugin o tema se está ejecutando antes de tiempo. Las traducciones deben cargarse en la acción <code>init</code> o más tarde. Por favor, visita <a href="https://developer.wordpress.org/advanced-administration/debug/debug-wordpress/">Depuración en WordPress</a> para más información. (Este mensaje se añadió en la versión 6.7.0.) in /var/www/html/wp-includes/functions.php on line 6131
[29-Mar-2026 19:16:33 UTC] PHP Parse error:  Unclosed '{' on line 24 does not match ')' in /var/www/html/wp-content/plugins/woocommerce-epayco-api/src/Hooks/Order.php on line 170
[29-Mar-2026 19:16:33 UTC] PHP Notice:  La función _load_textdomain_just_in_time ha sido llamada <strong>de forma incorrecta</strong>. La carga de traducciones para el dominio <code>woocommerce</code> se activó demasiado pronto. Esto suele indicar que algún código en el plugin o tema se está ejecutando antes de tiempo. Las traducciones deben cargarse en la acción <code>init</code> o más tarde. Por favor, visita <a href="https://developer.wordpress.org/advanced-administration/debug/debug-wordpress/">Depuración en WordPress</a> para más información. (Este mensaje se añadió en la versión 6.7.0.) in /var/www/html/wp-includes/functions.php on line 6131
[29-Mar-2026 19:16:36 UTC] PHP Parse error:  Unclosed '{' on line 24 does not match ')' in /var/www/html/wp-content/plugins/woocommerce-epayco-api/src/Hooks/Order.php on line 170
[29-Mar-2026 19:16:36 UTC] PHP Notice:  La función _load_textdomain_just_in_time ha sido llamada <strong>de forma incorrecta</strong>. La carga de traducciones para el dominio <code>woocommerce</code> se activó demasiado pronto. Esto suele indicar que algún código en el plugin o tema se está ejecutando antes de tiempo. Las traducciones deben cargarse en la acción <code>init</code> o más tarde. Por favor, visita <a href="https://developer.wordpress.org/advanced-administration/debug/debug-wordpress/">Depuración en WordPress</a> para más información. (Este mensaje se añadió en la versión 6.7.0.) in /var/www/html/wp-includes/functions.php on line 6131
[29-Mar-2026 19:16:36 UTC] PHP Parse error:  Unclosed '{' on line 24 does not match ')' in /var/www/html/wp-content/plugins/woocommerce-epayco-api/src/Hooks/Order.php on line 170
[29-Mar-2026 19:16:36 UTC] PHP Notice:  La función _load_textdomain_just_in_time ha sido llamada <strong>de forma incorrecta</strong>. La carga de traducciones para el dominio <code>woocommerce</code> se activó demasiado pronto. Esto suele indicar que algún código en el plugin o tema se está ejecutando antes de tiempo. Las traducciones deben cargarse en la acción <code>init</code> o más tarde. Por favor, visita <a href="https://developer.wordpress.org/advanced-administration/debug/debug-wordpress/">Depuración en WordPress</a> para más información. (Este mensaje se añadió en la versión 6.7.0.) in /var/www/html/wp-includes/functions.php on line 6131
[29-Mar-2026 19:17:05 UTC] Error en la respuesta de la API de ePayco, código de estado: 503
[29-Mar-2026 19:22:42 UTC] Error en la respuesta de la API de ePayco, código de estado: 503
[29-Mar-2026 19:25:14 UTC] PHP Fatal error:  Uncaught Exception: ID del pedido no válido en la llamada a read_multiple() in /var/www/html/wp-content/plugins/woocommerce/src/Internal/DataStores/Orders/OrdersTableDataStore.php:1357
Stack trace:
#0 /var/www/html/wp-content/plugins/woocommerce/src/Internal/DataStores/Orders/OrdersTableDataStore.php(1342): Automattic\WooCommerce\Internal\DataStores\Orders\OrdersTableDataStore->read_multiple(Array)
#1 /var/www/html/wp-content/plugins/woocommerce/includes/class-wc-data-store.php(159): Automattic\WooCommerce\Internal\DataStores\Orders\OrdersTableDataStore->read(Object(WC_Order))
#2 /var/www/html/wp-content/plugins/woocommerce/includes/abstracts/abstract-wc-order.php(141): WC_Data_Store->read(Object(WC_Order))
#3 /var/www/html/wp-content/plugins/woocommerce-epayco-api/src/Hooks/Order.php(275): WC_Abstract_Order->__construct('832026032919082...')
#4 /var/www/html/wp-content/plugins/woocommerce-epayco-api/src/Hooks/Order.php(160): Epayco\Woocommerce\Hooks\Order->getMetaboxData(Object(Automattic\WooCommerce\Admin\Overrides\Order))
#5 /var/www/html/wp-includes/class-wp-hook.php(341): Epayco\Woocommerce\Hooks\Order->Epayco\Woocommerce\Hooks\{closure}(Object(Automattic\WooCommerce\Admin\Overrides\Order))
#6 /var/www/html/wp-includes/class-wp-hook.php(365): WP_Hook->apply_filters('', Array)
#7 /var/www/html/wp-includes/plugin.php(522): WP_Hook->do_action(Array)
#8 /var/www/html/wp-content/plugins/woocommerce/src/Internal/Admin/Orders/Edit.php(180): do_action('add_meta_boxes_...', Object(Automattic\WooCommerce\Admin\Overrides\Order))
#9 /var/www/html/wp-content/plugins/woocommerce/src/Internal/Admin/Orders/PageController.php(352): Automattic\WooCommerce\Internal\Admin\Orders\Edit->setup(Object(Automattic\WooCommerce\Admin\Overrides\Order))
#10 /var/www/html/wp-content/plugins/woocommerce/src/Internal/Admin/Orders/PageController.php(368): Automattic\WooCommerce\Internal\Admin\Orders\PageController->prepare_order_edit_form()
#11 /var/www/html/wp-content/plugins/woocommerce/src/Internal/Admin/Orders/PageController.php(167): Automattic\WooCommerce\Internal\Admin\Orders\PageController->setup_action_edit_order()
#12 /var/www/html/wp-includes/class-wp-hook.php(341): Automattic\WooCommerce\Internal\Admin\Orders\PageController->handle_load_page_action('')
#13 /var/www/html/wp-includes/class-wp-hook.php(365): WP_Hook->apply_filters('', Array)
#14 /var/www/html/wp-includes/plugin.php(522): WP_Hook->do_action(Array)
#15 /var/www/html/wp-admin/admin.php(242): do_action('load-woocommerc...')
#16 {main}
  thrown in /var/www/html/wp-content/plugins/woocommerce/src/Internal/DataStores/Orders/OrdersTableDataStore.php on line 1357
[29-Mar-2026 19:26:35 UTC] PHP Fatal error:  Uncaught Exception: ID del pedido no válido en la llamada a read_multiple() in /var/www/html/wp-content/plugins/woocommerce/src/Internal/DataStores/Orders/OrdersTableDataStore.php:1357
Stack trace:
#0 /var/www/html/wp-content/plugins/woocommerce/src/Internal/DataStores/Orders/OrdersTableDataStore.php(1342): Automattic\WooCommerce\Internal\DataStores\Orders\OrdersTableDataStore->read_multiple(Array)
#1 /var/www/html/wp-content/plugins/woocommerce/includes/class-wc-data-store.php(159): Automattic\WooCommerce\Internal\DataStores\Orders\OrdersTableDataStore->read(Object(WC_Order))
#2 /var/www/html/wp-content/plugins/woocommerce/includes/abstracts/abstract-wc-order.php(141): WC_Data_Store->read(Object(WC_Order))
#3 /var/www/html/wp-content/plugins/woocommerce-epayco-api/src/Hooks/Order.php(273): WC_Abstract_Order->__construct('832026032919082...')
#4 /var/www/html/wp-content/plugins/woocommerce-epayco-api/src/Hooks/Order.php(160): Epayco\Woocommerce\Hooks\Order->getMetaboxData(Object(Automattic\WooCommerce\Admin\Overrides\Order))
#5 /var/www/html/wp-includes/class-wp-hook.php(341): Epayco\Woocommerce\Hooks\Order->Epayco\Woocommerce\Hooks\{closure}(Object(Automattic\WooCommerce\Admin\Overrides\Order))
#6 /var/www/html/wp-includes/class-wp-hook.php(365): WP_Hook->apply_filters('', Array)
#7 /var/www/html/wp-includes/plugin.php(522): WP_Hook->do_action(Array)
#8 /var/www/html/wp-content/plugins/woocommerce/src/Internal/Admin/Orders/Edit.php(180): do_action('add_meta_boxes_...', Object(Automattic\WooCommerce\Admin\Overrides\Order))
#9 /var/www/html/wp-content/plugins/woocommerce/src/Internal/Admin/Orders/PageController.php(352): Automattic\WooCommerce\Internal\Admin\Orders\Edit->setup(Object(Automattic\WooCommerce\Admin\Overrides\Order))
#10 /var/www/html/wp-content/plugins/woocommerce/src/Internal/Admin/Orders/PageController.php(368): Automattic\WooCommerce\Internal\Admin\Orders\PageController->prepare_order_edit_form()
#11 /var/www/html/wp-content/plugins/woocommerce/src/Internal/Admin/Orders/PageController.php(167): Automattic\WooCommerce\Internal\Admin\Orders\PageController->setup_action_edit_order()
#12 /var/www/html/wp-includes/class-wp-hook.php(341): Automattic\WooCommerce\Internal\Admin\Orders\PageController->handle_load_page_action('')
#13 /var/www/html/wp-includes/class-wp-hook.php(365): WP_Hook->apply_filters('', Array)
#14 /var/www/html/wp-includes/plugin.php(522): WP_Hook->do_action(Array)
#15 /var/www/html/wp-admin/admin.php(242): do_action('load-woocommerc...')
#16 {main}
  thrown in /var/www/html/wp-content/plugins/woocommerce/src/Internal/DataStores/Orders/OrdersTableDataStore.php on line 1357
[29-Mar-2026 19:27:52 UTC] PHP Parse error:  syntax error, unexpected token "public" in /var/www/html/wp-content/plugins/woocommerce-epayco-api/src/Hooks/Order.php on line 184
[29-Mar-2026 19:27:52 UTC] PHP Notice:  La función _load_textdomain_just_in_time ha sido llamada <strong>de forma incorrecta</strong>. La carga de traducciones para el dominio <code>woocommerce</code> se activó demasiado pronto. Esto suele indicar que algún código en el plugin o tema se está ejecutando antes de tiempo. Las traducciones deben cargarse en la acción <code>init</code> o más tarde. Por favor, visita <a href="https://developer.wordpress.org/advanced-administration/debug/debug-wordpress/">Depuración en WordPress</a> para más información. (Este mensaje se añadió en la versión 6.7.0.) in /var/www/html/wp-includes/functions.php on line 6131
[29-Mar-2026 19:28:03 UTC] PHP Warning:  Undefined variable $border_left_color in /var/www/html/wp-content/plugins/woocommerce-epayco-api/templates/admin/order/payment-status-metabox-content.php on line 19
[29-Mar-2026 19:28:03 UTC] PHP Warning:  Undefined variable $img_src in /var/www/html/wp-content/plugins/woocommerce-epayco-api/templates/admin/order/payment-status-metabox-content.php on line 28
[29-Mar-2026 19:28:03 UTC] PHP Deprecated:  ltrim(): Passing null to parameter #1 ($string) of type string is deprecated in /var/www/html/wp-includes/formatting.php on line 4496
[29-Mar-2026 19:28:03 UTC] PHP Warning:  Undefined variable $alert_title in /var/www/html/wp-content/plugins/woocommerce-epayco-api/templates/admin/order/payment-status-metabox-content.php on line 36
[29-Mar-2026 19:28:03 UTC] PHP Warning:  Undefined variable $alert_description in /var/www/html/wp-content/plugins/woocommerce-epayco-api/templates/admin/order/payment-status-metabox-content.php on line 40
[29-Mar-2026 19:28:03 UTC] PHP Warning:  Undefined variable $sync_button_text in /var/www/html/wp-content/plugins/woocommerce-epayco-api/templates/admin/order/payment-status-metabox-content.php on line 46
[29-Mar-2026 19:28:03 UTC] PHP Warning:  Undefined variable $link in /var/www/html/wp-content/plugins/woocommerce-epayco-api/templates/admin/order/payment-status-metabox-content.php on line 51
[29-Mar-2026 19:28:03 UTC] PHP Deprecated:  ltrim(): Passing null to parameter #1 ($string) of type string is deprecated in /var/www/html/wp-includes/formatting.php on line 4496
[29-Mar-2026 19:28:03 UTC] PHP Warning:  Undefined variable $link_description in /var/www/html/wp-content/plugins/woocommerce-epayco-api/templates/admin/order/payment-status-metabox-content.php on line 55
[29-Mar-2026 19:28:03 UTC] PHP Warning:  Undefined variable $ref_payco in /var/www/html/wp-content/plugins/woocommerce-epayco-api/templates/admin/order/payment-status-metabox-content.php on line 65
[29-Mar-2026 19:28:03 UTC] PHP Warning:  Undefined variable $test in /var/www/html/wp-content/plugins/woocommerce-epayco-api/templates/admin/order/payment-status-metabox-content.php on line 66
[29-Mar-2026 19:28:03 UTC] PHP Warning:  Undefined variable $transactionDateTime in /var/www/html/wp-content/plugins/woocommerce-epayco-api/templates/admin/order/payment-status-metabox-content.php on line 71
[29-Mar-2026 19:28:03 UTC] PHP Warning:  Undefined variable $bank in /var/www/html/wp-content/plugins/woocommerce-epayco-api/templates/admin/order/payment-status-metabox-content.php on line 72
[29-Mar-2026 19:28:03 UTC] PHP Warning:  Undefined variable $ServiceType in /var/www/html/wp-content/plugins/woocommerce-epayco-api/templates/admin/order/payment-status-metabox-content.php on line 72
[29-Mar-2026 19:28:03 UTC] PHP Warning:  Undefined variable $authorization in /var/www/html/wp-content/plugins/woocommerce-epayco-api/templates/admin/order/payment-status-metabox-content.php on line 77
[29-Mar-2026 19:28:03 UTC] PHP Warning:  Undefined variable $ref_payco in /var/www/html/wp-content/plugins/woocommerce-epayco-api/templates/admin/order/payment-status-metabox-content.php on line 78
[29-Mar-2026 19:28:07 UTC] PHP Warning:  Undefined variable $test_mode_link_src in /var/www/html/wp-content/plugins/woocommerce-epayco-api/templates/public/checkout/pse-checkout.php on line 55
[29-Mar-2026 19:28:07 UTC] PHP Warning:  Undefined variable $test_mode_link_src in /var/www/html/wp-content/plugins/woocommerce-epayco-api/templates/public/checkout/ticket-checkout.php on line 59
[29-Mar-2026 19:28:07 UTC] PHP Warning:  Undefined variable $test_mode_link_src in /var/www/html/wp-content/plugins/woocommerce-epayco-api/templates/public/checkout/daviplata-checkout.php on line 59
[29-Mar-2026 19:28:07 UTC] PHP Warning:  Undefined variable $test_mode_link_src in /var/www/html/wp-content/plugins/woocommerce-epayco-api/templates/public/checkout/pse-checkout.php on line 55
[29-Mar-2026 19:28:07 UTC] PHP Warning:  Undefined variable $test_mode_link_src in /var/www/html/wp-content/plugins/woocommerce-epayco-api/templates/public/checkout/ticket-checkout.php on line 59
[29-Mar-2026 19:28:07 UTC] PHP Warning:  Undefined variable $test_mode_link_src in /var/www/html/wp-content/plugins/woocommerce-epayco-api/templates/public/checkout/daviplata-checkout.php on line 59
[29-Mar-2026 19:28:53 UTC] PHP Parse error:  syntax error, unexpected variable "$paymentInfo", expecting "{" in /var/www/html/wp-content/plugins/woocommerce-epayco-api/src/Hooks/Order.php on line 237
[29-Mar-2026 19:28:53 UTC] PHP Notice:  La función _load_textdomain_just_in_time ha sido llamada <strong>de forma incorrecta</strong>. La carga de traducciones para el dominio <code>woocommerce</code> se activó demasiado pronto. Esto suele indicar que algún código en el plugin o tema se está ejecutando antes de tiempo. Las traducciones deben cargarse en la acción <code>init</code> o más tarde. Por favor, visita <a href="https://developer.wordpress.org/advanced-administration/debug/debug-wordpress/">Depuración en WordPress</a> para más información. (Este mensaje se añadió en la versión 6.7.0.) in /var/www/html/wp-includes/functions.php on line 6131
[29-Mar-2026 19:29:02 UTC] PHP Fatal error:  Cannot use try without catch or finally in /var/www/html/wp-content/plugins/woocommerce-epayco-api/src/Hooks/Order.php on line 236
[29-Mar-2026 19:29:02 UTC] PHP Notice:  La función _load_textdomain_just_in_time ha sido llamada <strong>de forma incorrecta</strong>. La carga de traducciones para el dominio <code>woocommerce</code> se activó demasiado pronto. Esto suele indicar que algún código en el plugin o tema se está ejecutando antes de tiempo. Las traducciones deben cargarse en la acción <code>init</code> o más tarde. Por favor, visita <a href="https://developer.wordpress.org/advanced-administration/debug/debug-wordpress/">Depuración en WordPress</a> para más información. (Este mensaje se añadió en la versión 6.7.0.) in /var/www/html/wp-includes/functions.php on line 6131
[29-Mar-2026 19:30:12 UTC] getMetaboxData
[29-Mar-2026 19:30:14 UTC] Error en la respuesta de la API de ePayco, código de estado: 503
[29-Mar-2026 19:30:15 UTC] PHP Warning:  Undefined variable $test_mode_link_src in /var/www/html/wp-content/plugins/woocommerce-epayco-api/templates/public/checkout/pse-checkout.php on line 55
[29-Mar-2026 19:30:15 UTC] PHP Warning:  Undefined variable $test_mode_link_src in /var/www/html/wp-content/plugins/woocommerce-epayco-api/templates/public/checkout/ticket-checkout.php on line 59
[29-Mar-2026 19:30:15 UTC] PHP Warning:  Undefined variable $test_mode_link_src in /var/www/html/wp-content/plugins/woocommerce-epayco-api/templates/public/checkout/daviplata-checkout.php on line 59
[29-Mar-2026 19:30:15 UTC] PHP Warning:  Undefined variable $test_mode_link_src in /var/www/html/wp-content/plugins/woocommerce-epayco-api/templates/public/checkout/pse-checkout.php on line 55
[29-Mar-2026 19:30:15 UTC] PHP Warning:  Undefined variable $test_mode_link_src in /var/www/html/wp-content/plugins/woocommerce-epayco-api/templates/public/checkout/ticket-checkout.php on line 59
[29-Mar-2026 19:30:15 UTC] PHP Warning:  Undefined variable $test_mode_link_src in /var/www/html/wp-content/plugins/woocommerce-epayco-api/templates/public/checkout/daviplata-checkout.php on line 59
[29-Mar-2026 19:31:54 UTC] getMetaboxData
[29-Mar-2026 19:31:56 UTC] PHP Warning:  Undefined variable $test_mode_link_src in /var/www/html/wp-content/plugins/woocommerce-epayco-api/templates/public/checkout/pse-checkout.php on line 55
[29-Mar-2026 19:31:56 UTC] PHP Warning:  Undefined variable $test_mode_link_src in /var/www/html/wp-content/plugins/woocommerce-epayco-api/templates/public/checkout/pse-checkout.php on line 55
[29-Mar-2026 19:31:56 UTC] PHP Warning:  Undefined variable $test_mode_link_src in /var/www/html/wp-content/plugins/woocommerce-epayco-api/templates/public/checkout/ticket-checkout.php on line 59
[29-Mar-2026 19:31:56 UTC] PHP Warning:  Undefined variable $test_mode_link_src in /var/www/html/wp-content/plugins/woocommerce-epayco-api/templates/public/checkout/ticket-checkout.php on line 59
[29-Mar-2026 19:31:56 UTC] PHP Warning:  Undefined variable $test_mode_link_src in /var/www/html/wp-content/plugins/woocommerce-epayco-api/templates/public/checkout/daviplata-checkout.php on line 59
[29-Mar-2026 19:31:56 UTC] PHP Warning:  Undefined variable $test_mode_link_src in /var/www/html/wp-content/plugins/woocommerce-epayco-api/templates/public/checkout/daviplata-checkout.php on line 59
[29-Mar-2026 19:33:10 UTC] Error en la respuesta de la API de ePayco, código de estado: 503
[29-Mar-2026 19:35:22 UTC] PHP Warning:  Undefined array key "x_extra1" in /var/www/html/wp-content/plugins/woocommerce-epayco-api/src/Hooks/Order.php on line 254
[29-Mar-2026 19:35:35 UTC] PHP Warning:  Undefined array key "x_extra1" in /var/www/html/wp-content/plugins/woocommerce-epayco-api/src/Hooks/Order.php on line 254
[29-Mar-2026 19:36:40 UTC] Error en la respuesta de la API de ePayco, código de estado: 503
[29-Mar-2026 19:36:41 UTC] PHP Warning:  Undefined array key "x_extra1" in /var/www/html/wp-content/plugins/woocommerce-epayco-api/src/Hooks/Order.php on line 254
[29-Mar-2026 19:36:54 UTC] PHP Warning:  Undefined array key "x_extra1" in /var/www/html/wp-content/plugins/woocommerce-epayco-api/src/Hooks/Order.php on line 254
[29-Mar-2026 19:37:36 UTC] PHP Warning:  Undefined variable $test_mode_link_src in /var/www/html/wp-content/plugins/woocommerce-epayco-api/templates/public/checkout/pse-checkout.php on line 55
[29-Mar-2026 19:37:36 UTC] PHP Warning:  Undefined variable $test_mode_link_src in /var/www/html/wp-content/plugins/woocommerce-epayco-api/templates/public/checkout/pse-checkout.php on line 55
[29-Mar-2026 19:37:36 UTC] PHP Warning:  Undefined variable $test_mode_link_src in /var/www/html/wp-content/plugins/woocommerce-epayco-api/templates/public/checkout/ticket-checkout.php on line 59
[29-Mar-2026 19:37:36 UTC] PHP Warning:  Undefined variable $test_mode_link_src in /var/www/html/wp-content/plugins/woocommerce-epayco-api/templates/public/checkout/ticket-checkout.php on line 59
[29-Mar-2026 19:37:36 UTC] PHP Warning:  Undefined variable $test_mode_link_src in /var/www/html/wp-content/plugins/woocommerce-epayco-api/templates/public/checkout/daviplata-checkout.php on line 59
[29-Mar-2026 19:37:36 UTC] PHP Warning:  Undefined variable $test_mode_link_src in /var/www/html/wp-content/plugins/woocommerce-epayco-api/templates/public/checkout/daviplata-checkout.php on line 59
[29-Mar-2026 19:42:00 UTC] Error en la respuesta de la API de ePayco, código de estado: 503
[29-Mar-2026 19:50:49 UTC] Error en la respuesta de la API de ePayco, código de estado: 503
[29-Mar-2026 19:51:20 UTC] Error en la respuesta de la API de ePayco, código de estado: 503
